19642
904
26836
2737
31038
36399
79087
94596
87939
77351
98113
31842
74044
12028
42853
87757
43511
1706
91049
94980
31141
83142
82748
87651
31125
12441
62587
45096
30578
28966
79713
10458
26927
89352
82802
91790
41365
87741
33107
31724
4802
27033
53556
95928
90161
14713
81870
84062
24169
50982
21536
57385
50030
79031
44565
67905
48441
92559
32913
45437
19555
42581
91392
65573
64279
38601
97533
26288
84211
66018
88617
64651
59905
52208
68006
42017
10773
17175
64920
55291
95120
29015
68734
81353
61153
79347
42164
87297
50978
41279
86836
65933
87268
79088
65731
18037
62558
17217
91999
73316
51722
11234
63588
10997
74493
79180
21521
1924
43922
72211
6783
81160
42417
46976
877
41827
45342
26321
10134
90151
89110
15028
79535
28632
19976
76413
86918
22858
99318
38459
26757
54166
76997
57600
82152
52192
86690
43310
6761
61523
97979
54415
23176
29447
6948
60875
94196
55767
96980
19533
40001
9452
66859
70401
54563
7946
50865
30628
6571
89749
34367
41726
96574
38520
38895
48892
96454
59635
5900
47194
17395
95703
5064
55866
24629
51836
37978
95748
14612
69666
58637
97910
29466
54788
69424
30183
57774
97226
16761
61578
3894
24734
25384
9071
26494
49524
84695
81
20126
59697
66691
86633
64898
97124
87817
6479
26889
33338
47723
25177
99901
97052
63618
99328
42174
93611
65207
83770
23406
77601
20912
14954
39341
18768
61870
54436
97811
81075
39606
56517
85738
47273
29063
15556
98055
5306
14626
88915
21773
95731
46011
75720
55560
35080
33086
94962
30647
72977
74352
31377
49877
24291
63804
63722
86083
12834
10753
52997
79249
62009
59232
39999
36095
13171
65520
90274
30509
98785
27694
43138
70294
52593
80724
81604
94764
59955
4715
40521
73950
3352
15908
70166
68492
93083
39365
66972
57424
83631
25710
46179
82687
17999
52694
47754
42570
63783
15961
65729
82582
13438
6232
76542
8471
44610
29178
79949
53190
62873
27110
41281
45013
24867
44065
82469
66
78022
62240
19805
51544
27395
68437
53081
40069
38460
14076
76655
27562
90532
52132
59297
60319
9338
42799
36062
30894
46254
85337
45922
93070
84525
86007
16038
577
66866
78161
95867
76864
11175
88860
58034
47460
87432
11438
12593
22779
52383
12237
14388
48981
19139
53426
94784
73280
51444
12357
31526
78425
74414
55060
46184
82860
84993
8616
64589
98490
97868
82279
41756
15325
88461
37252
56974
17870
59615
26885
46093
90508
17566
81721
94806
87019
70753
40124
17160
40947
38201
9350
12120
37721
10557
85974
17941
24773
72339
71943
59200
56765
96391
74765
25097
11204
24103
32595
60675
79524
58532
93087
73423
66274
3731
52401
33364
81713
40900
74105
98709
11743
54020
4045
25962
28000
44358
57890
34870
19919
52094
36201
50283
12818
45271
1388
78639
55847
2421
64107
15856
20615
55245
62089
38060
3279
65870
27909
20701
19841
73255
20334
71730
89522
55656
50687
43258
64785
3374
7650
90132
24277
93227
97818
35318
16988
7092
48784
21303
10554
20939
33778
48993
18011
31980
92527
76925
5114
52904
4924
88239
90129
28061
44500
27883
53391
36360
49426
82788
57548
37225
62205
79434
45661
62621
27755
75311
44836
10231
43931
96594
7353
67478
84452
73402
64955
85608
10087
50356
26840
71593
8651
1449
24942
50645
69543
24382
78035
52519
15652
78748
22208
40610
685
50048
7771
54773
71905
12663
99823
28317
71502
1366
24975
62593
73101
96515
99711
14081
43408
26246
75862
48131
86415
31804
50606
68787
10784
78945
64829
15910
56351
79965
7885
51299
32951
44716
84162
22998
68887
234
71993
24903
77914
99095
64452
69886
68533
97541
30948
87252
72657
46655
50616
78960
68834
58695
80785
49879
25392
33487
6390
37568
8020
38954
9817
5325
26906
26664
1263
32152
11986
62303
69478
847
67972
43259
65628
81408
97446
33025
85027
29038
56383
36693
26748
32355
8213
84330
44057
36195
10466
25138
36750
77976
12993
76062
42951
22218
4852
84742
92598
91053
27
69177
44153
16424
35077
47782
30337
67338
60371
10682
61887
1828
66869
37242
59785
65503
56237
59523
832
25597
23226
27713
1622
48584
60709
5227
61508
94332
32920
82120
37908
68724
48398
52431
82516
41772
25065
45465
10902
39200
89069
19357
29210
36147
9785
41195
25875
19638
16303
8820
56863
35511
58466
24935
60049
40634
27001
70773
22888
79399
7200
56296
17836
7175
56453
58589
37705
31236
34569
42989
75554
95615
30053
97673
11390
82992
85408
97703
64391
31383
8283
66582
48261
3252
49849
99521
78478
61627
27847
6866
39062
24281
53685
66545
32093
97138
62115
74268
8120
46694
47835
8509
91695
71358
83493
87339
74434
70704
86628
63089
19249
95953
27133
47291
47757
36119
35500
84250
16539
5631
75305
93999
62853
97450
53635
22911
16757
42118
43560
87187
62535
27400
12829
39766
76938
28915
85141
33121
50275
22511
38666
28533
69964
28299
8299
82240
54688
9187
87224
87405
85443
90587
86273
69328
7003
25783
66037
45921
83577
44661
65661
72127
91811
60505
92974
59078
27169
39902
9865
21059
99697
9760
85163
19625
53477
39617
25194
95830
14606
60044
81344
23902
18000
43115
74475
70552
35148
55898
79149
90692
8707
74032
76066
74208
71199
45776
7375
79767
43368
83329
46305
55586
49557
29916
6384
84526
78846
27273
58905
36288
9315
64294
14663
19937
5443
96526
4287
8576
23057
42888
35071
79300
96800
50778
52607
17680
47050
24051
46581
43471
2778
69208
95145
20614
16111
75939
14167
83726
76421
40659
57499
63419
3703
88698
41315
44104
8472
156
56798
2927
6970
18249
44694
62359
91845
21589
4836
96193
76865
8878
40734
16311
85076
48741
29050
91927
14072
69639
23886
45961
35285
57268
71929
10758
31371
30293
73012
95500
50762
45722
19641
33335
47515
44189
63127
49354
64875
52053
23986
97339
51990
4722
3077
24744
22992
53033
41727
91079
3401
56372
47488
84615
85924
20369
99084
37319
15610
8222
52027
19819
1307
13233
39551
7044
71669
84978
91655
80962
91514
93006
53915
83096
78350
79536
11715
30285
24783
67892
90754
29651
79616
13504
66815
76735
81110
5563
42393
96579
91523
9915
10931
79919
8240
15222
18593
50099
66725
56756
81505
58972
27704
64983
97740
67778
35923
74422
89733
66542
20326
11710
39536
30892
70932
63260
92111
54999
37154
82838
90049
67301
11805
77132
68485
11507
76318
73295
79796
89886
21653
34219
87629
17634
90680
54284
77915
28488
20626
97269
19365
78007
38505
6347
24578
13989
97546
63360
69071
24870
72150
66706
40511
16286
8298
98279
37003
51182
65792
75457
70297
29966
78582
62875
18007
59922
87663
68778
98950
25909
95993
38281
45426
89137
97291
49048
30035
19794
81370
96570
38466
87484
41386
22367
94660
39572
56770
8843
73219
11933
86787
83149
47321
70705
8065
60119
38702
44442
16932
64103
53429
1830
35599
78495
58861
17700
25233
17152
87180
44070
135
50760
19732
75053
79169
68451
526
29332
63133
44293
88396
24693
16282
92510
9419
79756
81469
76528
71724
63919
33306
93456
47422
70683
80937
92600
81716
62928
7308
21779
12600
33210
72120
77389
64435
63017
41831
56059
76422
94454
14318
63630
63577
56362
21224
1596
43637
76203
76889
11533
53341
79489
27985
56116
74844
17946
51975
38468
62484
97796
47307
19240
81063
53769
71002
12285
34667
98154
59558
77507
41521
82996
7205
37358
83596
71955
71536
54326
44766
79346
7706
2739
30814
28521
95771
35355
22221
47625
15799
59811
52975
76217
27948
62536
5504
19918
37277
17487
90204
71323
32183
38188
83811
18479
28703
29290
40624
33691
75822
48268
97960
89156
38329
89858
67109
20606
78990
21498
87496
79792
83164
43176
38751
8257
33823
66288
61356
91795
66048
63619
95760
80559
67952
83670
82863
92383
82778
99648
64273
96801
6265
82695
9385
80777
13316
67455
24653
23817
15129
52299
89588
11744
8632
75288
59948
44007
53009
87206
95012
98909
43860
65548
29155
16063
69465
71395
29546
51839
63077
2557
94931
28893
80893
39182
57524
25557
86761
93182
64595
82303
51124
53447
64455
44990
69330
75703
69331
82822
39113
31768
79917
19403
67406
73863
44061
50722
78250
50210
59661
95116
58995
96843
43599
74331
26877
57736
2808
31015
86526
95568
61830
63867
25191
25220
90466
17479
95662
25069
34855
64233
9940
12866
37994
64602
16765
27702
42274
22560
75348
39481
42230
47589
92063
18889
76416
10542
4485
92606
27083
93000
78665
95003
44203
67244
36785
26439
22626
8054
79790
73088
83429
64064
17255
67593
896
36373
54885
70592
39863
39440
71114
15110
79501
46406
7452
10348
24241
69102
14331
19671
10286
19721
33793
79533
11049
50724
95180
26104
43991
79896
10459
19399
99493
41381
76451
35898
4558
43761
63226
92413
51080
78704
72305
79262
59830
85625
84704
72764
95756
54973
79969
84044
56546
40493
21232
70272
95334
630
51944
39857
21223
56878
43367
45586
36323
36233
44709
12661
5151
43088
11212
43430
36165
61717
29724
92081
41640
55857
17059
16778
93740
28532
41801
2015
17451
22112
29866
77730
36143
69479
20332
1150
72025
74154
41758
40217
76239
19877
99421
39643
33770
97968
88202
32847
17771
74064
90463
15766
19510
29316
40937
44145
39239
62395
29362
10980
66946
71506
11326
30630
4444
3912
66697
88928
25687
72579
86872
19426
60809
16854
71713
57119
87236
91244
5691
36345
62691
34944
22457
39985
74286
9482
87922
85804
9390
5150
6570
25063
43857
51466
4740
63831
50441
8436
22096
56515
13701
5320
85703
34879
59446
78518
5702
49267
69398
55593
34205
57717
93746
88099
2281
33183
39422
17664
9023
44770
81670
91634
66000
82411
97341
68145
42528
1881
97965
21765
24194
52467
57035
56908
26045
47272
88463
39510
99553
89330
51098
84380
86429
74289
9939
43849
34782
89067
45637
9886
91976
15755
27345
9147
75889
17967
82066
1226
8725
24380
33684
26252
78088
94516
62510
8777
65905
99139
67127
42403
970
6792
73984
11126
3486
67004
59718
4597
39884
74509
32008
75334
62919
99702
84481
89055
22049
84320
49073
13639
5657
60803
18862
28845
69553
21369
59336
91896
55731
13690
94259
11169
83282
68188
78339
99609
62717
30487
55175
46227
39594
74213
68335
43992
89653
12732
91532
68196
61025
25314
28139
23565
93313
58141
95910
83972
96224
52206
38186
47786
62811
99300
81124
13597
10349
32285
24806
20558
88451
67092
27269
86572
29766
79703
90716
28906
6325
44192
7674
60283
78015
23836
62134
86682
5441
57348
25919
20848
75363
76525
5832
94815
83590
24347
54393
60834
99218
27314
36008
5236
72779
64049
14084
15093
53606
90159
6335
27435
53282
63148
94983
60490
12115
57631
87346
79208
57863
81738
73252
74777
98271
27406
78249
38594
39432
46576
33835
1612
69408
96481
95777
95480
64247
68811
3410
95193
13083
61674
64935
11016
69012
54401
29558
27667
44051
89693
5564
18405
50236
74381
26413
88503
70654
9921
74959
95788
73254
18260
67622
76377
61465
3393
5972
45038
67144
79881
49217
3989
92176
68905
92548
29751
32113
67205
81460
57963
24412
37391
55103
74510
41582
9949
47536
96293
15231
97690
29197
14671
67596
45622
822
66788
62489
63727
12809
76730
30927
81694
97966
90004
33826
33159
30152
5996
4971
11297
77699
48815
61776
78856
23683
55695
94628
53780
63421
46342
32986
42011
94011
56064
83929
9323
98918
53036
49202
29854
99791
6392
84225
37916
19564
42143
47010
79086
47918
67866
6353
36837
11079
60061
5360
74579
21720
16121
18691
36279
57601
93287
68421
53745
37311
38223
51782
22060
3145
52909
10638
44834
66521
48056
17997
93877
83035
56885
18282
92291
44108
95295
82644
4370
71827
5706
24934
2843
49219
65624
42364
94233
35205
300
74522
40881
98106
98230
69423
48868
57716
54479
31242
1731
8749
57059
10632
57150
8599
1802
88542
29504
61711
49028
21879
51675
40481
55270
52493
94919
17649
81281
32223
93190
33349
38862
31240
9846
79567
60261
5047
29978
95514
90937
91404
13601
6005
48685
66248
61810
2854
83731
47523
75218
65475
80382
65045
97405
48810
24654
54602
64073
97295
90023
16537
68828
32180
57888
49305
9279
95493
87880
14508
42266
36513
93441
53486
31850
89790
65376
46137
7790
85234
90108
46314
25925
41179
95560
74160
76406
52848
22706
38835
15156
56705
27732
44307
96960
6642
21510
34935
82238
73790
80709
99299
40852
55370
88121
71173
32797
74620
17954
89195
29606
72053
34619
40607
40617
76054
77407
72936
23548
6303
31333
68673
26082
11593
45897
28285
9708
58773
58285
2656
6551
67512
92913
4023
54175
84303
86990
92823
647
26936
82299
92177
96796
62843
44303
85871
793
94600
74723
74640
18237
41553
72088
94120
66496
24365
33947
52706
57588
36132
73298
13837
40396
22953
8875
24866
82911
46590
68023
37142
99522
65891
3112
84077
13207
96204
19724
74912
92582
43957
14055
92214
6258
84983
9969
14293
29661
57421
7115
25345
80394
67591
6260
12714
99926
92643
11283
87537
33890
11158
90152
54606
11893
9210
5824
81749
22903
19943
66925
62708
59091
13002
83132
78419
94508
68935
65642
38351
94635
92348
13411
17503
78218
41788
75126
98844
82436
58225
73715
51069
33115
75036
82591
54873
7615
3267
62061
63167
49971
54430
17295
37827
37189
55665
78903
88951
30202
84891
87738
18869
58260
25051
38833
96070
34065
43086
75753
73392
7113
43948
87311
96965
23846
50993
63328
66652
86475
9441
29126
52128
59738
6962
42217
21997
20240
70413
11934
31056
54530
15360
36099
92715
70391
27328
57977
6153
13304
20682
25371
92171
29875
28936
46408
78908
95021
57752
65009
20867
88742
27779
98751
61085
63406
89054
36860
91435
89854
11256
30418
19909
74900
93858
76307
76278
16684
62409
3856
22296
16381
52864
1264
68745
84181
33731
85587
2561
26826
57454
20395
53315
73366
20370
86006
62439
14264
46396
79627
12525
8121
1840
636
23415
75585
36900
79704
36907
51674
94063
17185
32504
51885
67298
78045
49276
87887
24523
8287
86932
11615
99606
79108
19350
25185
57417
44764
94388
80302
54308
72514
4600
724
39808
73090
24411
82781
4068
45891
82920
10413
56150
28514
67419
7182
67781
21189
42203
15504
28350
65299
47027
78402
35633
84241
96194
90422
51513
17510
83767
4576
57354
65569
483
60224
8583
26217
27057
51118
19253
73644
87109
90901
30506
81473
31168
44573
29796
36012
66469
64024
1501
70911
31482
53523
25996
18433
92572
80355
59883
73674
89458
31241
14187
40350
54197
22716
3384
91232
67169
87210
61232
38668
98912
98243
51715
31363
63273
96976
71965
43523
24018
79641
61496
95330
48779
71429
69422
41480
3732
64543
81400
7293
65104
80312
55734
42236
91780
89524
81608
85440
38482
789
72697
7163
10448
22569
33993
84576
34246
55681
58301
22355
46927
60543
57436
5964
98089
5338
26509
22942
72346
97506
90525
27263
52449
71040
10418
67324
27000
85426
1544
12443
21361
27687
76642
16010
63426
57013
53924
64762
82470
1357
40978
44374
56105
74476
2733
14644
77035
13472
82180
17141
36588
96715
66516
66696
63519
63445
80811
16259
59432
3040
75500
75667
57476
75600
75072
60255
38745
27665
20715
12127
86751
46268
38053
29114
80491
10985
23236
61256
59780
18309
36298
26978
57592
49753
77834
33294
44671
74140
56141
5344
45886
83689
2877
81307
1242
22295
54352
69927
41472
63368
91991
1232
72949
53343
3546
31765
21555
66195
37832
56022
51324
69529
42264
70264
35575
38049
39601
85611
8833
56959
68040
37896
49828
7861
55903
75459
37988
62969
92620
77372
74845
44734
92858
15609
93754
19596
82742
25032
79114
21421
2976
77723
35455
78926
23136
82423
13608
51047
15558
58292
48206
25570
81544
96912
4276
68753
24063
16454
57681
56655
57577
73309
65129
34710
89430
2479
53293
18312
73931
18718
1098
95785
65252
90707
26949
43290
18700
6721
40173
89363
80592
17072
13303
8506
92712
6502
61054
3167
21231
15188
35214
51373
70350
82204
59556
88783
97509
36305
33923
87658
62769
53688
97905
42409
53679
36421
57807
14696
45704
77424
74107
39812
33486
62053
68840
31615
19593
65678
88962
61292
76732
59221
38864
96320
4054
37215
95574
24829
60510
3889
10417
78850
38676
64225
16255
40456
68609
8549
58209
47045
1267
36939
48520
82223
14221
7135
76082
74694
96900
85574
3438
93583
75097
90999
70307
65273
29624
4616
9014
2188
8281
57979
23697
15079
46534
74897
25955
81259
1162
14847
21683
29202
29465
26498
7277
7181
10880
35050
6224
85124
33755
64521
99107
36004
21652
73576
53463
5409
20445
79472
24892
72830
93549
18840
51612
95339
7220
79828
39134
32448
98916
60516
48233
12736
4728
84057
95457
47729
41577
56855
61327
92204
49638
38287
88714
92242
46426
38582
35709
68583
56827
31854
72101
73812
70241
66460
32994
96529
92789
85651
68192
57210
99707
74018
46316
13502
13260
73993
77258
38167
41152
3063
78108
24419
85673
54705
73307
84791
17465
72457
41606
59892
66491
12467
69297
60509
22051
97578
57944
28137
13483
96822
91504
7388
55955
15239
64764
23381
93311
82150
78211
21958
33324
55093
26307
78802
89450
59691
10500
77334
79897
8895
73810
59916
55761
93346
80057
53319
72809
85688
57289
27461
58680
13680
15113
66470
41684
82459
83869
81595
64744
42957
51981
96973
20033
74501
82575
65487
54484
98269
28440
15938
17360
44754
63296
50916
3140
42713
13967
62546
7796
9183
54844
80929
30872
4823
5807
27617
61620
56683
77409
82292
82122
15745
77331
89149
16713
71647
56268
74715
8486
38854
61850
33356
88733
20074
12550
38931
39846
99234
1760
97553
68736
414
9942
45638
25186
51565
44813
45289
59164
82964
3266
35646
74796
46972
1092
70563
8986
97455
55360
12121
14668
9341
74495
49338
97562
22877
14349
6729
58296
35266
64527
34230
46052
95744
1745
94738
60802
8865
19756
11412
21553
33134
88386
71555
27772
99954
22837
21371
38461
53211
79988
26831
93156
37388
91946
5007
41803
57067
51920
31378
85479
81612
61926
49650
2941
33412
68608
19495
22343
8348
87203
85524
50583
82265
59457
65315
73396
75130
36962
91358
40936
5149
23552
47406
22011
39579
11776
80161
49493
92107
54493
37981
44162
61821
48477
86066
67769
10203
38902
94217
35548
2626
40244
48980
95591
27905
51698
49901
54974
894
54291
13628
65121
44484
40418
95902
75384
29676
76127
6420
68863
4037
98690
38590
77477
11723
25655
90345
82310
63877
92513
87358
26018
47547
14814
70345
39391
39125
31817
14198
80267
56126
20385
58770
87348
3375
70948
69799
74946
83970
18318
1788
44224
76103
92612
50842
84374
70838
63972
90415
78296
3943
26758
86133
51856
25772
43045
54122
92172
650
52520
31089
22283
22849
73888
8130
9842
60027
25267
17853
27691
36761
36281
90967
37239
34328
11693
52276
27580
48989
17613
69059
23591
50956
84373
25561
93599
34601
62214
64939
31655
31485
23593
55553
44218
25555
31390
35628
8101
37169
5893
19037
28021
7213
3148
63987
62512
22923
16705
30127
546
66062
62142
75787
95018
30389
61699
13141
17278
92546
48190
11465
38266
41102
70427
2328
27655
90067
2631
28754
75168
67213
26683
95889
42869
58224
47311
77565
259
17497
90721
16340
61310
246
85895
50301
90266
67223
12692
92601
28004
8939
20155
23807
81774
22574
99808
119
60899
64076
49526
24643
11803
90978
65854
22377
65485
82743
1695
94261
72567
58091
86660
48281
58372
85750
5005
80910
93672
87480
19289
62003
19214
23632
31763
66282
21229
91066
80291
99292
91265
6873
83610
84148
30308
23559
69622
51172
75157
39157
10493
15890
86938
53735
15315
2783
97323
90252
53352
22450
17294
19305
11229
3690
39048
76284
13830
45246
18430
27860
62829
10653
12942
21918
16970
11118
57379
13820
71111
23291
60767
3333
8536
18072
86991
33911
76310
45588
70265
6142
32738
90377
90427
44982
80746
14271
67558
32428
61778
52102
42039
54577
55592
43269
9360
98427
81484
66765
81753
99933
56729
35075
1630
89020
25013
88352
42583
97576
16821
74717
1535
48661
94100
67761
57884
3541
17734
72035
46533
17335
88173
7140
70642
6256
98284
1479
28172
45143
51623
42320
51853
78967
3777
2734
76037
69611
352
36477
88311
22077
67549
2093
60754
24731
28700
25230
25641
9463
22315
56197
26117
69945
96189
30967
8303
9692
17007
80949
80671
13075
84222
28300
70628
64891
73086
60669
67770
39826
94695
18943
95520
82259
54823
36578
58788
68697
96364
41520
92365
60210
30290
62525
26663
4011
61375
47843
76478
11440
56004
49233
53736
46649
39092
46835
12465
92193
90939
57534
96158
6100
45914
64882
81490
46323
17279
7310
68454
38733
38988
80875
63074
96541
66577
947
88274
96141
23286
26287
61472
65431
2993
58678
86933
88533
7124
48658
77402
14688
5249
96372
68979
7836
37349
1867
96044
39908
68763
25530
38667
72869
95951
5552
10130
24939
80510
40589
29348
42707
37009
41456
50761
93886
63396
68075
10815
88245
26812
5182
95228
35404
16607
80352
18281
40829
80733
51825
3009
3826
59519
8185
55716
85973
14998
70622
62492
17508
20378
42986
14334
62863
74602
51059
21614
76189
15691
29074
71325
63052
68655
14651
30343
68630
17782
85948
77271
42586
59891
13883
83190
89163
33603
22395
34504
94663
42663
33506
96298
77987
39782
56328
27633
58780
36
35302
32607
90331
89227
89732
47829
10488
56232
54546
42938
25915
66332
71153
6174
21900
40485
47842
18263
70810
14106
15363
38263
50925
1754
38616
43017
9009
68916
95391
51470
53619
20401
22578
55524
81221
21272
4096
89959
47324
22068
42524
10270
55045
93837
19018
60594
42690
12049
18489
68330
68577
15080
346
22635
45123
36768
79286
75030
41614
27501
96361
9442
22990
27558
73257
44330
84322
4695
41868
75052
47285
80541
13812
56201
32442
29479
62249
81169
5378
93202
17794
47369
37824
1377
2390
19703
19677
1943
56519
36371
43016
54641
7405
79056
33701
80633
39180
70861
33697
16399
21613
83313
65263
44911
10639
22562
7400
34258
64970
61405
73325
39426
76742
12360
9897
31674
78596
18408
94933
77547
4781
94380
81044
88157
81237
34276
44667
38645
872
37668
39337
94798
81818
55797
42233
24139
58430
32184
23248
5856
39181
20952
64691
90581
31905
1786
99169
92323
21214
15927
59586
77577
42540
88946
55941
94450
47280
40096
622
15847
74909
48365
67084
74355
18240
67816
2427
31471
51969
83289
99462
98981
41861
36227
29883
24476
65474
57637
63253
97858
87166
35304
10118
3848
98037
33648
38893
89124
72507
99888
91543
89060
34066
95194
36367
20447
70415
22277
32402
76074
99875
68790
43216
64661
93630
16992
34653
24340
51090
34557
33014
97629
27414
7366
20002
52988
69729
93033
33784
88360
40333
81331
23241
41104
35198
98148
93396
98906
44942
30557
30439
66442
71687
55224
70133
29822
92574
79669
3099
10114
92693
46886
72143
87709
60643
87014
14532
38918
41015
36486
52573
8550
61575
19531
78257
78401
82101
97502
6459
37803
33986
65728
95856
98114
60970
69444
19818
90727
83911
42460
47330
45651
72884
45817
73667
82006
36072
24607
97034
20932
84686
4937
64219
9751
22147
31712
98689
16573
7672
44740
37933
30994
89821
29358
57542
92434
78971
44184
67522
27846
30792
37980
53197
31192
18766
99975
18197
84082
36144
53672
92593
89201
64488
52883
22024
91455
65990
41791
49071
82369
70237
6337
14882
33002
74896
9782
34999
9220
35534
10283
16204
76426
81715
16460
67143
55611
7517
16813
61827
96704
47649
68220
97369
78427
83797
13595
35756
15340
21436
25242
86076
16882
93597
34872
28366
99610
68539
34087
86457
17045
64942
15070
6666
84627
37989
96216
47450
88057
17119
75237
68384
92068
29001
81420
38654
30651
40279
25517
37763
73898
24548
92037
73354
50788
20282
98736
27362
6365
34523
31834
25777
42578
47584
91755
89632
83318
3637
86957
85048
26500
82081
9960
91591
97549
22920
61542
92810
55311
87139
42089
16645
16394
32578
47891
19297
21550
70582
77068
63878
30431
73146
35566
45610
12449
73135
41523
22263
70880
88991
28417
97234
98626
78348
59373
71970
61408
19154
26939
24857
37113
52587
58843
45291
32647
45260
87404
67320
252
58622
59776
26567
89689
64355
60616
81993
16588
2514
48947
21777
64079
61477
13294
40685
46864
82196
97153
57851
1208
61209
89426
6223
73631
47469
45882
18795
27963
50633
94058
11097
28565
59588
10530
81558
28609
10463
15417
94592
61940
75697
37378
16081
13738
18213
1188
74241
58293
52042
79918
97613
4899
43301
69861
64046
54845
32495
10158
86898
14873
46324
78675
15844
26891
98571
35439
22801
94112
27492
52608
86338
10505
90386
87280
63030
30091
5399
49903
81776
69203
23614
5322
12481
48041
59013
70930
54894
97382
97885
614
10331
81827
27012
7967
10911
75207
81129
78115
70535
68336
22486
20514
79013
48667
12074
95986
21832
62498
38312
43544
58013
54743
13274
27444
7146
25825
79545
60249
94237
96144
32864
67180
46729
17580
67536
31814
29785
5087
51215
49250
41753
76854
89611
44751
46044
20723
58315
94273
66885
41147
95711
41635
37909
39739
85843
72255
85690
37536
39553
42615
15640
4634
91322
26148
26843
13217
95428
66064
81566
84286
49002
48364
71651
95434
68375
4763
32066
68205
9139
1539
76374
50307
52365
45762
38698
15760
33581
20233
89324
64571
71037
28096
63545
39678
66830
60381
50449
43754
47688
49940
83962
88218
91600
40003
15276
64493
97343
16766
13673
80542
89409
17907
74784
248
46854
90554
71374
88814
36875
89660
65564
51239
53698
29699
5890
81541
22190
39665
42215
26841
72251
92611
85495
2375
90991
19431
34630
72834
6983
42136
80148
77139
36641
1552
4503
98684
25176
25775
71314
89553
68493
57820
53820
62123
90123
66074
44013
77963
88212
48017
52494
45030
736
54847
82809
77371
54098
86049
42722
63890
26039
24263
94331
14966
9790
26577
38464
49210
1423
88585
45493
26481
92901
70848
66041
11829
8830
39603
26330
89293
8163
62551
85407
37612
50091
31196
1805
8393
75197
27789
56793
77944
2389
34457
78428
35622
47451
49101
39942
58781
13401
48531
36848
38310
31848
92753
82465
34462
11993
46292
64430
18737
84333
95298
36917
63784
2497
87944
86735
79191
57377
69321
52679
34359
46381
75777
90259
48002
65087
93574
81127
81880
49394
49617
42842
50432
32899
8813
22949
95343
38906
17458
47706
42363
79547
30323
1278
97725
96390
22933
74200
66465
21836
26083
32337
71550
60545
50964
65547
97496
12315
2881
87564
47033
8857
38038
798
25272
39610
27648
94813
47526
16730
30669
13868
82865
58460
54750
67276
98630
89851
49191
98763
22495
42793
42745
33177
86688
62885
19433
41935
95332
2862
44543
6926
9932
99816
13204
68595
20787
38491
25070
90035
19813
44837
24824
62363
69993
93855
72784
3377
52103
95224
80360
77375
90173
38324
37051
50429
25993
78188
16797
22260
59660
30227
3881
76928
92047
61597
75935
29999
31304
23976
24732
8957
16861
15840
3460
41453
90890
18576
24385
83380
83427
89728
34248
46141
72104
7575
48340
90736
49880
60081
53846
13523
49452
5798
4114
94518
75666
12100
49343
63874
10762
62096
36901
97497
93420
59744
35714
5445
84054
44556
31829
14751
96368
98726
92891
8663
19888
74391
54631
35703
85499
3844
65625
25625
30000
92358
7187
99683
32043
48614
70712
67484
19915
4804
91821
90146
56717
86876
76280
16525
57550
63772
92487
40180
30228
91059
72934
41768
8178
43424
65148
88187
58703
20313
8307
64748
33751
55942
48768
17874
74778
50848
13576
79457
56549
90433
90603
66349
77156
83237
34690
76964
46166
52150
369
14380
58673
53141
32322
39679
81976
53400
43338
94572
10695
8934
10768
56164
67965
20477
10765
31298
618
57188
23524
70101
51581
44283
13048
40991
88512
42168
66494
46889
54567
8400
86914
73362
23144
84945
47179
67630
30106
185
65593
49916
80104
96684
10602
90628
78507
29059
97986
74354
2411
48381
3612
55427
74695
13399
36643
96674
40477
7662
87324
22371
43701
34212
90645
51519
51747
59140
18948
89825
1230
3885
80801
55678
82354
18719
41199
35670
38017
75920
5842
1960
33285
91357
37420
65089
66120
2211
38019
3053
17532
15091
8463
47624
56402
6568
20013
71956
97070
11670
86154
85292
92160
11707
48557
2113
10884
86672
67103
76195
65662
4284
96926
6266
90118
73717
32665
88777
77072
56231
50162
91187
2688
15849
29961
63028
35340
57842
68158
39571
54710
85880
79077
84723
19310
9275
76787
78164
51882
44963
74664
88151
65961
70927
48719
48587
85081
56780
47638
69310
32655
76134
11436
99921
82846
193
43648
2702
67931
35831
49189
44296
5348
65497
25284
7882
8153
69818
34227
95763
73901
17987
44193
95673
14588
95302
47397
10085
72925
2798
69696
20145
87933
17051
77753
25122
38907
29614
86010
74378
2033
13773
18910
31985
68182
53969
98823
79315
86332
74860
86426
73422
36850
78196
79901
26700
51716
26452
34740
71043
69838
95977
33892
15390
19913
27960
36906
68522
30809
41837
13402
59581
25160
47237
24083
45952
28373
6105
89906
32501
90650
20484
46844
98985
23688
48081
90124
19343
11956
21508
87539
53267
3109
42241
40204
1049
61441
85009
45282
92480
95906
41561
60660
35836
81571
20525
48513
59112
6
66094
34428
57187
69834
97754
35493
59337
62301
67941
44350
58174
38381
21429
30265
76458
69970
33913
70071
97712
38725
10396
93436
27674
87670
9859
19447
22047
99714
67026
49754
40758
94704
42847
80077
55685
63528
50974
73237
34866
99694
51809
69401
6858
72398
80894
554
12753
88768
68588
3607
71112
47034
34820
15779
37480
61988
5271
67334
38438
84503
97951
74408
26167
28571
10041
1994
86905
53671
53077
96673
66197
73372
81964
41702
19344
24024
88722
88475
33008
65598
95388
21170
71458
41964
53209
36478
38421
12695
1077
96134
49099
91925
46611
99550
42368
60209
15835
70653
42088
46598
6584
66563
13069
34626
3235
86865
97170
62950
77466
80823
16657
65375
22151
77188
61159
23123
42782
55431
30050
1975
18181
67784
99388
80560
52446
91545
95821
35490
62975
2648
3298
16509
71370
7677
54685
36332
59355
74864
14424
83116
76349
16928
55639
35431
62901
31656
92007
86128
46774
16025
31787
39475
99340
51406
18959
60247
14235
49078
86118
81450
82098
75526
16760
17725
52741
38741
58611
53503
39559
58517
12716
99461
96199
72807
2883
85430
63355
78633
85222
88468
99895
67164
44313
42916
97981
86301
59969
73524
8198
18002
74533
87353
76405
90685
48792
47578
81361
93216
53300
41655
64027
17960
37541
45592
55845
56464
49987
11867
91277
2148
94586
32941
41317
76565
80655
95078
32685
31055
17302
16696
32783
79811
85783
61432
364
20389
51954
82241
14407
35130
86673
12584
56921
72068
27836
8090
31766
37488
68970
5204
9518
69156
725
36190
28743
16365
45484
22868
84714
64783
18096
56238
59102
81823
71545
76900
31984
84309
11209
58881
37818
1668
29471
18067
49325
98743
18875
91875
50423
63536
58577
33842
81680
90497
22053
15189
83575
6383
50886
23966
26670
10906
9048
7893
7637
5789
40233
67420
78845
38115
18635
90823
61985
65105
11331
51912
31094
10998
1554
75426
45738
32350
77293
1157
5389
47969
99432
47517
87380
41327
50977
77374
32931
11839
32592
1887
95452
10808
41349
25896
91364
91237
39973
62125
42425
34873
10341
18966
73137
96780
33853
78510
28239
5155
71135
1474
65929
7350
76398
24342
17646
12305
65455
68430
77154
75155
2416
26244
52632
83516
23709
60166
33988
96027
95050
20362
12409
98405
50923
16459
98183
74681
89485
59397
22470
5944
69413
92857
42742
24815
47309
37652
94392
95769
33618
87195
93290
94822
60527
23723
47148
3064
28575
26275
74057
8956
21535
28547
12794
22052
9228
51640
13224
77657
93138
8897
86935
5834
29622
10213
70209
57829
41833
55132
8497
69353
97862
99367
69682
39245
2171
19617
61703
39223
48707
77983
29673
42996
69033
95536
72208
61003
14306
82930
59559
81399
44256
95467
97639
29959
62000
51521
9569
91496
81261
11471
423
20804
76094
79084
79153
37138
16943
58455
45931
16936
69053
16165
72724
72912
59111
50521
70607
53858
40525
82902
41473
5026
11582
38641
14201
10607
91900
21321
67868
68216
34747
7839
41338
34291
88859
20221
86112
71508
66677
26449
73857
96709
33245
55383
47572
40437
59578
72903
48064
6639
20772
32832
95305
99209
90144
274
27410
83995
41364
47221
19643
72608
80212
77833
18451
29897
92049
51871
36531
66416
50532
22639
62697
78346
14554
58468
86205
84212
6565
27911
54639
85278
16547
21003
96493
79
23448
51802
41920
38547
95610
97263
54441
68128
2639
56876
48874
25943
96728
72515
49108
35427
34924
12613
97508
72009
93643
94795
39280
35961
77254
64366
24636
80868
9026
43436
35791
52773
93060
94611
39096
9235
14511
75873
72050
95872
9488
58504
35996
60989
91379
40414
62913
29500
44109
24180
58138
44996
31616
67038
64836
41460
5938
72184
25352
85340
42268
81560
33266
10336
89397
92981
60325
91547
59405
50139
35090
4963
45180
11789
94330
29756
55693
8786
24479
46843
22432
78316
44169
60021
5904
99163
34973
72431
47762
12861
58570
8911
32498
62084
2156
30955
29858
17171
35887
98566
75081
72106
8858
82654
80392
61028
23334
1762
45210
28009
14621
30662
11030
54102
12297
87963
37838
27784
35223
23174
77675
43952
65528
77425
39992
39533
59275
43917
66234
80882
70565
20116
45188
5774
30988
40925
1090
3640
27069
21049
91329
80258
80354
66894
31464
30857
57650
64373
82052
22000
88131
49239
22146
25464
56017
12533
8275
55038
42539
9828
22724
94734
72788
62237
52717
95156
27357
17951
28667
66446
66508
30364
33510
90829
11521
44404
36981
24515
11053
17552
54905
62480
44961
22766
95667
24087
77906
35882
6411
93626
33154
24779
68076
51261
42162
21581
90813
42367
69766
16310
41311
16719
74550
96833
24152
27769
15787
4926
81937
15074
33846
89541
39004
62387
59604
34470
93916
22918
86111
15427
96090
65533
91284
32198
48696
2776
7555
11730
3256
51352
10402
58249
16544
20582
67418
36584
91385
51807
22720
65780
80099
26687
55011
60682
11313
9917
78252
5072
99317
15111
13439
60292
14396
6976
20687
75630
49182
9218
29188
19001
75010
81642
97738
74790
79465
17520
839
61901
49554
91858
7996
36406
77157
43764
31931
79453
83172
7349
88010
47736
45835
44406
88139
12962
1950
46706
60729
68713
86616
33421
19281
42067
5727
75194
35505
29930
94837
70633
69794
74410
46409
97391
34141
62920
81310
64528
77809
18556
56789
78154
57915
33907
38614
76917
74791
94568
32746
93343
58
72614
96311
93551
32669
21281
28180
20818
21338
57931
95523
86600
82622
26388
3769
18625
91396
74206
77397
89639
44409
91537
70585
43256
88305
61330
52662
77797
9906
17377
29777
95292
87072
9612
60104
24956
1919
24341
86597
43561
5527
87308
87997
47259
84379
55967
15539
41410
5785
73741
12631
19646
64541
36554
33689
84720
65359
774
14278
35957
17644
65298
2373
44872
49044
6758
61987
85350
83049
52750
5960
61263
28204
81229
65861
3466
79944
92050
47332
54453
77063
24513
16552
22832
93648
13975
64099
74726
69000
75089
43583
96151
4482
7481
20545
34255
73081
59627
45909
69885
80053
55411
58092
41068
38504
26466
77341
2663
2225
8413
84755
94969
16444
74942
44103
82745
86215
53351
44947
84649
90329
24287
76160
25108
81761
32347
50717
74943
59368
49139
44884
3382
71427
36158
9311
88967
77345
55821
84999
38503
40030
12853
39956
51115
98149
97368
36128
44572
41874
94020
84012
38840
84864
67782
61268
87073
70418
43653
66797
22262
57835
57961
60691
99445
59793
23949
16964
45263
96465
8466
16029
90718
51818
7928
82980
38940
53146
99764
28921
16199
29003
2923
55403
1468
95023
64600
83432
47961
32038
89192
16251
30025
25052
77781
98257
1045
888
17385
76352
7256
60246
70954
62420
26323
34989
5085
35722
77621
80898
65181
40050
45497
75345
40432
42016
51320
32574
38843
48338
87342
37171
54841
45409
90879
75266
80027
2244
93744
75952
95519
22669
23687
93884
55480
39307
62988
62584
14731
29302
2293
70336
96762
2619
66711
18426
47556
51236
75156
77602
38359
61686
11228
28971
38958
39291
44148
58211
16546
32929
28098
11403
81316
44511
74205
29149
40510
52336
93086
51455
16238
81849
8382
6682
49509
49822
73813
74986
18501
29298
83201
2381
8270
89355
79005
64534
26232
60031
40982
42400
90690
67922
6668
94849
7951
94810
97470
8000
12824
10280
99622
63569
88446
40653
98494
46107
6213
34915
28589
91617
20992
384
2774
95311
18934
46944
41073
88718
88205
14319
46359
69870
29807
71276
81373
12203
21036
46986
99486
73297
89914
2125
95041
56809
298
23377
12512
25106
88794
30367
47064
30526
76781
72661
11692
83084
12832
23227
51925
30208
81581
21604
85231
84911
8612
23303
66535
57024
45352
84430
66589
7302
16567
73709
94759
30703
74586
45155
22085
68632
80398
86847
44122
98139
71742
87811
77356
48369
38408
83332
44829
4164
16196
2787
13955
7218
7948
81833
17591
72357
30525
51144
17033
57549
8389
44992
65415
34361
92801
70478
88611
2717
31379
97547
65241
68582
97424
62719
90164
62711
61373
26420
56684
34753
58679
34822
65603
87197
7563
64302
19519
16731
25701
52660
54578
78049
36955
30432
1504
54834
84305
44530
84026
5336
80319
93545
8787
58971
20011
95594
57815
16838
57675
49685
32017
16192
14096
64260
88981
29019
13391
70099
91261
62616
34564
33085
62583
5850
36965
71489
61633
40633
41724
21425
85492
75356
7731
75471
36763
27642
98774
82029
47664
45966
43675
58258
56381
3478
71425
21107
13846
57866
2212
51901
90688
11100
78361
7910
76638
35619
77755
2178
25732
73216
87853
67960
26428
27150
72399
26778
82094
80617
96178
49802
29773
82954
34214
11580
4915
79388
50392
53781
20290
16308
14879
71483
67548
72533
36800
29308
17784
45312
47518
7761
15909
95379
20157
88726
3332
71477
68624
17645
97963
25939
82829
49414
1523
17285
75144
21048
10967
21799
50180
89514
23801
35450
45380
68460
12935
17756
20479
54656
77474
20907
61172
32201
27670
4051
10728
29782
28750
88438
81424
90038
83384
17668
89717
23348
21986
89323
44012
97707
12752
58305
45019
49534
34642
22717
79006
44245
15665
55148
25894
2853
45440
91599
96567
66302
22176
79162
54014
10525
62729
73498
60872
16291
40264
72159
14912
67956
11123
74251
37583
45991
21523
58809
60090
10121
52887
88272
31874
2155
44649
2477
90516
17785
47005
70371
97300
17763
32065
4001
62186
53573
85277
74753
82780
54248
25231
52656
24423
92519
18839
61160
35589
22282
88682
73558
96500
50340
51845
94598
3215
98878
83197
19463
27023
78612
74215
53471
11960
26838
77578
19910
2727
39178
19862
88568
93525
42186
89121
8528
16055
86194
65663
48585
13694
82141
503
42687
20616
60694
31183
68761
49192
26548
97363
479
4625
52601
90390
76031
62241
7336
76397
23704
38111
14662
42929
38620
76434
77177
73253
50401
71846
55425
90641
59981
44554
39928
22690
7070
3169
87394
66544
69723
2805
57192
82062
45859
75816
54218
38348
23648
33678
15261
99454
10185
65968
44753
14500
73951
27568
61424
46180
39221
6108
6825
76472
96018
31626
78159
27146
89440
38293
94510
71481
99177
63094
20539
68286
22498
13578
80683
3657
50453
12205
70008
79105
36479
47436
84439
17720
16182
9825
70405
61372
10679
73233
81733
6552
75425
53799
81293
14567
20727
24431
34063
75741
61852
71071
36856
70356
19363
76394
85157
93816
66775
23826
36529
25702
16748
79325
34314
97058
93536
48611
26461
76348
76664
82021
66998
56829
32468
56545
71072
73147
69690
17376
98722
99444
86442
56303
39101
83942
36372
53163
64598
20247
47626
21797
70938
78941
22727
26165
81613
13910
33743
57329
5719
60724
74963
63932
86658
2097
32100
7119
62678
29908
99667
51657
41346
3594
65199
9822
2716
95539
6946
69938
36187
12951
55228
56108
82538
48179
23879
19840
75058
31618
28043
48795
70352
63418
46654
99541
97163
61240
2524
63490
20243
53035
86942
59243
88127
27631
33302
2672
29160
52941
72158
2822
13039
42046
64853
16450
88664
87189
3277
27144
82329
64039
95230
71607
28391
22870
91671
72940
67879
94562
95370
41888
69931
10192
85806
50875
69697
23389
59027
52330
61362
42371
84931
10674
92459
43193
16094
67543
401
1495
77950
45525
36441
32106
24669
88329
99535
40540
4986
13693
1920
24458
92156
9963
73926
79768
60153
92505
2091
51781
68423
90530
19355
4053
85763
65544
54267
13471
95100
18566
12482
4734
99016
24236
85886
39859
42113
70333
4144
53476
3128
48294
38769
26359
84555
96066
67052
87580
98664
54713
74508
95461
27845
38291
63856
4777
6740
52180
62816
21761
77113
64560
45686
67732
89083
25764
25101
75435
58689
8001
63591
8871
96798
35019
74261
86877
4047
2489
15273
35750
68640
3003
78490
85882
94318
46925
47325
7685
57152
43381
22633
58458
51145
70346
68190
1835
85040
70956
77223
12828
90994
47569
69043
78436
44327
89500
94122
3200
57779
13404
37221
36476
7278
21882
39602
53591
36622
48283
17833
93428
97393
10876
27037
56530
15621
5200
46918
19117
79521
66886
41156
71944
41319
81978
72263
67762
2143
55712
75708
19168
14196
97573
41387
26355
32906
20423
51619
11669
29218
96539
22337
67280
80011
30158
33516
28311
34547
87103
67462
14942
93971
32956
86210
1496
72267
45255
4381
10191
79950
80340
78783
65900
99370
92152
58000
10123
45175
62515
35457
67840
80860
26357
71269
16150
8652
57672
4807
1266
81406
60376
64999
31124
39941
75570
24909
41666
70775
12643
73430
80081
8332
37224
30416
30910
15542
81356
97191
60898
60109
32580
58837
99723
10990
76805
21954
34483
29240
60126
35368
23199
86189
67833
95588
33877
70589
86080
16959
35964
6979
39171
27359
97011
41266
73700
32358
70002
12477
67116
72658
92324
80663
59756
25209
11871
30299
18698
84588
8052
81232
85239
53515
36679
27483
6295
98439
75653
84251
56747
58607
5328
37851
60282
10684
66693
18226
67812
94622
56513
72010
89473
51625
88068
18870
13253
17200
65769
59031
20825
75443
41245
4336
8004
62192
3821
60257
90557
97208
21247
11619
21948
94792
14305
5406
91042
38818
61087
59423
11237
13806
99205
21191
19496
85171
5704
50341
38256
91968
60003
84610
25768
50022
47557
15026
84256
63786
48492
29969
75172
34499
4588
13216
81995
47707
27232
39764
54732
74835
86136
23732
39301
24173
22204
51679
63143
84123
96671
20296
6603
9379
1674
46142
89713
59921
7656
71019
64879
20654
34927
9424
66596
50066
73018
27685
85470
90863
49381
50782
18049
41118
21782
67503
88543
46995
46357
46224
10595
18206
59245
65672
96490
7770
28054
20483
4683
5758
47289
47169
58068
9856
31685
34016
96702
45951
5743
90307
52532
45690
47844
36815
32733
91838
50104
80583
78360
68658
72526
94044
63921
80056
7332
92349
45760
7746
63390
8464
60798
33505
77169
33598
5647
17647
12400
32129
85151
65772
96306
94499
5949
43753
26110
75614
87725
60212
66636
13709
53870
66949
72611
92004
73431
12641
63190
79626
86084
7926
96930
97146
68646
89079
65554
8801
64746
57448
23500
73348
68782
2185
61289
87692
26251
7897
55025
47036
91650
65538
33690
86276
28551
678
30190
8250
22938
98245
28041
56437
25396
93115
70025
13637
86100
99586
92755
53330
70153
28376
80524
46238
17867
70038
96425
22798
99282
12111
75639
60640
51823
74158
41016
17282
35671
12628
49358
31798
90253
76836
5185
50232
36361
68012
98031
22672
25746
53459
6094
33262
82875
85002
4901
72414
35639
9529
64199
55256
94311
1074
60076
51376
7736
95259
527
8094
92568
5936
46585
28707
72730
63567
12116
47207
17665
28433
44066
55994
17917
26817
85544
72087
16485
53322
12762
16246
80118
14848
12200
8014
11247
54329
86333
69024
72627
51293
58367
32246
27038
12538
36552
8373
52528
13915
95617
52054
579
54236
42292
97927
95055
55526
28600
3531
95693
51404
87560
1930
56025
26182
1798
88499
48990
58109
25666
78558
45311
99499
6636
66455
87355
20312
60413
44343
69264
46896
35910
68263
86121
50410
79021
55052
40274
4699
66782
95575
23014
21831
3303
78598
7035
93866
70461
6832
55810
35873
59270
38586
59034
35460
13744
39325
56279
47218
57057
9388
53469
75233
65614
3739
20281
19024
99868
67152
65519
47880
48548
786
95406
65877
30799
28069
96161
90942
65146
9007
32181
69684
65537
83783
99822
18792
18290
33224
4481
35842
18465
76777
54926
60174
44790
2082
1136
81105
72121
64116
13886
76485
93642
548
97020
28159
83952
46510
68270
66724
71562
19185
67545
98854
3157
66986
87169
42703
87274
73345
92199
9513
48400
38738
33142
99298
84912
51082
78077
23487
74812
29801
24497
70137
51837
3745
46459
3970
30071
45724
93734
10550
99472
81384
80766
76321
54860
66131
5753
31214
33458
88668
62804
75897
60805
8412
38315
75351
14019
44243
46407
79893
36616
99940
55159
8751
81691
77698
53154
36042
39272
49199
61724
99275
14179
67184
36454
89414
68214
66726
19318
49932
5611
27646
28201
91195
2861
10081
22036
23228
33431
24680
4257
98992
94986
8111
94571
95488
91454
22195
52210
63170
32781
20683
56396
17192
3601
41220
55277
93703
88622
36300
89899
51328
66591
95015
87479
83618
76050
62108
77697
38229
55198
42194
20082
33435
27619
37957
79856
79709
16697
12622
53964
58646
16171
11205
93786
43219
4242
31154
22144
63553
97095
79234
93037
7776
4948
96228
58297
11279
9291
60342
62298
18084
2732
42950
85559
12964
1460
58620
8622
75171
40105
96464
81342
53014
67897
51375
83367
19856
19068
68948
9496
83686
20189
8026
90287
83795
20993
85268
27171
74997
99599
51443
41046
68231
40911
1600
90376
65977
25091
22668
68070
75768
72732
79880
14774
61775
20071
45196
96813
10068
49712
97312
89046
90805
72282
12032
50646
53044
6061
3342
4506
66843
38213
99583
79452
95189
17847
42797
6218
98417
89254
54600
84301
71779
95746
37986
86483
26115
58815
13860
70310
62509
93645
38384
17139
44679
60485
37148
43064
6185
4654
26259
74505
78958
77381
8390
23092
68074
7247
96264
31700
57726
13607
51701
20197
63123
48346
41551
40707
17842
19620
67363
92922
152
99255
71889
24564
46503
28636
43627
92691
67370
26541
51106
48525
58688
56572
77922
446
49015
26591
35204
7347
94560
66238
72990
72923
35921
75318
34829
70733
81792
15529
33646
16781
99237
32553
45490
69624
38563
6716
26305
52806
85997
80182
60782
53288
62054
84168
15233
37268
32493
16993
86375
70257
43068
75367
88471
76672
29792
77897
17187
54105
3633
48920
19356
94951
2613
8796
26535
28766
17757
38516
2088
55706
14603
47731
30684
61514
5331
65708
51430
69022
90025
22819
9446
7328
98205
12665
62748
22777
76617
99490
29230
6305
46074
40256
28057
19151
62443
50912
50438
89664
17308
76794
43658
87466
5566
65128
86406
35341
65757
97764
1248
72465
83003
14343
95282
16088
66287
80345
34854
60289
98942
40899
37062
43782
89437
3147
66243
35687
3263
79658
84285
22869
39379
67460
58613
83378
5231
96730
9335
1796
86723
440
45751
30478
72334
17671
5962
15029
427
85891
45319
79871
38545
88382
58397
72578
60574
17741
69403
47652
90585
94270
11676
29633
96714
73251
5689
64105
68087
31641
57307
26878
65449
29416
75332
92541
86244
40771
97376
50640
38026
32598
79089
24861
91043
48269
15099
87657
27281
64414
35251
58732
16145
51448
76898
55826
6208
6493
39340
7528
5846
32179
45681
9853
98231
89481
90796
42502
16123
49007
2605
65012
76976
42480
95318
38240
97737
46482
75170
57667
12231
36722
9689
72837
5973
23030
96899
80189
44645
74810
64587
85821
63949
66483
50752
59951
57551
50675
24042
34777
84963
80704
18740
43162
7477
55954
16413
32474
46002
74379
95861
57425
38809
15758
39371
17888
45091
46378
50899
56960
11380
19480
84324
14244
9280
22135
57983
13935
50958
87848
80043
27518
86331
8147
73198
10964
85300
72804
20935
49477
38005
64436
46689
26998
92042
84013
97677
70900
53860
80347
99773
24338
61786
48424
73227
18455
22875
34343
85516
96073
82077
72840
96608
60857
490
4942
71296
44468
59051
15000
26741
47663
11824
29398
69087
32472
18110
94111
9690
6104
54233
55912
56502
24645
75297
50798
76407
69092
15636
74547
19484
37562
13606
55342
42726
97888
53182
63332
67508
35854
64152
38341
93166
32827
12875
16523
37195
36175
22592
12849
3210
19779
76292
90431
82186
29770
53836
34972
17856
38191
31996
12952
30413
42805
65253
52553
1113
41915
79385
12435
51071
70429
42696
24158
29412
24249
35415
28429
40013
11101
91395
60987
81045
57885
24641
5584
44622
78289
9581
80782
91093
49642
22091
3383
67575
22625
94185
28165
95027
30300
74255
4476
22362
53361
35429
71195
93614
12401
1144
41664
99641
23895
4936
12002
56404
10821
58112
70456
92387
49104
32098
92800
41628
46140
27496
16323
30436
82277
74609
3389
1547
7942
35648
90227
68438
62715
48211
11319
54338
79862
62935
39672
16738
36425
34834
62121
30176
44365
72878
28126
1581
89708
744
84862
97065
88882
61767
42618
62983
6703
50187
54725
22238
2691
88536
27168
46111
21850
94097
68567
43994
54055
79497
83203
99867
19065
31029
81636
3920
45895
77400
32136
17144
11780
67544
55439
60478
89850
6778
16980
63381
12204
91371
47742
81589
39563
12994
94219
29368
53729
15926
79664
13682
26893
56433
12845
20801
41132
20696
61192
52333
53269
94551
65051
92819
18122
43282
29791
76419
89214
78081
93529
61921
54455
93093
49032
91706
7133
78322
22534
45567
90631
54434
56957
21438
89824
99316
55357
44949
54301
16053
20628
12266
77882
30670
8276
39790
33090
39784
57058
72063
36603
95415
27913
82812
70168
24651
62680
87529
58057
79322
76690
30853
51418
71557
4263
38824
1236
41818
17701
48734
24426
35985
14352
68749
24755
27340
34450
14609
3443
53540
57208
51365
81125
11927
26605
68780
45506
64314
10992
8991
22497
45901
39842
18264
19586
60243
9410
66412
22536
97771
88817
10329
76686
63118
21058
31411
26099
1767
94188
38546
76242
17320
31351
82365
91119
54140
51441
66495
87049
58339
98367
31954
73195
4299
90310
77899
44930
92382
68487
90022
81634
80685
41352
19740
14312
80232
68241
48959
15269
1515
83804
69532
98517
28038
1209
13157
14558
72488
77306
84919
76329
19790
27952
73979
72675
43725
32236
58863
55554
12434
5024
27274
67683
41945
88635
90295
75468
95401
64289
65058
81447
10302
72373
56244
73775
19719
79065
26626
31816
19394
41617
52243
63912
54221
43910
28552
81028
42053
42536
65984
60941
75796
51432
44874
42975
76449
53054
75955
90765
29814
14510
20466
49613
41825
80851
81410
75539
36388
99568
58052
37681
35760
19143
61479
6890
98492
73508
21686
44941
26010
60728
23701
46230
87687
62015
52818
84476
69387
70047
1044
10165
93429
60927
56946
91369
83216
64142
9492
86139
44036
51483
47372
37902
80555
51459
78868
62622
67634
20386
5146
18710
2008
48939
67000
60154
8702
91683
6065
99942
64354
71107
59442
67181
65804
492
98717
11793
69255
15115
24352
99684
77646
12995
5928
34968
84904
17897
75271
74146
98332
59677
40240
58949
85584
13311
16635
50095
90314
86074
35138
20160
75195
9241
66044
73230
51291
11299
94929
64176
70685
98129
8407
74804
74298
51274
49883
54832
18008
66441
42839
65920
47271
84238
89068
32799
67195
34119
99285
43555
74754
69790
43041
48394
14282
37731
62215
21300
61406
89736
9628
54398
4489
21461
10195
68109
45880
40690
8572
94869
82017
86747
75331
78256
86946
11307
86868
67491
51681
21674
77097
17813
79516
84559
95051
6945
28129
76739
35366
56511
52173
93553
5676
57010
13648
26721
19828
83298
43214
91970
27573
708
77518
43004
26807
56805
14868
78433
24730
14945
77329
50793
87362
52964
14304
14425
80569
16900
15144
11882
1352
36238
69176
68491
24344
4587
96258
20800
94615
28068
45885
16653
38783
10597
76789
46183
16016
98697
19314
12335
4856
21538
73883
75256
81057
67372
20288
10514
76157
38579
25307
16156
6415
57935
63806
26030
75280
37498
5696
87332
21485
13008
23757
7297
63978
20873
32354
87302
46664
56300
74714
16915
30427
64413
63430
52473
69382
80605
94066
64934
95893
29763
5347
88623
78686
67323
56529
60916
52164
78162
10006
67617
83558
27787
42796
54696
94306
13887
85338
98440
66509
49795
47800
54072
2400
18905
89320
38651
4300
15650
96175
57155
55399
95943
81442
48077
73919
72800
7878
23550
74536
73163
1367
24010
94877
98382
18063
77916
31452
63021
36112
73311
77586
85549
49091
12739
10440
28852
40694
93801
39772
41516
97950
65835
3582
23577
30159
11434
8928
8521
17379
20083
27369
41544
43729
56345
88232
9432
86227
12801
82154
29432
10062
13115
89594
85112
88132
83733
78920
81439
22326
18985
55621
49768
51795
85026
74706
58893
63852
98777
50559
90847
75690
8438
73064
51048
20151
49657
85734
56583
32883
19321
30705
74396
93690
98100
83369
36888
47346
75122
6239
14134
48185
29401
91210
62098
84498
78540
32870
34736
65341
6103
84155
42127
77112
69487
84042
43770
60568
17538
80740
37354
15696
18019
59577
30255
19387
15004
79495
3958
12759
38326
7377
39499
50260
28527
24740
98365
62742
24009
89537
24697
3089
50520
7988
47905
77662
39991
1166
64967
14185
80374
5396
48926
89888
44161
77259
38633
77483
2121
46623
89913
57094
79550
87700
5086
39524
30433
99696
71628
4350
25668
74081
22881
72652
69917
34760
7126
81428
13433
47352
13071
24269
11043
91234
50103
58383
86703
9465
12878
12500
59011
9132
21688
25388
40010
91859
40181
36739
74649
90317
92408
39867
63156
18202
85617
94799
24960
4851
95487
94653
20820
59944
23467
62275
88500
18094
35230
38031
81496
77017
69939
61349
1897
77039
11735
38852
65650
28267
26830
43596
50839
54647
61967
66623
71450
68059
60932
9421
66392
73520
14692
51560
44991
88321
89348
89349
44538
36898
67446
74432
43697
52095
4009
30796
57283
15617
33144
55605
42573
87067
69458
33908
7496
51180
95390
36983
89353
11300
47984
12922
8872
6765
59997
52016
16926
18927
3832
13742
37079
86326
87788
10312
11163
77057
29035
61281
56188
20200
72994
26497
50530
23360
5277
32780
85136
81702
63942
70571
37260
4112
83569
44027
70662
36790
55022
75989
87409
25221
47761
17277
16001
60821
50902
30729
31017
26366
40098
59415
65178
74366
32311
54269
15719
41946
7604
24791
20782
44536
27214
87992
65498
8839
80946
71011
26441
38574
35
66888
54971
20949
94839
49389
64195
35843
23629
3656
33507
63067
67750
93305
94477
78931
34812
37371
71826
57084
14941
79393
69756
60133
26907
67899
72493
80031
25931
71981
47362
41419
88529
13865
73844
12384
19273
18855
71024
62422
23055
52628
59292
71951
65206
15320
85719
5416
89770
20232
46725
60232
49274
28202
15095
89521
9985
34826
5644
79505
75012
36759
95674
93212
3018
12508
41857
59820
51425
28567
52478
89636
18705
30124
29328
62236
21746
17429
91574
70130
5178
40503
82451
53058
84556
60949
57351
39620
46554
95498
46371
79035
17390
59362
87434
37026
59429
53715
9943
64665
14790
81857
91078
90576
26425
33658
65674
14677
44249
34039
39964
39609
49908
453
94103
5077
35617
96637
79870
68683
28844
83054
9438
48130
62406
18769
734
52862
5997
95629
89718
75008
3022
71376
64753
88290
75143
74216
70943
25251
265
2291
39554
83903
27164
2895
5422
84908
90292
45158
2010
90871
35876
92379
67357
85939
4422
65715
96542
45827
34124
81003
46715
52610
50669
14698
50053
97183
88674
75146
82069
92282
42545
7814
74017
79195
82967
70703
86387
16000
44596
45098
64938
62173
94267
82832
63054
3514
29338
23302
24559
79386
94429
23054
48687
44956
81312
19576
44110
52112
29639
43156
31530
303
48908
57244
55785
97714
18090
13484
86025
12225
15939
88509
20641
69243
74100
36005
80201
18565
46076
89174
95034
7709
97591
76521
60450
27652
50877
25886
97
44093
87171
22134
84383
48034
86862
18760
55089
38939
28497
58317
10000
8462
66040
51724
8532
53490
64382
26534
60844
42024
62495
69065
44372
14468
50179
77535
22231
30461
13881
51637
69720
28475
77083
74305
95497
64134
50890
25935
89829
24863
16231
57993
80900
93853
79665
20933
35385
80527
73761
20191
84002
16319
84188
93175
10033
71476
21506
43460
1623
36157
68403
48275
6205
55880
20861
79408
21419
43900
59100
83114
24687
96794
81275
4925
77391
16179
7132
25800
77065
38214
79601
41286
80498
19172
85810
19986
41367
61587
64207
91151
39148
78519
16370
55644
22158
31696
15662
74843
22547
6744
31967
28477
85679
45855
61939
83619
39673
36843
10569
16278
22677
64305
3034
1013
10641
71911
96322
31263
65570
55873
76592
92799
56066
84100
81948
97221
8680
55064
20115
4539
28651
87118
76790
89532
27313
54091
70910
97490
6961
128
58779
35802
35106
60968
13034
17163
84490
99934
81053
43941
42668
86392
95879
33949
73570
67970
85654
29104
31288
13554
13021
31562
8306
99056
81676
20209
91918
95471
89434
26163
89757
19136
85212
18440
77735
25390
68907
21097
84398
66188
57349
84264
46158
82444
1783
8459
6701
52816
29333
82160
70670
33895
68282
91025
88627
48852
21650
82139
4319
36023
31784
39705
35616
64119
10605
19066
98117
35580
17956
91937
42912
59353
91881
16583
27018
65360
33990
23964
54800
38119
48488
37445
46592
86651
9148
49314
95469
55720
48577
64171
88340
129
66802
15184
64450
29555
43415
34938
34694
92192
98946
83363
37547
83301
86391
45307
89010
48593
70992
15707
52856
44233
8770
27981
81810
99018
4632
39818
80019
89834
79327
93726
34949
25399
38970
98999
8259
33372
84489
71630
55187
30468
89564
37421
60720
97800
83292
48671
47420
10538
24367
46350
64906
35972
50574
45247
96893
85347
7929
48409
16420
35381
66694
17345
62092
85944
38949
27125
42463
28003
2812
61779
96873
41879
44952
38481
87863
7079
86261
82312
71720
37606
66184
17760
8620
21595
13287
6371
55794
78632
99994
76353
93927
67341
10704
59463
36660
58879
42275
56491
15728
58128
30802
68974
76546
22623
8483
13790
71962
84461
45286
34692
377
12227
15907
18920
29027
54966
68600
37024
98574
80427
99386
39967
36535
74972
58659
33129
50407
56924
24398
39544
94998
89847
55335
86371
42637
54154
75071
25674
80732
78690
7235
98802
57877
4198
94082
96246
47618
56092
60711
34453
82696
34993
63115
28961
41784
42235
74108
25897
73382
97805
33498
19582
74308
20475
82036
8628
95053
66789
76049
87520
17943
22872
17857
7325
49273
14727
87778
48997
17625
25469
38965
12517
99741
10465
54878
88203
94627
85209
41133
66107
40562
97422
1864
2757
61478
8125
96446
91182
1131
23630
95838
58719
16356
51894
60755
7748
75744
84504
62840
45646
80977
52152
73589
356
91797
14766
2614
52209
26777
43364
18205
41560
84635
90473
52213
45443
80490
78677
66851
86734
59547
99361
91960
57380
75888
27046
6362
25254
93214
37058
67961
57133
90699
53750
53220
98339
51780
91495
50683
86674
76669
99197
46326
24255
77310
89789
84242
83143
47467
72296
51475
36014
864
82713
38652
76108
59400
28361
31881
82634
82565
28557
13425
68234
26464
20496
78292
43109
66912
73803
51630
67086
61964
62035
68842
46818
16889
40501
3240
17327
31876
94136
61403
2100
30393
37041
67864
22958
87424
2005
12948
48662
30663
89228
82971
58026
71528
69616
52735
55901
3717
70537
57260
50850
12974
33109
90909
55363
49615
44989
24459
95103
28483
87327
80326
79048
40468
89360
34156
77221
93968
2508
84524
43327
27189
24020
6646
33677
47121
94665
47534
93954
17446
74311
88748
45924
1936
88128
17536
20562
34085
42694
61600
25206
55009
3072
49116
44577
34904
71278
41206
60973
20656
34201
14458
43442
48917
66384
53954
89226
20316
93283
44132
74850
99820
66578
5546
46090
510
62754
5127
24946
2075
85094
22297
75660
90154
50836
75496
34929
7933
75377
81989
99221
93352
55748
26007
81745
41925
89123
23432
90552
82796
1125
2307
6193
19537
79780
43791
34948
81090
12430
60041
3744
26300
78905
48011
71650
58550
99721
66380
5122
92276
7211
88863
33857
8180
96716
68913
57762
29762
37833
32120
34871
1837
20640
90492
43423
31355
41493
75121
27356
80838
80748
55623
84356
39640
67566
65937
22440
75243
63572
99485
23584
28188
32884
94855
63305
4293
29209
18297
90055
49504
34778
81619
43813
25576
71680
63169
7589
13581
11153
81480
8927
36732
35918
96793
21690
52445
46253
40462
60689
43769
88690
56985
64531
48812
56387
98694
58064
59670
68717
35973
19481
65460
66114
86058
90136
94094
74594
13490
10672
37194
45043
8542
50770
28857
16096
42823
65652
633
47743
84552
17372
7046
76951
52960
39329
12670
43357
38431
4484
64489
58229
42903
66338
3583
23840
98503
57041
82178
64825
25164
29548
96438
67136
79544
63702
29039
96692
48439
1255
12023
69994
35066
36127
22975
87675
5188
81024
69136
40844
83856
39419
59009
29191
13440
44416
7892
54370
9363
335
17841
76412
9287
92164
84685
15384
40553
69091
9965
27968
79279
85694
77975
97745
39885
33818
66634
8863
43914
7279
5421
35504
14792
53972
30987
54145
64085
63999
10617
92737
34130
35553
5284
35052
69724
19160
43094
34199
87955
60519
53084
86230
27230
21930
41930
90280
50857
94835
88891
38564
30175
38568
39110
77902
4885
29156
14027
8265
51922
91583
65945
91620
20265
34860
45226
74817
62225
26290
903
34279
83005
39308
16655
9270
94193
76184
87942
28454
90590
78410
55033
39585
93692
53871
61178
97926
18630
47549
62004
60426
29743
44151
68319
39279
73785
50383
12514
63457
93517
48979
98375
53853
43821
97188
21038
30123
15397
37101
67202
46236
44488
44219
19681
73673
73974
25463
30500
21929
90244
91035
23893
75841
71705
21387
92472
33944
36404
72806
74048
83115
10698
20610
99471
536
95901
1017
84298
39270
46467
11054
2552
38117
25330
58986
89396
27287
22678
9292
83744
27271
29996
42314
87344
93144
26799
82034
21129
10850
51396
18311
64280
97680
65451
54407
59977
96076
20450
60120
77077
84831
93708
13573
1781
34289
49856
44199
57402
50292
29092
32200
28548
83566
32462
75022
96535
25258
64862
37831
53005
27886
71971
46994
71554
12201
40640
29940
96967
5446
87571
91866
43877
3349
23058
62802
245
59789
96451
72498
21533
4845
63724
65001
18909
16307
21344
15828
15161
40837
51108
21911
68850
27102
7945
24226
25792
78247
92355
88105
88097
66618
84093
715
34047
58580
84027
11654
44722
15221
20859
45986
79126
79802
49373
32496
82708
20156
50988
4726
84051
72670
17220
17381
52545
26940
76285
4226
38172
3569
52411
50765
55177
27385
12937
13663
58464
1004
10492
53354
30479
6429
42249
52325
74221
39060
45682
66497
584
35980
15771
53737
33117
69489
1625
89456
81091
7486
92563
43899
47864
35652
311
70187
37361
21812
27515
83955
995
92455
41484
6637
6101
8855
51545
61693
7474
30801
46937
64504
21174
71767
1911
14210
18366
57082
89236
4653
94173
47689
54627
52480
42415
51936
28951
36569
84568
62921
85940
81488
89238
56213
52270
13533
83657
33872
33587
63992
68060
51173
67947
65879
42770
71642
20195
77536
77075
99935
58409
27174
70832
74800
90635
64299
92850
1047
60177
3344
19467
54684
93869
25504
28130
4564
9557
89469
83242
83987
82322
24098
99379
91294
62428
61869
40391
97622
10476
75506
23276
38002
63251
79824
18190
47959
80406
5636
47150
32815
31627
68702
6240
96307
14526
49176
59277
80529
37229
50174
63898
28225
1339
29008
58130
16922
32064
94978
69978
9031
85253
85432
49784
48039
77956
91405
65986
38628
34638
97140
62105
9063
98414
48896
51103
82513
51026
83265
70331
39031
13215
81190
31431
41904
68803
75486
95935
36632
83187
24682
76707
48435
3728
55787
87287
86558
14540
91491
41893
39328
54612
1079
78874
83300
47510
24316
53674
5380
95004
82966
91011
61570
46147
47319
15369
8812
38000
72861
66335
70792
36172
73895
31059
74319
8534
23962
93329
53066
53023
62213
44177
32418
40641
89284
20231
40976
10914
60488
8007
88758
31607
58445
25289
75659
54489
44877
97480
77314
14576
65795
75825
59812
54868
15289
76390
53392
56240
37190
49012
60778
12491
56218
21395
41968
18841
27149
69872
83374
50228
86395
78267
36902
40914
99765
37757
8421
10104
2965
90353
34392
14234
12132
21999
52876
79404
44211
73032
76118
96115
98144
12448
29932
18504
93301
70864
48554
79927
97641
77037
9354
50707
57275
41000
79637
24469
68807
46303
30318
13275
80436
3437
21705
6915
81537
97003
90854
51292
30336
5913
38515
92457
1664
66399
49092
48881
35400
94682
18375
4669
42661
69987
17196
24143
25725
848
73213
43496
57541
17324
9230
65613
14469
23741
75706
39591
50494
53678
26599
59533
18129
24700
91592
93622
19772
16167
94881
43170
7148
21165
27498
29084
20930
17861
37346
41270
78446
89910
88354
64485
37954
10049
3921
51323
26971
67183
94443
65789
58510
10037
37396
1910
89807
54287
26837
96172
48748
91828
98315
38441
83930
61573
45154
53747
72320
14812
49628
25297
33127
49781
78172
40718
52665
25984
29337
73466
68240
28421
68605
53686
50741
98907
54268
49395
27961
29958
98077
73277
55096
30031
85517
64808
52309
66682
53547
15968
52946
37389
49397
20544
44208
39322
29990
1519
39677
63767
75893
12378
9060
70160
23911
22032
77098
57033
46320
58135
28689
74170
19935
55660
68253
9876
42454
98189
17519
42357
91719
98756
2578
77904
56820
37084
72785
98714
53569
61954
87425
17627
59133
51530
31254
93062
34641
21961
16393
86344
62229
47074
68650
98970
51799
27781
96495
75446
32318
25810
13878
26859
1212
49550
98599
56040
82225
86650
85642
8704
86214
17513
10977
97747
83703
64300
85441
46
55378
10419
92011
48481
67074
97937
13072
31796
72228
60158
8522
82412
7867
17935
46559
91776
5887
97128
21480
11756
7651
87986
93538
53395
13301
10159
98378
21560
95550
32465
17786
32730
13560
43409
52437
64026
45735
98343
90755
98290
6112
14970
73445
25574
57127
87464
47710
30070
58944
42152
41207
23168
10095
23633
7537
20651
24111
56349
75564
1804
1576
59310
27989
80567
67604
32142
7398
24034
38655
81008
79478
12748
62055
77069
91026
4237
33901
49474
93788
40052
18690
55786
76452
16820
4945
17787
59678
10952
28599
41876
30103
60716
69324
25187
47240
56586
28926
33871
56639
24187
53779
58158
87132
41539
65782
59012
67492
82885
63843
35372
74823
98531
97383
26995
71937
32328
5437
65138
91985
8562
66316
64671
77561
4518
51832
13194
70749
67156
23257
57539
35570
15895
34895
92714
23097
97821
62576
9408
15642
65377
99066
52693
3738
47178
13091
57440
70983
342
88820
47132
84819
27658
34300
8243
91799
94471
60847
58786
63736
40115
86640
72550
80221
50061
84274
91472
17830
97538
89852
55488
58266
23812
1696
53171
21063
5501
53006
24887
2336
88545
37552
77090
93107
42771
56183
29161
35528
56575
96812
82689
69589
22216
22071
49525
84772
37837
71347
23147
58940
20915
59325
57284
90629
52931
26069
85505
58783
86922
57975
74679
24929
94889
12777
74772
4855
75523
27835
78624
30998
11902
60923
68132
55933
6241
86634
60056
43168
10200
27268
18667
21346
51905
18444
15462
1522
48754
53677
24635
78155
86943
10205
68889
88723
18228
36217
60285
65367
93578
59439
26311
9556
11442
68743
34770
16597
99081
1773
75928
66020
30437
9737
43683
61829
7860
66583
73969
12019
43346
95700
85593
27390
84234
14523
54025
16445
16082
89846
15217
54692
69473
23093
82909
42744
2961
2866
57471
2556
54676
26634
41058
50191
50354
34154
1355
27761
14529
17748
74927
50975
79266
48497
11946
40559
68041
14746
17968
73264
90205
68725
62999
46795
1940
29799
62262
90177
97959
38705
2098
80684
36765
9862
57060
69584
40663
36035
58097
96766
62730
41361
36748
52135
38262
64083
8904
9255
97301
91391
27347
36374
19570
34720
5698
95862
43275
96941
32126
2513
52378
77855
30449
62440
24268
48932
51627
68553
31840
10939
81809
85282
35805
53345
31110
82994
81126
57400
95264
63069
82669
94205
7427
49184
28248
78670
4644
6461
23167
12436
74019
42185
85181
9480
29247
22644
99646
63594
91945
17524
26823
2646
87048
95113
4363
42810
5270
52612
65465
95288
31786
53783
41395
79865
73553
3715
15306
94693
81352
45959
80787
54941
73889
48019
65362
8010
58201
14448
49827
69443
41691
59808
12617
89546
79831
22808
44040
80797
25354
37174
96333
52967
94621
4599
13327
29088
69135
84792
77868
6878
59145
75540
77859
15009
22303
49760
11504
45574
80074
9485
88971
39511
69617
9810
78834
99836
69893
94766
86542
32705
94110
50674
43977
38096
35917
14675
94865
64627
48220
77520
30392
84451
44901
28841
49837
40611
5541
42440
23730
76846
38476
56329
65205
24985
85497
95559
45602
47533
99419
69820
38882
89996
67033
60641
97592
73804
31813
28435
47775
96520
92861
86676
6535
28349
89359
45553
99152
40746
35673
63193
54273
77034
69586
39744
85994
16401
92517
43414
9239
56091
21623
98491
76701
12206
12223
96827
66290
45502
96019
12886
53061
37654
22006
81783
12475
80170
87809
71526
73327
96035
78187
85344
96125
10950
7267
65649
94349
23721
10126
61206
17177
97743
60236
72866
28085
48909
69374
80551
94037
4631
95119
3676
88422
36321
45598
72003
14572
83200
29862
45809
28058
21083
23197
12874
39205
97494
22031
14984
76230
21781
20259
95959
34655
77205
96183
18706
12837
74994
88376
92097
55557
84825
63725
99948
89950
79951
65853
6851
38401
31952
71516
99250
21482
73665
69125
13145
46148
53616
98377
475
20605
53259
74588
80036
6321
75199
30782
97074
29527
95203
33232
89059
2686
15870
59467
386
23075
49119
71233
75439
63180
48171
531
62702
11177
39179
47922
60747
70873
75328
55233
90285
85771
11083
1401
74234
95936
23331
51208
90436
41357
25119
99288
46491
83195
51084
10207
75797
49556
10802
15701
42877
32764
4764
56157
72218
25883
24884
99211
60477
30213
10138
61382
47090
85341
96109
7669
60912
64822
70714
46373
60308
51512
42669
99966
34577
39195
81817
86691
99800
24517
49281
64768
53202
69831
86757
70280
45117
31024
80092
97596
27296
21118
57723
8300
95399
60038
51228
87023
65899
50144
92287
90567
22254
32071
935
21028
52549
8709
392
23141
75142
38647
85696
91573
642
29797
46404
3130
69165
96083
5791
68150
52713
96777
89400
47068
69118
55614
68733
6950
66933
75259
92876
82295
78789
72022
65427
59773
7999
73853
90088
54942
90426
5551
13232
84858
21250
63760
27754
62208
20984
70684
35287
52031
22081
17149
94903
56778
67614
94101
93544
23791
93489
83990
12992
89573
27143
92533
21804
91644
41829
2488
27531
69462
21810
69907
81878
34776
37847
20924
5008
50244
52045
39331
4415
78114
4870
4421
41627
81015
86965
73991
61511
73456
65014
71176
54006
50416
87288
7631
23760
61014
41885
59778
31465
19303
37324
94410
24185
99323
82903
79152
15503
25527
85900
49775
49014
90677
95508
28073
54724
13456
66791
53489
4789
20679
91318
84173
9237
82904
44433
35780
70511
43083
54691
108
55247
38609
74617
67692
25621
52781
9748
55932
66807
45130
10615
27807
83889
46101
66772
57490
31385
36987
8203
65831
89842
29352
10744
84417
88413
43912
23686
6752
60666
82393
85577
29514
64480
88713
11747
99342
61608
93831
57362
70963
2913
69040
76749
22853
1032
29670
21291
44696
91211
86045
39085
213
17934
91434
3425
36105
46797
41953
12497
88669
80496
26236
5381
58902
30834
238
95045
15190
87940
14755
82683
37044
9288
79998
75635
86584
24455
56901
32245
53754
43641
86610
52499
70734
15576
40531
80923
27097
48870
34516
78228
64481
61460
66655
64030
34445
91463
83648
11210
58156
38452
22335
43923
1301
62643
66229
44142
13677
51797
96628
11972
61437
33564
69930
27058
4016
41848
68886
97332
64473
27878
71822
68978
12420
19470
18143
46658
86995
63931
86864
91289
19346
90523
36335
64308
99878
44187
72862
63827
86902
30858
50552
66258
90913
4748
32872
61141
61950
46017
86609
58600
69629
66999
10948
91317
54715
34237
19026
85360
30391
23932
10293
82837
39429
16898
60773
8791
9471
26902
25385
32154
3687
27649
87416
49859
85814
82503
86474
36905
22517
62771
64193
54695
21091
5490
89657
6567
17803
47246
37379
86996
73855
77802
60171
16270
42178
51034
8133
63728
59748
4848
74435
73082
41103
9194
50478
53757
68422
4821
33653
68245
97930
33973
10513
27342
4920
48088
24170
86966
71225
90993
33940
69924
47870
17129
4222
19449
26811
8166
1793
77262
21192
67962
25165
95386
98679
8039
36886
34613
79789
67308
35916
23340
24245
21001
99022
57257
54220
3163
68316
26553
4458
19548
71645
63647
45620
38880
541
16918
65999
8718
75504
27851
1730
49629
28888
68858
47389
10
45547
41698
64766
20048
743
17269
86157
48627
90172
48922
26981
92816
95304
3579
92377
89258
71765
77189
25317
74098
29216
22372
21186
42936
53
6591
53333
40880
78667
21503
15775
62299
98839
1238
91846
20079
39254
96765
73386
1727
35115
69101
92188
75173
46249
64475
70368
7659
25854
30154
22187
23103
63274
1252
56386
95513
53610
7828
44474
7729
55321
51572
81718
1810
45786
50512
93103
76559
82206
55333
66348
24054
60555
69807
38364
22123
99504
70420
44830
62722
5230
26959
94381
95933
10507
13534
16558
85951
88864
88378
48425
38306
40993
99722
54760
82836
7433
91847
86207
61309
91951
59452
61064
95366
76734
4582
9568
71939
62820
23585
97082
48016
70335
71408
11261
94074
99039
35786
88756
24394
36308
45634
71640
17382
13603
79190
62898
95236
73523
91498
64197
65770
15810
14194
58489
38577
51588
99620
12724
6019
65694
25870
53881
67458
76883
90887
2312
62914
8529
4217
97781
11826
350
66421
2640
62660
21549
64924
25322
9566
61551
56463
88957
34881
77273
84580
5301
24714
28501
85849
57618
92851
5065
82705
75261
77505
66096
97913
15015
42332
77354
59436
73611
30406
66908
32620
169
82073
41494
37790
52122
16873
88103
5605
78767
9533
42253
55538
50987
26191
80020
74863
8912
4553
1218
44301
23250
37425
55036
16247
61747
5955
13651
93601
3152
74980
23657
75828
56283
71157
84659
52404
58656
80922
61716
7862
83258
95062
42826
46463
78977
54614
1818
89158
97089
65373
91530
91400
88506
78282
15629
36857
68627
55219
11572
92927
78470
12208
91148
52978
54491
85848
97239
58567
86355
36951
56978
62350
52423
39868
50625
32298
61273
8672
64569
81230
56835
56606
92316
14646
26327
93836
37347
74424
54919
33933
80921
69605
56486
50235
25762
49823
22084
22482
78494
94897
17976
1127
73726
53758
4316
94718
11376
54480
84612
52973
12045
58791
10156
90176
8189
21708
22265
64767
13947
87625
16341
32626
70850
92419
49549
33244
46697
62500
13368
72316
62160
42090
79379
65272
92372
72892
61135
33708
68501
21061
44251
98899
29934
36063
14566
42910
98540
22603
82404
97355
8891
83042
96835
44912
39996
50874
29886
82179
56368
86286
3964
72405
76474
9548
3005
10267
74416
56211
72512
75375
35567
39049
56850
68204
29236
115
36495
62077
30677
74181
94785
26470
8465
27319
6168
61814
53152
4713
79418
30642
91964
88614
84007
90639
83480
5063
9367
99970
31153
77036
34495
44431
41844
97415
24966
14542
22048
36452
5313
47684
39247
37387
9712
47390
25564
52642
41149
17914
33281
8167
36780
52313
17323
23254
86014
75263
56228
71156
98891
71219
99779
74027
21945
97925
44624
32935
86366
1809
59564
51599
68200
28941
54046
95207
22220
72091
22344
25926
66601
75563
46030
44839
88020
71364
32660
16527
74288
68750
66809
38887
47097
74847
30785
95402
5811
83812
75757
30387
70796
74047
1176
43671
41596
66487
10883
95294
78388
5369
39338
75517
63101
79807
83041
64422
2090
20741
99079
30862
61892
13197
13357
66128
13059
81147
33122
99097
55040
51778
4822
19942
17829
6447
59053
67624
2167
49674
977
32679
68543
82754
178
18670
10232
58021
69496
82326
58267
69351
85721
131
27098
51875
4680
28612
50939
69083
72561
16281
33387
59851
51700
41600
54535
7871
52089
37871
60771
79209
55232
98118
36243
1686
75663
36414
21651
72291
15257
65257
75208
84202
76957
57743
75115
44045
58380
56720
22332
9591
75184
70347
42893
38950
29108
58676
50039
72077
72126
43532
27714
76429
68786
42626
23474
13352
56235
87056
13777
32853
42132
288
5190
84934
76820
27852
35603
25760
77100
96569
67415
86385
28314
14481
66262
67742
90068
86979
6615
96691
92843
29878
10074
61313
10151
39431
56007
67955
22364
48218
94879
76002
89410
96903
16976
26621
51275
49128
16790
80372
40254
11577
14729
86504
34186
52742
60658
20881
25020
31672
85636
29594
88087
84884
1792
53900
14905
72153
57796
18358
35165
54106
78329
60023
12029
76833
79369
1056
78299
62390
39203
52891
42334
74581
47079
67231
85405
38975
87609
5000
6903
75270
79761
19595
45566
21162
46045
68251
30553
65225
13118
72701
63417
26152
32028
96871
45769
63868
8893
8765
32778
4504
22243
77799
92866
4736
36985
60818
23293
66540
64728
26205
6791
40328
83145
53272
84020
13876
70382
93945
63202
62080
74998
4488
59903
82977
58690
20272
3539
65718
17534
53716
13880
43196
4358
59663
24728
47425
30787
80960
12943
80008
90128
33554
73181
40212
98937
25928
71149
14961
27027
25329
17467
74377
41939
38830
22348
59010
67390
87813
13932
61586
96421
38404
10865
76114
85223
98098
88989
60213
70379
4407
3400
59084
22267
66993
43906
89331
6017
99511
62574
94465
301
35702
9887
18735
69143
83459
59970
92133
22384
94109
59250
72953
1643
96079
63881
55455
95187
59185
49577
48343
34533
88133
75749
98433
12337
90730
69652
56096
13594
25271
52643
61784
35166
86468
44285
11899
46525
15333
27239
33560
78462
59764
52172
80282
85859
59430
1967
93875
1631
32531
57006
64444
71442
35199
2629
87054
23815
79357
76197
88228
18955
6110
66005
75465
83641
68080
2835
59630
61984
80292
49009
23229
6462
27908
49088
43682
82676
59258
22041
94121
47750
57012
6274
32249
3762
95285
69854
97160
29611
76141
61545
51982
66021
46398
23411
16099
21915
27254
33873
15196
23142
25947
52185
73930
35968
13124
14494
22971
97233
89369
94135
79127
62190
17456
76648
22213
91243
21024
13152
15594
7983
44394
28006
46917
88107
22824
78336
74592
54086
60913
37846
75303
66484
20311
98948
54864
84748
85963
68794
68363
59378
8126
78492
66006
73463
92746
5712
35289
97430
75414
86593
95482
54853
10163
73876
6028
42610
66900
26604
99750
12326
86282
80729
44095
99202
31226
55934
70302
43749
55711
23744
84721
27924
89424
99441
26142
64180
65590
12588
78435
47173
63159
19256
58989
61229
16458
70751
34260
24571
78588
66334
32230
58537
13088
47326
93108
21258
26256
19768
29477
14958
88074
70332
74825
66758
72207
88603
62577
6109
72388
52438
62423
71310
50817
20608
64516
41203
84647
75854
88392
30023
36890
39469
55575
17484
56640
24055
51756
63092
97079
31826
29704
76070
6999
88214
88381
7627
25953
88908
47049
63014
29306
54797
23201
30556
30111
59889
96870
79999
10864
57450
48912
23954
94732
82785
59987
88480
14749
62528
60084
64223
26547
89663
81867
49765
69354
68008
94890
56239
45299
35625
1608
67463
57245
80040
40248
8055
86892
80021
70239
19046
60367
49733
64
52954
60810
87686
69034
63289
87398
33740
55077
61049
32700
99206
85613
77581
33126
98796
66129
25492
16897
40661
97110
90114
78222
54960
70339
59191
60622
40287
62150
21950
89583
69749
43069
20470
79523
73405
49720
53445
11833
51421
18917
96988
11806
83000
71197
73110
82957
9299
66964
44685
18915
57628
32541
25260
23312
38157
20988
91825
89731
72592
45968
76102
49508
10979
16339
2909
59994
87576
26213
34431
3467
576
91712
58139
47912
57800
34358
17521
42979
40994
21861
22422
27432
99140
86833
75279
71623
42180
81821
5172
30851
2050
16385
73155
54427
87878
10146
30512
107
78330
52999
8922
16009
98334
55546
37176
72918
76467
4465
69679
5050
68394
91076
25658
71625
11259
21579
75104
93211
96596
58800
67579
78568
29408
95192
56617
8411
56321
67447
22929
72442
88942
62346
6626
5156
69975
99692
18481
46748
29132
71245
15169
78979
51161
37298
3250
21717
95154
82578
42361
59114
41325
96576
8184
10043
65168
75704
35522
9912
63011
40931
72163
69748
18755
83685
19584
3345
9688
53060
55589
34018
84879
44544
68925
35241
13410
18441
80990
89526
97287
40547
83072
68772
10079
33983
57922
10896
61808
53180
73992
10701
42487
87340
9665
51714
5192
86546
27926
31670
66552
7318
31374
13057
40349
65327
72389
41927
43801
96470
16198
32443
79684
28664
54403
9840
24478
90695
50593
72048
90234
99840
67743
42057
11690
32579
81882
70725
46890
31579
16587
8697
27661
77114
59361
79023
40005
89552
3413
34971
10700
50182
47758
44178
99031
93903
12591
48539
38870
84267
47423
92960
88330
61106
14378
79280
62550
47877
87468
66909
85839
74312
60298
23283
37159
39664
4340
61676
12407
84050
87266
55467
68139
75447
39872
1947
80259
39788
7786
59522
26954
61977
39073
47044
92024
21236
26172
98616
12403
91094
31612
83341
94186
85329
10322
79651
92212
33692
94985
96773
41721
82784
2491
82350
83227
1557
65552
51826
91756
93267
53032
96284
48857
23574
90539
49298
35618
96568
89783
86919
61099
63595
24787
72704
9924
28014
37496
41969
33444
449
33621
41341
53042
26578
39226
23929
51104
17249
3442
92157
94891
86793
17697
5310
16102
60835
343
48841
79537
19953
40969
51395
20977
91668
92135
3194
36655
99498
85044
6981
11621
17970
46683
80607
97535
25312
49906
89364
65379
28683
52350
27109
32933
9137
72586
72916
32037
46061
77130
9613
7985
29535
2764
55192
60661
59721
98389
7606
37285
51156
77918
3418
37196
9092
85799
76154
65399
32206
17742
27070
79798
83565
99657
70837
93125
49736
12341
14592
52678
16636
45008
64698
80228
18804
30315
42137
71409
47705
5247
18921
35680
46483
35280
58959
17070
26480
25839
49106
52246
75622
11404
85139
43850
62951
51764
80867
88467
77777
95453
99596
97035
22864
53951
9117
5392
96400
12347
94214
78294
32296
23933
26892
55273
89499
96523
80471
76962
58090
34056
46037
79830
61332
12595
88129
97147
24485
78363
36562
11430
80457
78206
83102
33972
16040
438
79291
33924
51830
90952
92808
75574
19608
52165
44960
44774
4752
50333
99076
9544
86832
97371
53617
78786
44587
80602
55529
74977
6688
81973
34809
79648
37741
13720
66239
96323
37866
28055
5769
811
78434
69251
66310
53768
69499
297
11705
14408
99424
14745
24752
61800
14129
10020
8821
6238
6625
90441
3861
45802
16591
22999
36433
50784
91160
30105
32973
45006
82610
94885
40830
56771
18435
63192
84462
56673
96254
52462
84139
82425
42161
58706
65587
65657
36039
71161
99965
60734
46819
25820
52043
89276
99497
2475
43774
33195
77080
60647
31684
9855
56621
7534
19077
8730
74102
74423
9634
58039
84867
4549
56533
45000
39850
18365
23471
14577
126
29314
85624
84388
93904
26379
70721
73457
37449
26372
15607
53437
92169
33996
29483
71890
6214
9579
13326
90175
39273
7020
77685
2320
76183
81802
13001
39702
42101
66841
11149
6629
95894
37717
97922
45755
48786
98662
47788
63986
43134
1690
50294
683
39587
81179
64005
12089
9153
41625
3305
68468
98080
38073
24145
90807
23536
6840
99600
13324
61812
35093
55184
6959
70889
260
60172
6465
86317
85730
24140
86937
48414
54706
35375
32576
91744
25040
88421
73435
59326
97367
44038
74411
34926
2054
79876
15423
32621
3059
80678
92768
24216
65297
30282
43628
2200
82933
43407
43303
37236
31421
86770
60057
22604
26058
69559
53124
99009
13503
64794
42862
39556
43297
16030
25359
25578
62384
55356
40883
2529
54037
46719
42497
49961
67560
38235
80873
94856
43886
65097
48659
74702
5219
18329
79363
72409
94089
23712
65656
80834
68243
95181
90421
98197
75133
27476
73937
57839
43752
33628
75541
14776
52759
59047
96190
39433
7137
67364
18106
37791
87950
10566
66707
56295
75823
65809
81985
13050
60889
93307
54241
81862
10357
38220
84935
28631
76610
95596
47219
59495
5323
85817
57560
38463
28292
32718
98176
21493
91215
93717
18384
49576
19659
42263
49372
50448
41639
69367
20695
47635
37810
90283
21483
78760
50263
25134
64257
65471
17326
29320
91561
18246
84605
41570
17431
97883
64931
66666
67677
3828
3217
24134
49165
50084
12370
65954
60785
13344
96829
88402
82522
56422
87908
98601
63513
31750
7451
90512
66527
14632
29923
75733
16054
89142
98345
50219
23285
37663
95254
88555
91430
81873
71232
35274
91096
33437
87130
13728
85255
67861
18614
42210
93395
30471
44336
88804
67468
31143
37152
60815
46429
89873
29454
33984
66451
36357
80048
39403
62228
81842
64383
8658
24052
94333
1705
38063
10546
94404
91270
52397
30082
90971
98655
42899
47039
1978
9179
20590
78454
72007
93244
74883
17133
72039
85313
6550
99941
33980
18693
78195
34785
22608
735
74207
45747
10609
11699
33685
69776
93931
78672
22099
6566
78892
36831
87290
77463
20880
12908
89272
5054
58004
6913
34650
7866
89683
39558
24031
95308
6730
60048
77545
46622
8982
90620
23858
89670
52001
56490
5520
76241
19725
29753
55101
50273
24572
59957
46673
1488
74638
5682
62093
70904
12925
31204
8775
87762
86566
11303
20519
43120
52746
90972
17299
16421
2625
11512
34384
29947
45687
20916
64216
79797
5588
136
15277
49392
44014
68073
25461
8349
28047
56132
26435
2591
11137
1217
97246
76649
95245
49800
89932
57797
51702
53353
56910
38602
14525
93123
71309
26546
77594
25660
84393
6938
43307
19644
31542
31041
75470
68666
79890
60893
33243
37238
34974
59982
68914
70651
7120
99431
32516
86477
83252
95446
48413
94386
40893
9169
87470
18584
36269
46032
52554
34360
65997
46858
9115
67820
76616
66117
20819
87156
45037
28865
17261
69474
33867
44578
51892
59410
92185
83460
94821
88616
88950
29736
12252
90891
82746
15006
37042
30908
67525
40855
31044
98275
50406
13591
67520
76198
6554
74662
93636
77609
74125
36929
17672
48738
71357
458
92008
9217
25549
44803
82899
762
8597
19324
32489
4205
79883
45227
8206
69670
36306
25180
51146
16498
26394
58512
69238
8170
861
65112
55837
7258
39649
38371
57336
41908
76968
93934
50955
87513
96491
17250
65829
98130
82380
86291
86042
59636
41552
94408
56172
8334
57316
66844
72303
99246
83109
70344
4918
79853
34211
67292
83501
65469
80763
25927
7058
24900
89234
91730
58410
738
16971
31335
31252
22159
42435
60483
6734
21712
92613
6934
65536
24416
39756
95422
65275
14842
80073
71178
31047
65895
51465
84091
71147
61305
38433
53140
64809
50627
21495
92845
35191
37341
55766
99663
22899
30425
89779
52948
54053
53030
94564
47022
56284
54196
90281
359
12235
47789
55029
43102
17547
54447
22223
9959
46259
84567
51304
18230
23894
59351
41866
88578
3369
88559
9978
96221
7324
34094
18871
814
61361
4579
8888
95139
597
61107
30394
59779
89237
95814
71017
40358
83354
52752
4077
41344
17223
90938
26897
16091
16023
56672
62398
23896
55241
37685
69961
75829
79343
44890
58641
30550
79784
33716
24284
96153
64745
40806
49873
88414
6992
66307
89153
92481
55891
21729
93476
94565
41736
29581
46291
65441
92907
83110
11010
60804
94982
17795
78577
52281
82275
32618
79094
66066
58355
57399
89177
81913
34852
54246
8769
71850
97657
62689
92065
583
26917
13428
76023
72797
87559
97607
63313
43063
83520
84060
30692
67528
21270
72175
73220
3392
9334
30185
78567
55882
72712
39535
5070
84550
12847
79774
58891
43755
33815
62505
54213
73398
87914
95888
41444
35881
30996
17832
2313
74157
10376
7440
67628
73877
62923
76084
23364
82702
29628
97348
68180
61464
62073
55875
24850
64042
66286
77648
834
37146
73504
31933
23479
99401
18956
33254
11906
71934
32776
57211
27936
68057
25125
91708
16140
61319
34864
34015
75489
93859
30407
99244
47351
62234
35495
50810
28336
99680
17476
18446
42956
58941
93789
24917
51474
63885
35925
53485
38010
21405
34858
8515
70268
97104
85059
52159
19851
11834
58048
23016
76194
58257
13132
54008
16190
98615
27222
12135
76557
76113
56236
33393
56182
59882
2682
15753
99158
3679
79458
18588
58728
21221
13804
92587
54820
54648
61130
54116
90042
3748
18462
22029
61709
91840
64520
36460
74995
46638
22728
34847
3440
17762
94067
29722
99973
98842
31097
88222
92723
82108
34597
53789
58822
54671
6080
13631
16833
17162
28854
19981
49521
81197
29120
91562
86223
99502
71728
17275
40644
30728
87467
99903
13018
96159
43976
47898
59098
26219
34370
47509
9436
44721
99116
42851
39696
15119
59365
23680
78961
15735
91063
12159
7521
93834
43973
52630
14978
73139
54132
78065
67745
54652
32619
33448
14884
28903
58363
83083
96653
14670
88549
67990
6230
3436
53195
17614
53624
35354
98388
24094
612
13041
36924
32687
27244
94576
19262
89580
91949
41469
84159
46266
66067
32707
27778
41587
34028
36625
82887
1287
83050
41746
75026
89624
2510
51622
40773
77311
7571
62189
24672
78355
15175
40692
93804
99484
31698
12678
82881
7667
51584
95779
65952
48474
13313
44998
4811
60273
21973
50881
52402
32242
20310
7775
485
8613
88884
94478
57812
33353
4348
96826
47875
92060
62889
9639
10374
11725
87544
10640
39708
2466
56214
50487
22290
72666
72260
41951
64731
67826
36877
27130
51757
18013
73729
93612
69326
54769
9815
80235
62878
42741
10925
88071
92254
62340
19227
61315
12580
54161
75783
92952
35216
33775
64676
39906
98034
28355
15203
28414
12068
69148
9395
98436
25899
44191
75346
77078
76534
36003
74859
55813
74591
60584
98478
79038
5282
37456
19962
27825
36203
63612
59480
17581
97698
29898
91697
46928
32341
18058
42457
88428
18518
41636
85232
13462
4649
65833
20716
76033
71969
94133
57564
72669
82961
66650
20148
29020
58710
29181
61007
53517
67015
79660
83961
76417
15699
68499
21218
36889
37522
98103
90965
22458
63175
99762
90633
93178
94462
71760
13539
3048
76315
85629
31775
56331
26454
84625
32997
32755
71746
22986
51631
72358
67698
49913
75466
61057
61422
79220
28031
23833
44656
20587
37299
79296
55812
23396
46564
41943
30631
84227
49976
81092
33796
92938
68258
6644
78929
76261
94896
8329
29437
2531
80591
12358
88286
38914
21800
48315
28531
58417
97510
77705
47872
28542
82898
37548
79855
60829
99631
2360
44021
57986
3326
83009
80649
67755
47846
76494
77166
36118
93497
50768
32566
74948
84894
92622
84006
97439
96997
8266
51130
43335
99146
24440
20454
76698
21672
50930
58914
76128
337
22247
96139
5308
11818
36970
65706
31977
94320
3272
31155
11770
14214
51717
50186
78824
65745
65885
16207
10424
99283
41288
84953
54445
61483
91955
78703
70741
62726
47122
80775
72395
81742
82057
7533
38082
98362
3276
24128
24261
26779
81677
22632
68313
3262
39947
96531
2461
33493
41145
35641
91849
363
88930
63847
85864
84035
66734
51516
81397
62336
36311
97626
15857
49261
29278
72737
27050
93483
11844
48060
72324
62362
18958
24788
89545
94057
91410
35397
80504
68050
64840
55412
74240
95333
37241
63547
85093
29441
79682
39787
26399
3756
79775
87248
77858
44105
81268
93813
84209
2571
27726
33571
83478
22901
42861
50075
49172
60787
28221
7076
26119
68705
86889
45790
49050
84304
61091
86138
76293
41
59899
64747
71169
93976
19755
20223
191
3631
15822
82572
33717
76680
29863
53508
71069
49446
25041
25149
76092
44155
97213
56353
76848
62324
86388
4227
95265
919
11478
27379
28704
90091
9324
4487
29005
42482
27221
65436
36093
65201
43495
57561
71167
23925
55795
41571
96107
88609
81932
93075
58575
57917
17715
2392
95727
52530
47468
86021
95631
51956
67371
42252
83527
16172
25898
85927
70824
96078
972
78272
51399
92647
58261
19810
55210
52797
8073
2294
30901
78119
76255
56339
51557
389
50976
35312
84810
34585
86940
49988
30727
7924
78586
67475
1000
51391
84405
29363
81418
52335
58197
34191
34593
66024
37745
91420
27866
69953
64645
67526
13296
81769
52509
67728
38488
355
73517
93205
18914
67608
48427
71575
13767
54575
20555
91890
19105
79884
70437
55647
11397
41543
6611
63893
18308
79644
17557
27363
65725
56480
51414
81132
56722
96961
89175
60907
81246
33098
54451
45177
98241
14887
20217
82637
36606
78029
59095
44073
86141
84872
63298
30721
33978
36278
25148
99228
99037
5931
74309
89672
26688
12356
57700
76840
22894
21125
52275
78526
28735
92100
57558
39505
3733
76891
67106
65892
53342
83178
40284
5038
54232
57338
85720
68124
63525
46687
76696
35464
78803
65248
57738
27304
7960
65340
41310
87142
44759
9600
30076
26958
13549
73161
87547
57107
42455
83729
62532
1838
83511
50350
60248
55117
72619
50466
29138
85054
6572
67724
66076
7072
76930
9387
26396
77211
85259
16709
299
67013
89223
68238
26597
8078
21501
62959
69182
28320
64322
82940
34603
20627
21017
93064
6398
76990
71556
40807
39439
91891
29621
15807
51503
1746
8624
88256
19899
8023
14290
50542
9868
98166
57585
400
81086
51666
41786
404
75131
22659
56766
35041
11948
43705
66948
96934
96486
51893
11938
70731
83037
26126
4408
38792
28152
3948
25277
19660
82673
57089
43686
44375
22725
45982
40935
27739
1750
28161
6248
56360
4437
29794
35313
78048
34005
91623
82156
97729
41618
74745
8925
73791
42380
17322
8851
51834
9707
31080
74665
47623
5915
99294
79970
51206
63797
4012
87637
39232
12025
61664
30995
83815
65069
22739
56264
18158
32172
45128
56361
32371
84775
64283
20172
5046
45815
23223
44612
33542
14177
2224
96039
74273
91669
49344
91242
87397
35064
36220
27047
88454
92022
62825
5561
32961
21069
22020
4135
49750
46750
53411
77105
4977
28214
10778
25132
36369
58910
78499
22212
35212
68731
60201
11767
85156
70899
97830
90591
79909
14518
61868
11549
38644
81330
10869
78461
7760
19518
22274
32616
3196
54675
99135
30125
38938
42373
54795
81419
91924
46791
11105
28183
9101
13003
46926
23870
10477
33843
47675
26784
30911
63262
41405
14571
34084
55419
56045
28307
50296
2831
38569
83385
9086
60581
74162
47331
29723
51377
65034
77964
15484
95649
93326
17607
4515
5840
14921
40832
31510
29976
42262
56970
65016
86217
29508
66615
95335
37376
11529
21724
67977
73905
62831
71185
97594
57037
83513
19929
37557
84630
24366
40281
23488
13544
5793
99053
76971
63694
92529
38872
20796
46551
90165
370
79334
70788
42685
61527
21398
18506
74302
18336
4491
5924
15694
45569
92992
88320
55620
35057
53468
35403
99748
58470
62625
14791
35244
71933
57893
39344
93691
14047
67687
64523
34875
93335
61611
16606
74830
65067
23654
97943
11505
30986
21025
26607
3100
58758
41538
83261
85576
9473
98820
22217
12185
62774
25037
7223
52386
45829
71059
34514
50474
20632
18867
45219
73535
11441
9380
61077
56699
86013
45439
11874
30561
43629
26376
17539
2676
24489
86098
18817
51457
38537
55532
14036
56755
58592
10012
80108
73413
23586
49892
4550
97884
30863
54579
77801
27766
11363
74117
11382
4150
55317
52798
28455
64650
22074
63819
53487
18261
92450
21889
38511
18581
12926
50375
70318
90797
33004
85364
30965
52396
73801
46015
85773
45078
17695
74991
53479
9727
80141
98240
86196
39255
37019
47004
33638
97705
10619
80403
18006
59092
46938
28849
59148
66477
46232
44405
33323
16220
50411
34322
31909
65796
14610
63926
27431
38848
43031
24907
68881
80082
88137
15014
5287
38419
65203
3865
49486
25751
9195
15431
54119
4682
15933
83296
85876
59204
18204
22509
30945
50671
51038
79331
78984
70874
2838
59737
22088
22271
58235
11868
2748
86595
10851
6008
74894
98064
42588
11527
77830
25048
59657
9193
37446
76433
679
85092
14587
75709
10149
39013
10887
13148
24023
79154
52187
59151
4647
85914
23114
40724
52895
32002
88780
63178
80985
54093
23618
4973
53582
57086
65522
69339
33389
87255
18071
26961
66170
21311
62042
31344
72908
70682
38510
14122
66787
62354
53047
46669
80776
42652
4956
75612
48144
38836
99268
20578
1424
6187
10564
92163
68439
43371
50732
66116
43575
75747
8822
29518
61333
6687
38953
89187
85217
73774
1342
45719
30997
32597
32359
26025
28792
49241
16849
68261
94283
79224
14616
77218
48201
65164
9112
49164
29924
66821
68420
38221
45288
31808
69475
33405
49115
12507
33234
33236
36182
73168
67327
77126
11889
45784
75150
51370
38598
36709
12699
2595
23854
6021
89503
21239
27877
33450
68839
65555
52502
21056
27783
5126
43151
15061
38897
93972
4864
63119
18372
67059
27950
57671
95652
97896
59760
11381
58332
53394
2802
17293
70876
37313
69340
25309
820
91486
58037
83836
21119
3229
78255
10746
997
82183
955
50240
62733
7260
33713
33253
13801
29638
89268
42445
58785
39783
28654
52294
36599
26450
33066
93355
96443
54224
72340
91661
68837
75421
61241
80736
34862
43391
61367
96456
66180
79157
66247
28779
43924
43926
22448
41673
80215
99698
91889
90098
72673
65970
73787
55653
7940
40838
13609
23401
48675
78026
5224
43037
9970
84736
59592
27680
4656
93378
57510
73655
43551
54531
42281
93818
95281
73410
66172
26017
84394
53386
34181
9935
27016
70574
55914
42718
62146
75449
46662
90079
18160
87546
50673
56666
38432
10757
77282
54065
11562
13891
56624
72625
30261
53265
53602
12899
28302
75892
2602
13796
39866
77289
95364
70942
88347
12647
74318
92334
54786
64548
57097
83348
74886
15489
98594
30195
87357
17411
49177
81752
71573
91298
8662
45668
96620
82704
91626
52799
88528
62045
77717
59374
62143
29075
98497
82721
24251
34446
48115
6463
71649
61176
92414
53472
57685
69566
32471
86455
66594
46684
17315
55528
70271
24910
21908
83884
4974
57670
15147
10284
58926
68668
64031
32603
48054
65265
18293
20437
18180
59124
76793
91344
65110
28811
96432
81667
25004
69061
98998
8983
16580
59237
43459
48925
3646
14561
50931
3915
96915
12197
83739
3500
60134
98547
35749
25409
10382
64023
99320
81617
24505
59407
82089
86577
97782
80688
94105
91526
3430
32573
87008
53896
56811
57553
66337
95293
32467
99846
82844
33976
30982
51493
22143
60846
64655
21805
21441
34389
45372
46914
86169
92571
79330
79934
90082
29845
67534
27123
27437
32506
59758
5932
65872
14385
64025
81426
93286
49056
58180
32898
61559
4511
24125
39168
34846
80632
38593
62194
38755
10506
9403
31583
97352
6389
31777
63768
62141
44882
45943
8776
72845
34510
37137
8837
98071
24925
51437
27545
83906
59443
84415
83467
47391
36839
59466
19043
6207
80438
51302
5481
72721
31171
21607
27901
49723
81374
29323
51378
87604
13412
8212
50316
86556
55073
95067
21323
56373
99453
12303
57246
3173
51918
1203
54591
54642
95146
63318
74739
25669
3174
16924
2863
52456
67694
87840
59316
73271
71148
60157
37328
6538
88653
59392
14220
29439
16046
71328
66319
89182
83394
69852
14217
61591
91052
95175
16899
83750
19438
8874
61067
81562
32395
73267
43776
97375
85448
333
93069
43811
75283
71535
78833
10822
30668
17437
88866
51310
12840
23946
75082
12016
64200
74015
91852
42940
51680
9416
81407
84151
45213
50315
70021
81497
60867
79053
63352
89571
26931
95131
35297
94513
37607
67776
69214
31398
26261
29258
95724
44678
30084
52890
3341
21207
79366
71384
17509
95241
34275
85202
37017
70455
84282
14886
30850
39304
65200
40767
53539
97778
67485
7618
88995
33371
83091
50032
96186
57460
58895
23337
46973
42115
37979
84844
15913
30320
66895
11880
86064
30752
1059
14685
61097
37574
21509
40622
73693
82952
19213
39698
81052
61531
22514
13994
6536
55358
34076
40791
11311
52227
3672
2623
94284
95068
47543
23743
38865
95990
35311
41324
33702
86687
28472
87208
2426
41377
87069
46078
9976
46960
51077
50428
51927
51027
41692
34700
23527
50399
84681
31793
94249
2140
9877
42585
99740
16218
19287
23885
7772
66827
90859
58763
71519
11462
10644
79935
56630
90328
28428
49242
49809
5281
78343
43876
98723
78955
4399
7899
62837
46959
90816
63402
99011
9278
2445
32060
82363
12294
66671
52770
34808
14845
45125
96546
82688
88672
77593
52804
14247
13206
6354
85600
49893
14402
83638
14052
48376
63458
10152
83932
19466
41228
28142
58643
15017
26373
65768
53656
76985
43859
96227
49661
46566
16342
16263
76477
17633
33960
48844
45171
79675
1413
69472
84865
30046
12012
28316
5582
59094
85242
59115
30058
78927
18193
19716
48308
51511
64772
84147
26825
76277
56162
47481
51766
96540
50900
87064
72056
10147
68269
6161
86178
54881
16085
6262
532
284
32293
64581
83171
38076
29576
31974
82943
75316
65857
14870
25816
86571
7209
37836
75254
97493
93522
8710
87911
13817
24793
1564
81065
47192
58239
82288
46251
34832
48486
51617
97587
48057
16422
20432
5400
11540
58102
37941
3184
22794
34781
55753
3829
33994
71146
27823
69336
72817
48262
5663
4921
12963
85599
33617
4709
86563
88854
12431
89939
6939
83447
77919
45739
21692
53144
45320
35849
75359
58724
19225
15587
78987
91108
63690
48015
83951
98962
58168
25357
96402
52505
39187
53719
6215
94442
99904
33553
71874
38089
74884
36034
19759
88086
82492
47641
86686
29334
92747
90886
3693
61999
22094
99008
30503
75519
95464
16086
863
86733
10666
96102
91334
81855
81786
12887
58502
10091
59815
60816
78244
45072
96376
51136
84943
75451
67218
60501
94433
42640
8159
69452
21926
82360
93506
91897
82913
2040
45937
18356
3195
5493
78
59470
29489
24179
78091
42419
44428
27064
99253
80645
1964
20337
41836
92888
60837
43340
70620
19814
96053
19144
32518
42817
33729
35331
90196
77417
3469
10796
86717
74941
2894
11665
51583
29417
43936
97897
29286
52190
76414
73770
3571
51673
72570
33443
11645
97855
84434
8646
15218
54114
26733
72887
1014
53184
50702
12202
9072
47828
48217
52526
84713
99241
14681
58160
59945
3641
48706
29177
93655
86508
36202
47785
48544
27477
92807
18315
63184
14154
12611
48902
11152
61316
55862
86987
51230
88996
32575
28960
41090
70126
51941
19097
23426
67603
42107
78772
20812
23326
95823
23161
2635
55888
44102
97420
88766
72161
46832
48570
22346
91446
48125
84973
76246
57114
80296
53607
59655
76376
19530
2569
27982
92953
92225
46155
48774
78861
45481
38659
4729
57250
84801
30277
43334
19383
14257
74556
8647
14794
2610
38189
66719
44230
80026
32332
90450
1521
70984
47665
29078
55608
9170
37608
15685
7693
52364
68386
62976
60075
55682
29201
66903
17659
11763
3482
51175
6857
90485
4860
39926
3465
30780
71717
4701
33568
89937
50786
27706
39961
8763
1533
7876
22010
23344
20433
49408
28943
68424
72315
77513
27354
37490
59633
92911
92243
28082
14700
80779
3760
65141
98757
67555
40860
3505
50968
45027
85977
46368
50086
87304
59431
34245
37857
43699
32852
82818
14327
81210
99405
32716
52356
2405
39075
82535
40889
96564
75490
72584
63451
20942
42807
51970
66179
97453
72124
1168
59456
78409
90889
96429
64251
2338
93370
43449
22589
89429
30309
41828
22557
2955
71079
42155
99274
92919
81564
40294
51890
62533
78921
46315
43758
16667
98764
90613
30223
69327
96566
74905
97519
26183
47157
12105
17515
60990
31699
88829
25741
9615
56760
55111
17500
99949
90326
55477
12917
91146
4952
50227
93073
65882
90276
70993
41961
11731
54143
42834
63480
80708
74849
99178
69503
34493
351
76837
64423
78962
70964
45518
52940
91659
20387
94143
10547
55126
40878
53793
84645
15137
11422
55530
48906
12253
34101
73873
37648
23397
23029
68918
67221
75858
94420
21942
26254
51896
80425
67457
83998
78342
3568
15725
43890
23539
68125
66524
7857
28141
83548
42937
48323
1018
79374
27127
63882
2341
93356
41541
27108
47191
33048
13465
49461
43824
91740
28535
11427
77437
8128
75308
43600
53458
49612
27335
10555
8186
10927
66884
21609
92536
90250
1489
85380
81222
62768
86603
33700
5196
53794
69278
91494
63627
74846
65773
53286
79878
46541
72891
25588
39904
82489
50807
66352
63085
5036
46109
27616
6774
46240
8824
39383
52077
91007
79272
7408
88230
60553
99979
11258
98335
42081
13848
51774
12061
95942
37893
91250
45308
11773
10304
43437
77261
29998
52176
1446
89995
32535
9571
61039
14126
23128
11368
91602
31809
81462
60540
17286
11622
44171
37638
70306
84117
42617
32752
19628
3363
30191
88496
30398
31538
1893
12196
62074
8987
39088
12415
12693
34415
50860
31057
39502
14660
49926
16117
40047
41820
23857
1383
34487
59513
78756
96251
44427
89034
5614
54746
59121
50305
16613
79303
80792
51171
90660
90264
27025
59755
96016
23370
84340
3667
61451
67376
21160
9021
91212
82648
72475
42401
34053
73716
23070
19947
64186
56731
68540
27641
38905
92538
76576
22520
20895
72620
32606
21282
77479
35257
38919
4907
80476
34146
21474
84564
19663
78852
94229
55923
83455
55139
23689
29494
71317
80338
87439
70340
56241
52985
92847
13917
66837
40643
37125
45218
56696
14392
58790
16754
26156
75474
45710
42117
31883
4136
62014
4479
28083
53704
7306
66167
97445
33185
48000
95759
83934
78392
31306
48866
92311
54603
69253
42813
53103
32791
10706
61979
43370
79842
43693
42967
1458
65511
11450
86347
58898
23481
44954
81906
51253
45126
30563
57493
67611
83991
52522
88249
97507
85466
37886
83571
19234
57760
95369
94647
59532
17005
25151
66939
32430
52106
89863
27765
47186
55540
33291
81286
28484
74136
68446
72528
22098
12082
758
51828
10005
9879
33011
59197
71240
43400
85316
88472
14666
87905
82504
5289
91701
77808
99166
5210
34732
40393
55654
61877
24849
89143
11479
12492
23685
4122
96712
2158
85283
93811
12640
16842
86879
44469
94155
60986
81035
55242
67349
84226
3702
92059
64090
99681
73428
39897
26437
2692
99769
67210
34939
9004
43077
51683
37015
58950
64968
57827
38845
18127
38772
34964
29180
77666
1319
9168
93562
56139
34221
35647
62926
14655
4840
80357
17369
57215
4873
33968
75079
86824
73218
56473
75946
7331
46628
28662
70974
22605
81096
40769
26064
61339
32000
20940
20875
42671
94071
71273
10835
9074
1184
43271
94496
43713
43313
61855
80552
63657
53553
39592
94529
73215
29283
86816
2882
87608
17288
39041
59598
6949
83784
39023
7868
20206
26512
62700
21403
11997
86208
46747
35777
63883
57145
87717
55905
18102
53316
14721
82313
64164
40984
86955
84523
58322
80376
90297
31821
52639
8155
93207
41232
85676
16618
74236
23390
34526
83430
87436
85537
27636
89384
33361
66865
41707
20774
56251
38719
23041
16008
63357
27366
56290
62618
69714
66498
88285
47577
14437
31887
34599
13928
31164
91938
21019
87979
24521
71159
66458
44841
57849
23595
6210
43125
57129
81256
16461
90104
41878
86081
57167
77004
73121
90706
64045
78047
66250
15418
98305
1755
52289
4
83431
14170
98865
59809
26014
76796
12920
63334
78084
88855
16368
98413
2925
87511
48733
40737
4756
42657
46050
16565
20072
61139
63252
91691
20333
3526
75902
45604
53273
95029
4794
66220
41144
29251
97742
44239
10372
63001
66008
20210
35171
64111
88932
35443
44328
59253
7670
83375
58019
50692
32374
40102
25929
63652
40091
33346
86032
62764
86557
14965
94272
32383
35939
10383
18983
13584
52872
26377
67318
41153
53277
10211
8990
25545
70987
20211
94339
55230
62698
56414
77104
65060
28952
55482
66103
79905
32362
85930
79619
28782
57602
84874
64638
37702
96381
99500
42145
86746
96145
71694
18232
7891
10447
12844
67216
66263
28772
32145
72555
87533
68690
11963
77857
35099
6293
88298
2071
93560
27330
5014
4967
18524
73005
9562
34622
47834
8657
25124
44263
92090
18459
3917
37501
3066
66452
81363
63489
13892
49846
3294
58049
67277
13712
34806
71690
28439
22215
43389
44341
69509
58309
14192
63524
34337
62332
52708
45507
94235
88725
31480
61844
23010
35154
85969
79432
87077
85067
62501
1057
84460
70058
19022
64351
74021
10920
16352
90763
83671
98719
20639
45514
36405
80718
86729
62170
66755
93756
72540
53268
60267
27155
19939
73093
98046
59734
8946
8609
78275
23256
12606
5622
88556
81227
43739
25224
84065
78574
3644
64826
85166
94684
41813
7802
42284
45570
45517
73358
71762
37282
66108
72237
21132
15522
70067
64477
27871
91909
92634
97270
32903
3534
97166
4617
10664
6279
45349
31190
28258
64231
4065
89354
50194
85142
88660
71035
6775
78848
18144
54420
82638
51951
54084
36001
2058
83253
50477
39870
18853
44346
97288
91046
92958
7520
16047
13481
45450
24972
63858
11487
87138
58155
63019
69014
57195
16935
1067
16068
31872
2210
81018
84880
60578
79237
97154
81955
93097
71988
61585
62763
81856
1684
77152
2938
73021
27141
50508
29213
27870
87937
17074
40206
51791
34674
5643
21155
18227
75867
69145
2256
93322
19804
90594
70180
49797
60428
62669
20037
99717
70308
69900
10933
23051
17340
39237
38866
46780
52371
34257
55580
19893
55384
94864
65276
6607
32404
53119
76621
31769
95545
28070
27801
7049
45303
86008
98317
48159
55225
85306
2277
22145
81311
596
59117
91638
6494
16380
75948
46213
40438
39847
82084
20991
43647
79307
80250
2028
66934
88424
43122
41200
24035
69843
36832
19238
28686
47354
33549
38066
82246
35577
19244
21045
19325
10334
48940
3897
10233
32477
66136
3619
54729
91305
14949
47449
85319
99362
39038
72173
7938
95283
64526
74874
67453
97772
28431
77559
95297
2473
16026
24112
61665
49572
69137
67834
21299
42237
63871
23164
64166
9653
45159
36273
62639
65479
44634
74891
21744
31680
78326
8525
89416
77182
24681
8832
73657
7691
93188
22404
76583
9386
35466
96301
40373
44306
82810
51740
86295
77521
10688
14132
21068
28660
4127
45382
62361
22489
58144
79183
64989
8748
1345
11651
26928
51251
67718
33616
64946
75114
15312
83274
94840
78995
40539
69510
55462
12219
9383
81765
18647
95109
83148
59631
76200
26792
70189
82498
49374
6652
4478
31248
53449
8978
7471
46175
91585
91554
34204
50158
7466
94046
80358
1095
78484
18812
18510
33362
75970
26582
35407
51865
6181
36166
2583
95691
97964
18752
66502
82394
49727
49739
94072
91037
62654
76538
93571
90139
50681
91012
60347
13051
17188
88659
95546
90926
17341
39367
84178
88684
45965
78452
47170
62891
87694
65759
28370
75161
72546
2246
48105
24799
60644
21368
99669
62088
25347
30383
85377
13076
53880
54929
56939
56634
72435
46779
27156
52870
18532
30136
72064
78280
56006
80452
59203
15967
95516
40949
63628
78009
92890
42158
99805
87877
18666
77438
38226
65928
35715
52938
16028
20828
63374
88479
72702
77509
99959
9219
61473
58408
40405
22472
86398
29774
81971
91647
84743
7546
36812
77217
53673
6923
56282
13419
45987
5015
53313
73982
80308
58329
754
15568
33334
28426
73552
17440
48726
63940
35320
63500
56551
23020
95509
63621
28334
94367
83664
54802
37162
9772
28549
39969
75599
95813
41455
70149
86294
4432
1426
5755
8481
97381
5394
67867
26740
78408
90586
99743
57285
66191
15899
41815
20279
83448
93743
92321
58457
5222
90197
1671
5468
93437
71295
48485
74613
12648
34172
84957
90155
41089
87372
57619
10949
69527
54070
39012
26819
29894
17758
85583
48325
57589
91180
15599
16166
97572
9755
31833
13829
69991
82805
32229
30361
5135
50540
89322
28579
22398
12696
19661
69912
71462
12296
27260
96024
91103
26081
65022
64253
9695
47611
16229
19629
82868
74212
20923
58614
37028
15337
84084
59060
30238
27004
15716
51314
52003
35907
1883
2271
44856
62462
12369
34055
26079
87829
27055
76213
60790
43756
82726
18062
23216
53696
506
88699
54987
28898
72838
31245
11461
12429
28242
68755
10629
3614
76125
32659
54205
55176
79609
47529
5207
51049
86034
91330
99602
46204
71823
13314
71585
94359
48411
89358
22228
26563
86857
54305
18973
41343
44226
47674
21912
31234
27376
65343
14724
16577
88988
97758
27628
53278
13496
72538
18960
26542
5055
72406
56603
12404
63870
66134
68208
37369
95852
70020
76088
38554
90573
75969
57254
85827
61452
3957
94489
92126
98832
13654
6820
86819
31009
4655
98564
84347
88939
47983
46138
64597
69539
22842
1748
99978
32654
9273
42184
20177
70481
68958
73830
95579
36512
63777
76354
13007
78238
85569
24333
36547
1665
7978
76501
42790
68892
33896
68187
63762
51142
27416
41167
38677
25961
60538
99167
80976
6091
5852
82432
68599
95517
87818
40508
59348
28173
78930
84770
54027
18374
90425
39473
41687
48253
73872
42798
26390
82534
24859
98170
98807
61383
26665
5430
49215
29596
21816
56287
47483
79515
13212
39838
67278
78719
85802
7478
84955
78050
30581
96749
82485
31265
73077
34580
21989
85663
22338
60297
57072
64992
51420
88161
79986
77129
11617
3435
17448
22168
53728
9948
42519
54356
61732
31806
45944
54126
87589
39267
46763
17578
96933
32310
30241
59761
12623
52099
9882
29853
85471
45199
63063
28291
66390
89747
30080
17405
87188
35926
89213
96138
32613
13031
49812
41151
94177
40818
29642
57830
43499
32059
25556
62709
66313
48938
47396
4894
38538
39166
91538
4265
8150
33861
239
75108
72240
40148
56686
2042
73269
45407
74917
34507
2624
93309
43818
71788
81966
20789
65026
92069
85349
98617
32970
97135
17027
47015
54216
49229
69086
57969
62870
82643
63799
57711
91720
22687
44100
33119
17318
7688
88384
34288
8804
22930
75984
43783
44633
91008
80606
93280
57544
32360
60904
81290
83723
97991
7991
73138
88055
33575
70783
37952
77590
55927
75731
15881
84888
37089
64074
33970
35759
63291
11393
88883
81898
29547
32389
81371
25130
33176
24109
54022
84851
93591
32912
12313
80614
45140
71670
10157
7810
89539
26176
31145
51419
7480
1769
2034
72469
45306
49807
85489
53788
25568
97744
71471
69311
21463
62896
75551
16233
74243
64686
95133
2559
27010
41609
26785
83278
66605
30545
43345
22982
2593
33322
61595
55670
77585
30737
44598
29650
58581
46848
7062
63778
23788
76150
80791
57705
58850
93663
8753
52843
64010
43696
4746
12996
43872
25940
33803
90201
17522
3660
54611
86870
71794
62169
9126
77773
58737
40283
34169
98991
59293
55519
95609
79866
7186
89768
34069
68535
16168
86446
51858
88435
16136
76527
92701
71863
52987
12660
30591
67151
50662
7149
63466
70027
50151
6469
1393
39277
89687
98294
39513
36240
11702
67019
4540
72229
44558
75856
16682
41417
70311
64603
9968
76324
24922
38926
56913
69563
97426
83240
87639
60025
90751
61518
63066
6377
66280
690
46307
91586
65419
1714
32233
85469
91253
98258
43915
29137
85175
99487
12241
48065
55906
39695
87123
37801
52007
30699
6673
34709
25609
4425
43690
38446
89337
51463
5048
682
94236
14286
32820
35469
99469
32720
77528
45296
61547
67766
18762
55108
51643
19268
25920
44089
72943
95167
32922
27933
71923
45086
4652
23564
58080
3860
55486
40090
52782
2354
10176
96149
85700
50076
49697
53743
96430
94559
79052
18057
52012
13813
49813
46455
99662
25678
91193
9894
88100
19047
7807
51015
75597
63051
20366
78421
64851
87491
61509
71454
85685
66513
65953
25988
59284
25946
98554
35024
25677
41329
10524
53999
17094
12423
44434
55194
69731
31111
76947
37432
26933
75525
62487
72113
66415
98612
78778
56510
34143
45039
8202
4784
36363
67412
48692
97895
13128
26660
78779
1298
73776
44858
21459
56416
10848
61583
30400
95566
38394
96187
35399
42942
16904
57342
13407
95694
93153
3412
33399
50619
58832
10485
47907
85570
60024
46811
24627
11338
58134
76654
15958
20836
3835
97245
26545
36784
56861
48082
28892
92297
22284
78502
59483
70484
19622
69665
6146
37907
48580
55254
45232
52562
69641
65435
17628
55161
12582
46537
77050
38699
35005
71456
7047
53966
42689
44865
27201
74630
322
2431
13551
33680
37262
58429
78354
78727
40686
4684
80233
2252
35470
17719
90682
24506
25973
30179
70768
41934
23231
61163
7990
60507
82187
48549
36440
52085
40155
28526
38362
18860
52653
89334
20069
1961
71684
97328
74651
21941
63319
95781
77512
36669
16280
95510
68280
34884
47350
64432
5199
43718
34437
79772
9215
82216
66100
19911
33404
62795
73546
94475
71594
8450
53206
50586
37742
96799
12406
2259
66025
55463
71986
93656
18274
25558
27999
64631
85418
54883
63677
61623
37428
99252
7792
70890
61173
38484
50558
8013
72623
24117
75555
10671
64550
2035
98821
16695
8547
92780
88520
30559
53191
5630
75963
75699
76298
85294
69129
95753
88582
62267
2102
73384
35550
45102
76942
87749
33304
695
41467
42627
56208
79805
20092
36928
23660
21243
13842
27450
4535
59606
97247
76145
52413
79995
25355
43571
39706
61741
62668
39017
11703
39663
52947
11924
46837
40193
97418
64047
90828
46300
41289
34061
58467
45529
15348
88633
43263
27816
87861
80863
3552
94204
38444
46711
47302
39409
2641
74097
35774
37157
59202
10750
65878
53652
4750
9332
964
49513
45803
4610
15509
99767
81267
19710
58136
42740
486
71818
53112
6503
63510
68173
17246
6316
14556
99442
55808
41489
31868
82667
68661
56152
74284
6323
60523
64425
2736
55789
61365
13968
50171
12602
66783
28818
28739
54245
28825
87095
41730
2684
46163
77920
66158
17560
63580
5478
9050
60009
94162
39717
94535
41923
17531
94679
26558
24271
29739
81758
50647
37860
47042
51273
59065
11518
21559
16519
48789
41911
11717
41348
57262
18346
9445
7501
53166
33300
49333
91050
58699
951
61701
61645
25889
61815
96166
15244
22931
37760
97804
25554
66728
46313
40011
2302
61907
43625
83899
97799
93196
4352
17388
91660
58757
7207
56408
142
10076
56880
15986
40744
34339
69332
85326
11239
36940
60725
28328
65791
43574
91911
56476
88919
78175
47579
23349
78262
21667
96313
92788
77524
59224
98663
22007
46974
80076
39530
35913
84018
95543
70771
38640
15480
31805
33580
96064
36491
55444
20785
24448
26950
94580
26057
57770
98185
38681
94438
95126
80994
10090
93319
41113
81534
49224
77247
66641
50861
91074
30939
76078
67674
29122
13579
64094
20749
24856
2316
75491
32917
77489
39876
78825
68317
86308
22299
51696
83039
89442
77255
84426
71543
13046
10495
43185
11076
5984
98073
10468
89919
71841
97428
44201
85102
32976
13468
37403
72524
37202
71872
33592
10692
40922
18616
24389
27867
87826
34004
37450
63309
51398
6885
23375
93926
53131
18513
72659
32520
31079
66533
80774
47582
81700
33218
66598
50229
80301
86462
76035
82618
22441
95197
11599
90873
15925
19561
23273
7773
19039
18811
78827
32208
44788
74339
79781
62149
58880
45759
33453
90272
87209
7232
70660
17362
71168
37095
60606
19513
96008
58437
63335
17739
52626
92775
39919
92398
66630
85328
94973
106
80049
19081
72572
3222
46486
25690
1527
52580
64868
32514
48046
86568
67075
27341
72651
25906
66929
95877
19689
36704
87172
34703
36999
22951
98319
14972
15123
65965
51496
73282
35610
30052
99077
23295
80132
26935
45458
35866
29702
35855
26111
73681
11536
38686
28280
84258
62356
28638
68616
81030
13442
40348
32256
21070
75204
53196
73549
14147
13515
55013
10097
113
62734
83798
94772
83446
53493
5947
18486
82620
19085
17597
20469
12389
24278
9264
21658
75188
73506
38732
19635
48410
96080
72698
91462
69181
121
94427
91453
41989
33999
79271
49853
8490
2420
92844
82325
28937
71077
68740
65439
99968
36121
65301
9913
12169
36423
26671
53017
38064
81228
95978
29906
20391
79711
64241
39615
98320
46440
91954
90663
78300
87418
46935
35806
4229
41294
60412
23843
17262
5835
57483
60494
4703
37054
78522
16516
54548
86774
70177
25534
98573
46571
8575
9953
42734
76380
64784
84217
28088
42358
64395
60179
96484
33188
2492
26197
9758
42651
43759
32805
35772
92873
58597
45217
26258
80658
55551
85767
58574
67749
89186
27337
55438
36018
30672
24916
9946
45618
66916
50349
20134
6869
88301
7641
6837
45863
76711
53992
28247
67858
12094
83905
69307
62665
96978
53379
49996
308
7369
81148
69088
79176
22001
63470
16627
97157
67823
33436
87217
40271
90768
70912
98577
56905
62705
35890
15322
78320
21276
38224
36294
91268
13094
35420
64737
56375
14040
64696
24965
77893
87168
70857
10894
84716
59257
5874
81166
74149
99423
50222
42003
27128
17109
80185
34586
72304
15410
47251
59340
29237
98525
84589
86487
57376
23676
62626
56877
36891
15975
39656
64428
83716
49398
16921
58542
81463
26171
60646
33015
28465
87349
4923
58173
94141
57945
1970
33838
5371
70646
24410
36086
26956
29892
50889
2243
38631
64206
59726
41044
81296
8798
90456
77658
8064
43394
75429
18594
34145
76479
20503
90974
41715
11650
67073
61395
15046
4800
70610
39167
48835
61352
97850
1532
20689
29919
90500
1402
8546
12854
31446
48895
26367
43953
12590
94873
61753
27596
28364
31118
75609
39122
5958
26924
74030
20010
39917
70146
61407
38183
50840
38006
53356
41369
81596
70147
24404
80041
49197
21460
24438
22615
90016
17868
76055
28394
18829
15580
58208
91240
98682
7655
92751
11233
15077
98534
55582
30856
33821
70381
19961
95786
38050
45561
1159
83872
70120
75149
52942
26818
28444
83617
18354
73478
26472
84000
33545
5968
81972
31067
17661
11007
22138
54854
96003
71315
99185
33712
14897
4143
59022
13795
19995
58060
53962
43664
952
92785
39509
82762
13443
41037
44937
56384
69289
65363
97327
49943
41025
98063
8142
12173
51468
71292
37429
88717
57869
36758
87193
85646
15311
45549
53010
71053
58483
28541
60819
85162
54728
28767
45241
40301
57498
77721
88972
99685
29135
46826
53116
20802
7067
31296
45660
20275
97859
72224
19322
27923
37554
74023
12823
82701
45980
8294
21266
80060
63640
49070
55999
17952
534
44569
79504
99712
31898
43213
61303
86831
424
81043
81071
10696
15251
49341
95140
94431
11235
11980
27482
52428
14748
59538
20277
74395
56120
46445
7224
27590
38298
81306
30603
60759
97672
33759
13869
83424
3720
29186
3495
90186
55924
23733
69461
96494
38153
90090
58316
19067
34393
47926
9681
60943
78178
365
43587
53372
60994
47985
83174
57360
53753
94358
64019
21177
22841
64334
9083
82219
50190
37930
50295
16130
2951
48967
95692
43046
6346
91090
71805
16903
62973
17950
91727
14971
32111
3740
11385
80953
20286
97917
25252
20956
27059
60910
58775
74730
20093
6793
3746
53121
39024
83555
7416
32749
81663
4882
89278
24945
57970
27223
94966
25656
27917
61584
87486
14564
973
77694
88216
69213
53285
40523
42809
96687
40297
10251
56299
96398
35763
40618
81879
38079
95806
81283
35955
63272
38808
62979
32361
7068
62251
18317
90457
53327
92351
47668
91086
98479
60613
29448
7980
84671
36022
66323
53888
70165
23996
13012
27634
15981
86093
82127
69078
71830
4272
92396
46433
65042
6579
11135
93288
47796
27136
99718
70325
11843
44473
74761
54863
81005
62883
76765
51579
99174
420
53088
89199
37479
69483
21047
14279
82194
43572
43733
83614
7341
22250
30243
44149
22915
82895
1954
41797
32722
6997
29543
45888
29949
31776
67620
70781
26762
8781
59379
64396
49820
73051
54664
63769
37623
89108
54429
51518
83667
41839
78605
74011
93090
54670
3666
70677
72716
33494
60849
68202
20504
61342
70515
5312
23369
16605
35032
54026
85669
61296
40483
47204
1644
4570
25715
31715
52579
83817
80805
84487
68719
63508
60473
26293
39921
51018
70843
66150
4070
12274
31362
56851
8479
95338
49600
80246
19921
92231
6628
4208
73548
51604
55054
53339
11913
5098
50772
10435
92161
23096
89897
46549
59057
95112
12549
8611
6180
32026
32052
28261
43519
94285
1624
39368
37226
89938
55448
23745
51343
13172
67576
55507
79849
12557
67791
54610
25882
48793
32816
57477
13228
73618
71057
10260
42548
69039
43998
65867
57529
31022
98193
25455
38675
51576
82815
78562
24363
44819
93362
88141
4914
31592
93687
81006
77018
22528
26002
79873
76716
3671
51996
91525
6072
22177
78042
63041
5573
23347
79662
92943
83304
36870
31352
16538
79993
18449
68854
68274
87610
93925
33275
50981
1246
15130
60448
90263
71327
66194
50101
37303
98482
80975
35346
73839
93369
63929
4922
45124
57617
83844
75924
41047
72262
78071
31940
93795
69544
37322
55596
51848
16702
90350
68456
17361
76229
7309
63254
25667
5560
80265
27436
11918
39762
94991
81082
8540
42116
22236
25978
21179
32351
3312
39988
57409
23822
58882
63781
32455
70103
62967
59936
35868
91782
80445
18725
1063
7560
61663
89283
804
31987
1728
62736
89438
55001
60456
3976
18471
40365
30938
43015
48028
78082
26073
53078
36740
64509
51469
52531
49553
48157
76722
62206
7847
30542
7635
25788
58744
58819
73920
83801
89665
46460
70777
21251
75553
13684
48586
94435
75882
54815
99984
51111
42239
43674
44261
45494
71494
65972
23171
23018
74979
712
98314
78638
37385
45285
75623
92432
55703
94506
42983
50751
36728
75803
17858
15676
24392
75419
38255
64646
88199
34762
51989
2971
85983
90267
60330
56451
36156
61824
93347
38439
77986
12639
1254
91255
99308
75805
52829
90475
35905
20256
16574
62309
26467
54961
88448
87965
31492
59869
41287
20518
7956
61389
12813
662
96479
23737
84937
61103
22996
47505
83070
4271
48498
75347
43363
83598
83676
50973
8193
31232
79197
77109
52228
56539
29072
19717
90733
44691
98710
51937
8225
49151
8409
82699
64922
97735
12821
36497
99577
17491
47105
69524
32243
37812
38656
11607
87765
74185
32804
70037
48036
11181
79431
68825
79468
14457
38454
46456
71693
12871
49083
92
31877
2268
42448
52537
72663
83537
31989
32706
2887
60583
68994
14218
55392
33760
14548
41922
83181
52511
56496
52224
37213
31032
33303
52645
89935
51992
51983
63977
38718
7463
93704
65434
15200
37350
69098
64892
97973
48996
46417
54547
59545
38015
53742
72793
14011
92837
88198
85335
13473
16293
30114
13038
15590
12498
78988
83642
64606
90289
76182
49062
76573
90073
42405
64008
58023
9377
45402
75320
62869
96512
88960
75230
49057
46639
55030
16048
3845
19135
12246
5543
28597
99971
45675
23266
82020
59593
87269
10019
1598
11691
74148
98488
30217
17031
9806
2217
31520
39975
90309
8901
32214
30880
33991
50264
16056
64312
21960
55203
79825
53408
16931
49023
95375
7316
37686
98471
22856
11979
42413
32107
19908
74871
83155
59609
55827
1953
36751
40638
68334
9721
16396
21985
91784
7997
45152
75066
70640
74111
68566
14360
31632
72860
78555
24875
4367
58067
74647
50024
51695
60230
80015
22735
8207
897
55156
7832
60293
7811
48461
96741
56503
60931
99415
67252
37035
54912
78589
89721
95231
23805
9666
52455
81288
7734
77538
17518
76892
59822
74363
25592
57255
62993
28623
78273
83451
62028
39575
71421
42648
83912
12897
336
53580
87387
16195
89796
53494
23321
71129
94673
38842
88600
75213
27473
89528
38366
80600
57881
24873
59264
34953
45664
38613
87230
60046
46553
30621
64908
55953
87548
35721
2151
8623
10364
70319
41045
67178
22484
88670
77711
97102
9305
50124
5179
6441
60697
26674
89878
81811
33229
71355
97838
36231
98920
36696
52847
98300
78508
62380
1313
65646
5470
98381
29679
20919
34888
13226
1416
2636
38978
16275
75368
48930
58291
54382
76039
20042
12030
20524
465
87729
47459
3243
50514
90773
17713
47028
16315
48192
99210
50563
39057
69416
57491
92999
58866
2221
66997
28468
80188
89667
80441
99911
51315
74232
51359
67410
97345
81754
61480
37914
20284
54620
96892
58029
72719
8591
60034
94697
29086
29158
53303
6438
52650
66756
79467
52409
23428
33606
25842
35533
8684
66001
67642
87321
75398
38209
83255
48806
35101
94943
57007
7299
4075
65232
6197
40100
44235
58159
98833
32540
62578
4988
44241
58165
91615
93419
37510
89961
59768
31895
3630
143
52019
68659
41065
22862
55981
7359
27152
61519
22812
48767
24040
18996
35350
48059
84472
92217
67557
34665
47429
74775
34958
44619
75016
81244
5578
6516
990
57015
66515
21664
2321
39639
5272
96017
92056
262
37128
68088
28905
72131
66486
85357
83405
72946
31005
86089
13136
99905
27396
2677
18283
88277
75655
29342
569
70921
41299
56320
38913
80453
36356
65063
237
17879
45051
56466
62137
65800
81023
81163
19490
82387
26614
57823
86401
48204
29099
57953
60586
47496
89393
68557
86948
68142
13470
81182
96558
69600
91805
8914
87389
86608
56675
27525
78248
3185
2063
29913
75571
92122
5684
283
63433
37878
41095
87386
31653
13571
91715
13491
55843
92947
62925
15892
48245
57213
25113
70141
61952
1141
13909
90912
5051
21534
76132
81984
92078
88394
51220
69390
93068
75513
4778
31075
6177
44588
61167
66745
94405
133
64512
94591
66980
5243
64575
54351
97624
50359
13653
12694
17683
48533
87310
71300
14898
55966
54083
50568
51187
87305
48232
88248
62029
6575
69016
83052
28761
67382
4275
51248
16801
60577
58232
81903
92557
91303
4111
70806
27051
9733
59608
23325
9584
62197
82426
36544
61875
50802
82252
10813
58186
75159
36192
65616
2995
93095
26845
96584
86024
32649
12324
2549
87993
69222
11881
58121
82477
31102
46685
95701
57264
52023
47733
2484
86086
78334
51134
59611
14368
73347
85727
19248
94493
71404
14918
21943
46665
24770
15852
34790
17130
49367
84796
36389
66585
1719
38154
46165
9206
48899
69507
69899
20260
91304
71977
28900
22288
99208
91588
96150
11341
19507
24156
81471
77575
69260
28895
42167
9553
81154
98463
88773
47140
52919
77229
58368
82319
37545
16706
74176
8886
76240
60026
33854
52162
1052
52469
4998
99739
48764
30829
61862
33339
88195
43192
59722
61891
89030
73357
3105
77516
5919
58307
58670
70710
9176
60985
4050
71870
64574
48583
40302
75090
21473
27256
73108
1898
73057
166
3336
9918
49972
62570
37915
27030
99758
88070
20261
35384
94805
65383
10707
2718
70438
84284
71058
7470
34264
50279
64468
99001
59942
79269
80238
41379
405
74719
9248
67747
71899
64682
41967
93900
49588
85732
41733
63311
11566
21364
97456
40037
72534
55908
63904
2880
74657
56061
48297
67734
74184
29094
85159
50019
94818
9989
6728
67239
79645
73174
11949
90747
52768
43481
46352
75492
56775
48578
39728
38416
47387
48083
40825
40149
73864
13195
73469
85686
82253
33832
23233
89116
6967
51159
85597
3366
61476
39841
26942
42060
85649
91914
46328
6044
67729
87278
93631
10311
75842
71319
98752
68405
8134
71950
22854
82710
60131
30256
59566
4638
99127
42832
26574
17736
50327
4223
32390
88423
47267
78957
68033
38549
69921
85240
24587
65271
1389
46098
94662
8214
6443
32224
18851
64556
46954
43618
84034
63671
28523
24368
92449
4228
47608
81029
80315
99478
25285
26576
21477
70353
74412
47410
7821
8488
98147
87606
47180
72492
64301
2332
92575
86481
20600
23038
88511
28528
22585
84948
45097
81934
55216
75400
90522
89304
52199
53797
58423
74060
71735
95640
15114
97683
19073
3697
18258
98125
98383
10694
14149
83279
249
97837
31058
40571
819
14752
73314
80952
52590
45231
97775
94175
70108
94447
52731
21923
11200
21306
93554
90535
63414
89202
59235
50345
4691
13393
81254
91963
75650
12096
10917
51822
94051
2247
60397
40664
41936
22381
14877
84641
23206
57962
8819
76609
64546
91224
91518
8675
12816
25684
19891
51269
29705
67842
51233
22106
31657
5686
17164
47680
51751
60814
35332
72482
69291
33643
78673
23921
20144
71463
4274
90210
15474
63924
8670
10660
33763
53822
71539
97528
93763
230
31064
80309
28253
21813
62604
88251
54204
89446
68406
84218
65410
79820
1445
77363
46909
3471
18790
22558
48845
60271
65781
49313
16720
90667
7762
52649
74611
28050
19169
28980
78663
15131
42783
60173
7174
23355
24004
89748
40740
55760
99239
77044
20691
43643
27491
59801
30148
73033
67850
7038
67551
81601
96640
41023
35510
22885
32528
16925
61941
8069
32831
94569
43514
10882
70175
50189
65849
70546
23429
7665
59401
32211
27566
26209
93627
44146
77887
528
6557
7640
58846
42223
87568
49380
91002
57955
17166
21771
72722
2331
94106
79117
49420
52300
78122
22660
90835
5305
16660
87279
69631
75277
65305
44932
63846
70422
73418
85672
42240
73112
40541
14108
70813
90112
88986
19230
16266
13418
53501
84794
18493
30003
48306
80726
23139
98641
20897
27423
35039
20554
56063
42484
90820
13963
49234
55699
55943
1703
94901
99397
17898
61444
29953
77597
23466
28062
51910
59681
28675
87616
80540
1260
62013
96002
54771
73630
85191
81332
81531
86239
15819
58024
84361
32144
78345
78815
54135
14839
48855
87876
60614
68956
31108
47816
90325
59273
54328
21642
4862
77324
73480
82208
70811
85085
8510
2800
99483
71085
30726
19722
72728
57648
80690
47466
56111
25006
228
40380
97478
63359
46753
67789
83922
67102
19800
25239
18038
68826
15712
96808
22004
43727
61683
79414
72935
46558
83168
93172
54396
3164
44981
77816
39754
31836
10279
16807
21416
80698
31731
13025
62490
89066
59775
99887
89558
85235
46660
43076
61442
1121
81770
64127
13286
89859
67700
12402
11674
13638
17212
81303
78284
68312
84343
3188
12556
95476
98816
64041
862
35124
7855
86585
83443
71117
51900
53399
4635
55572
96176
61937
22545
23297
37504
27510
20886
31207
62598
26920
5883
74604
78729
77200
57729
64293
45113
60529
5398
14404
56165
83814
18848
70977
21924
51440
9461
68877
24621
69615
76960
93223
54165
30467
74223
55822
33110
3753
21749
94352
491
15690
50246
5740
23520
55325
89259
25551
17438
9209
21834
22199
95687
18252
70066
58876
83485
77052
33360
76731
85989
53041
47808
98303
65371
72560
48702
22201
95845
54066
35692
2860
48463
6881
80045
5895
19219
81814
27967
45455
25991
7026
4537
50632
81327
25526
80818
69180
36262
936
17110
74122
61036
26432
65447
46833
89162
86472
30655
83044
79629
37580
74869
40920
10810
61267
2828
93650
96184
25805
54089
6267
72275
68146
81652
82570
34612
45082
34951
8975
24931
4149
15830
14000
12703
11951
15722
38204
23435
68116
21939
66760
14706
28796
2701
69299
58170
61428
10360
13192
11835
44919
15666
50031
70329
8608
81025
15793
45403
20300
15748
49729
13234
99809
73970
18578
89151
12302
36174
57313
38498
35449
95371
61934
78060
43238
47129
54522
50366
10986
11974
71817
73712
55458
45940
95484
29168
73739
55189
97695
71994
97278
16714
17922
99833
46594
50287
25552
26384
45478
40847
29081
95528
35853
58878
44849
52200
25933
95326
56229
4951
36904
29175
426
7801
42551
83528
77737
52298
73658
3655
40928
66529
53002
93131
19266
74807
96168
63398
71784
52629
19218
52867
63294
6298
34867
15500
98516
16501
20111
32433
87313
86144
46666
20583
42503
42531
10853
14656
14395
34054
89835
2440
41087
82439
64979
45233
89763
48118
60890
59496
67287
6951
66308
23362
13964
10347
62463
20398
94867
37457
7859
94137
83271
61898
22763
61494
61880
42746
31170
66199
90380
25817
61338
72067
74464
63120
71987
28717
95524
48336
68049
72292
36593
56931
80687
94192
43163
96127
12348
77248
40627
91308
41252
51736
19422
98660
24534
20119
73276
65563
32793
61851
53637
54255
11102
13424
85000
45806
94396
51919
68333
43358
48393
97499
91590
28747
36555
62906
96820
30946
83286
83262
42336
40782
52204
23505
59669
15664
48717
39076
32880
69225
97129
60471
10733
89181
51454
623
92762
81186
46170
15987
40111
20
85458
26587
30510
73690
86601
73394
77222
8474
91619
46489
81930
35595
48300
19012
73861
55775
78840
38581
29208
97214
2769
35520
1529
33765
4931
53403
19487
7338
11011
28672
92732
7921
43190
20375
80767
10292
31217
77362
57099
36781
54792
25577
30795
68327
85656
82330
53235
54450
6515
53194
8573
61390
59861
93447
64821
77300
67097
13916
25211
33771
11633
38703
80697
68000
87128
49766
5912
94826
6106
89310
28723
25465
46217
96147
55087
55977
17445
40766
55672
73942
77365
73746
71618
18357
73619
35624
61326
8100
58896
12988
20761
34231
51113
53464
60679
16991
77709
89191
593
97665
24834
13969
67082
3434
97178
24518
83918
67068
1194
63434
1879
75361
63700
63809
56363
16944
18211
83735
28347
74639
30247
87390
3254
92567
85358
49585
24768
33518
25269
61598
48236
73164
70464
96525
56976
25661
25214
15106
36530
86404
54541
73516
61761
87683
43070
76902
92828
24780
18957
89451
72626
47650
3186
98545
50818
57769
94130
41732
33430
93909
25798
45350
51234
44387
44744
13755
89883
47677
58936
58991
98557
5619
51488
25203
82135
17642
51955
89422
76878
13498
68857
10474
63888
97013
17904
38138
69755
26189
79409
75626
42974
33714
43868
9320
17148
25767
55886
53524
42658
97648
4555
47224
57580
76652
85339
99134
38145
29421
86534
84534
68939
6556
86003
29243
71942
54171
52937
96444
1190
75595
27352
31046
23306
39346
24400
5082
39050
46347
41634
13268
64969
91175
23194
516
84382
62114
50067
29473
27565
19968
31692
92779
99594
49527
71289
11520
53690
80751
81904
87126
60185
95323
89707
58326
34572
22650
54954
40245
2507
17988
1858
35128
24322
807
53865
50308
34100
91994
91816
14900
75309
2267
18529
19600
47682
29474
51909
37383
29214
52709
97753
13127
66372
23669
17626
57696
50567
87850
30245
78014
37307
75878
75342
46790
74660
44478
33937
35376
45816
38762
74159
17389
87819
21032
45504
86160
25794
61705
2016
35174
50554
93150
11944
62388
41511
91766
14013
73732
74563
25861
38358
82126
93165
79894
19246
16686
57537
31743
47724
33639
30530
59387
57557
45713
21394
96552
16692
20832
20353
6172
38994
53435
69031
73153
33979
98323
39454
46325
76442
40736
46022
70617
35078
88362
67452
24326
14155
46403
2305
65530
91894
95127
88119
92463
67100
10973
7172
81039
17788
99161
64320
12133
21094
22610
65658
95792
65636
85352
15602
5092
26284
22898
45377
8173
9489
41076
25036
4117
29325
54047
487
95042
63593
27321
88184
5251
89401
88560
62800
7915
6068
7061
65317
7747
42212
33496
8301
48568
98392
8035
56918
74976
7784
72480
13108
57545
26174
77418
36069
67355
69405
19903
73206
66505
60383
75960
7671
15812
45400
29938
22070
33573
95766
69011
88940
56973
61038
594
23352
86430
86972
95869
97864
74503
5043
60015
53127
84622
14158
4435
54540
95555
27997
52827
63521
58594
76491
31903
24418
79204
10529
63323
28970
17006
197
72796
86325
90434
16749
49710
38379
12506
21639
89590
19521
35747
37135
40505
13596
79425
46678
60858
22045
43128
66026
88088
91047
46992
87309
44561
94030
91851
70107
66960
12865
34810
47462
17303
3849
21312
53813
69516
8984
76044
38761
31613
20465
58845
62171
45709
24508
63779
59786
44825
53630
29026
15039
59884
36177
67807
47937
65848
13776
86053
4203
44456
23523
55539
13641
33595
35892
30297
73048
1031
54289
54413
87873
67954
64256
75651
92524
20998
81709
9811
59020
56754
70989
3414
55889
28760
51548
89924
83031
978
34254
92130
46443
71968
52345
47539
44532
9967
2347
3677
14676
98504
70866
91618
12217
55855
64239
90347
43309
65567
5148
32560
60096
7280
68950
74300
24914
97628
68345
12787
28024
59238
19122
55454
17251
89556
78219
83809
6953
5235
44121
43321
12907
34266
92971
98094
59413
35220
63428
83368
24820
46851
15362
12924
35720
57017
38330
86381
15094
84289
12604
53442
89566
97907
8391
81952
41654
88389
43140
87094
53957
19718
19905
92087
24530
82679
83383
61771
26393
43420
67540
40215
4605
8114
42004
6221
10904
68549
37728
29030
21846
30535
95587
61554
44939
80442
54378
43343
41042
27283
24192
45531
45485
36270
94257
93400
13911
24777
25341
6259
93360
89549
39061
17443
67844
38758
19839
55819
92095
15656
72753
71392
56898
72376
63215
83989
45449
48876
71044
50591
17469
40289
54203
16940
62897
39987
88252
71396
27246
20413
34652
9499
54294
23819
14042
85074
2009
76411
18425
56919
83056
52881
60595
31790
95605
26533
47859
65456
81401
98850
31185
85404
30859
21188
92485
27299
36882
71531
83992
71504
33166
42395
27530
78443
31284
64733
48402
91786
20670
5813
88929
88643
86699
81871
17573
84946
30665
6010
81598
52903
52253
21691
11790
4294
86722
17359
6067
2957
69013
70293
37030
6548
89024
96863
54977
30314
48122
49005
88449
56455
2922
98244
54747
43582
17530
66537
54544
8504
6203
70163
97025
15995
44299
73652
36949
22225
49428
47245
35960
28771
7512
45071
62931
52035
64551
63024
17679
66722
19612
10582
68681
46539
68706
29603
69956
98734
98791
61794
83259
76041
8081
15299
28824
68856
82912
76091
98238
92659
93184
21919
36895
42256
38689
17800
50709
32558
65592
16545
1016
38519
16162
11528
83915
5645
41545
34301
32417
91469
52633
12047
15399
99754
91384
55806
8440
86541
97458
60710
18682
92391
12944
34976
61819
37114
36948
90783
37701
95300
98644
49342
17887
95895
73818
20131
10368
60727
23571
85011
97933
65788
33808
31812
44266
14493
67337
82471
94664
47386
6413
52059
23067
46067
84752
24166
7830
78981
15869
56512
77938
32702
61690
21921
2380
71475
50777
32614
11029
45265
92761
47855
96854
26220
62537
72600
42825
85134
12960
66918
77461
25648
91128
25853
83433
44426
49226
97526
23609
79531
38669
9495
45864
41779
88910
84666
59541
50056
92718
12814
71914
20147
98824
27669
92608
31527
99803
20797
84070
80967
55259
11573
85145
54052
23482
62980
91470
71128
3325
64888
11550
70385
42106
72893
80437
94688
14310
50578
98385
371
90665
70199
7726
16465
64163
52454
21620
27212
56694
73896
98940
47778
73383
11807
6842
98740
50211
29013
76445
83038
84116
23012
27730
40981
71542
43159
56591
78511
72247
99391
95522
7577
80864
29585
78136
57535
31507
17611
78281
83691
80855
12329
416
53344
12107
19120
60499
1111
70100
73561
26911
29393
51547
81500
65979
76675
94581
2834
57763
50052
19304
95940
70728
80244
2344
93616
49705
15637
932
46448
54672
45804
7344
3426
44216
82481
40049
37814
52552
42330
47062
1808
14272
15318
50436
34838
2649
24535
3664
41704
50626
6542
35712
80335
71845
30790
23485
13529
49640
40061
87030
18899
57887
83215
11052
30273
7543
85249
84443
6122
47216
67140
32683
12280
57395
50176
34107
66433
22912
35134
62338
49335
88937
54394
60920
44265
63773
85808
65210
56410
64162
86743
83316
6444
14270
19296
13351
23849
73583
37807
11262
93950
98132
65339
47662
89551
52247
5777
22566
21842
74769
91978
98161
4445
98199
77567
25489
33293
30900
49236
81382
26522
84047
99295
40379
24238
6451
38190
75060
21951
71514
40497
71608
59176
97588
80874
13590
41225
32983
96428
52527
86953
84414
8722
92429
45301
10626
82767
12396
16716
99786
63366
37766
22059
84160
65794
17243
23736
49390
76226
79040
5778
34799
16429
17962
18880
63443
27541
9257
99776
15839
19498
92967
36226
4360
43450
98928
74987
52156
72111
89901
33279
79680
48139
50545
96663
38712
71353
87090
81768
92399
38457
37414
57365
97650
87802
87457
10248
36422
29002
37032
91916
44917
25035
82379
67158
31559
6514
72610
20303
89881
59068
23509
17245
4142
80514
32845
9162
83361
47616
25644
32366
36359
35848
61899
95061
94708
92853
27798
81616
24563
59601
35294
29128
35582
12656
90481
87858
35098
89146
91423
13494
74229
43815
68162
66954
80391
27234
87712
14863
70303
54379
5049
21313
55410
73447
60086
23811
62227
54120
45004
33164
19982
98635
4545
97316
54466
68160
77108
37271
47514
35896
98830
941
82429
60167
19578
36819
17543
74334
97372
7949
43315
55986
41250
82894
50133
78416
3416
41323
71141
96530
37884
88299
61615
66675
99270
33539
87182
66991
99425
68259
89734
43188
78233
58179
24757
24989
96482
21401
2985
42752
36689
8061
14213
73054
88327
48949
54369
42831
13901
40063
14867
77481
92944
3639
58720
34530
86180
61790
6904
83875
19329
30902
80972
66628
55749
16141
66586
23046
69928
62174
66481
80604
72612
73656
45742
54678
57435
78897
33837
27597
7724
40107
97223
25050
49949
92166
4509
60891
3424
49960
10089
34503
45828
30335
428
49465
10649
26783
62488
34529
66176
24690
42927
21055
58028
63653
59455
14811
66227
39576
9376
76710
77587
71268
52583
59402
86017
62867
56652
24003
94327
88089
21073
55271
8908
83108
2930
91833
60432
99913
69947
19672
68155
49500
92251
77241
40958
38806
54297
83218
85801
66558
50957
28835
12969
9744
24741
91450
68855
78241
66023
78325
54391
58782
31687
82494
15740
7887
49542
57704
88774
81337
35228
78812
69075
57725
99851
36485
50757
99227
67815
37506
17622
14441
36743
36770
71875
91125
33885
34591
94646
17174
84629
22253
58089
6313
66917
47261
3481
49404
55633
98028
30991
23884
38997
9537
29759
17621
52943
71098
59993
54978
80096
13743
61864
48569
81756
57819
89808
65188
1655
25819
3755
61766
40199
68292
429
63974
46538
94038
98324
85213
32315
29731
37476
87455
78587
99593
46009
73335
6925
51332
49223
9406
72084
67979
5276
4900
32287
36958
30884
94145
98967
19878
36396
11736
82978
23391
62846
3154
72072
36032
4345
84279
62373
59329
13165
97631
38779
78477
6766
20322
7249
6492
52651
42683
58282
13925
75959
47445
81506
23558
94996
55299
65477
38786
14563
84975
96048
47262
72954
58010
11498
37413
78034
8187
7834
83097
28245
89884
17344
94362
1411
33880
82334
78615
82747
83266
23323
82937
57584
97417
84515
38802
23073
910
47666
52203
16687
96866
10475
59641
75461
53877
15358
9022
15868
27104
22722
29513
67222
44898
96458
3713
9448
93755
43981
84163
70029
5521
77955
31257
97887
86277
70534
96851
28666
1870
35503
68377
50603
39948
56194
4402
89518
28388
17598
26640
58578
12071
57937
44623
43230
67693
46969
72057
82524
10120
72075
16901
93208
82203
45487
78135
16470
72200
30638
98602
32745
23877
13987
86146
12398
12812
9603
77298
50113
25414
3602
24581
94189
62887
26979
36263
14209
47521
68861
21830
98342
10806
48968
57605
10928
19252
79571
64449
79548
45156
1863
48985
8313
56856
29142
74327
57665
57482
90825
7908
57642
10238
81279
45034
59097
53451
84554
59686
53874
14733
11574
67061
24182
71953
30292
33866
82001
63776
4083
45705
80271
99742
18517
73792
34687
92609
2274
34830
43081
92865
7757
79352
68079
34704
31406
79826
79146
75931
50136
84942
33943
66365
90824
81004
61484
35658
32166
86235
41397
99043
85066
70095
83740
70821
52900
50486
16817
7255
72448
65609
39979
82897
53700
69161
59835
95043
34975
4838
64816
52058
81156
71350
63300
25244
89992
16963
11194
67911
68679
97934
21871
9440
53217
21877
52018
21817
71527
55552
34185
57632
51762
13713
59305
19923
23404
52745
57322
61842
51685
47964
47929
20765
59621
71074
51877
97389
808
31841
57559
49871
73728
31665
80293
9497
50479
29083
46577
1912
38499
84932
57853
44054
98568
42023
13604
74636
85291
83760
31544
7603
17111
56365
70407
48052
35293
34346
88005
50670
21803
6759
84626
5952
70508
74266
76450
74202
35523
41982
35054
95996
3833
45756
9773
86417
71729
90929
84224
80988
17984
14496
44443
94878
85786
27589
49866
29034
97801
13678
67148
35669
37991
82807
82121
11860
92566
11111
98704
78928
25060
80667
50859
16462
29757
48772
29354
25838
56810
37748
14697
41211
43875
85043
51752
98606
8760
41762
45770
52635
20480
27875
54469
35392
64173
99280
79769
46027
30303
20595
18422
27996
67306
70250
68440
85628
38426
97520
45513
83130
95158
76270
10001
2105
28805
75100
65198
79167
32192
76863
88861
79681
48482
56875
49296
3385
45674
55021
29343
68239
41143
3296
90242
47392
17780
62392
6677
30298
10670
6246
57938
14821
68768
52134
8262
34905
56398
45605
3875
98993
91975
20304
49796
40965
45945
90102
2637
65758
41320
52574
21335
14118
85589
48359
96112
94005
96241
56514
33847
44706
2223
12179
76582
19298
48538
88580
96362
37675
82407
57181
29711
7320
25718
52894
64353
46372
61541
92145
1120
46473
48397
47917
98715
86054
73485
14088
37368
49786
25276
26976
18041
80563
91932
11146
12213
49280
28381
5141
59491
17863
51450
66244
12090
41022
38187
48007
93382
68453
38489
52641
48480
15635
28445
73273
44828
8630
20169
72308
77954
46816
72654
25083
23151
42582
62599
90206
47600
93675
67992
60251
7638
91331
53147
36102
6955
22556
57658
69596
23218
86989
79001
85413
99644
33439
31318
1816
31671
80803
83395
36027
73585
89281
36986
88163
54569
60863
76288
70017
34794
94253
41537
93827
4255
23214
69860
88112
14915
18836
78516
12510
61247
78254
85967
51870
28595
10703
57677
83632
62002
47654
15726
71426
83611
65738
5957
62530
43160
92917
72198
7118
1485
19071
74452
76842
94886
85321
7093
37611
16837
1472
14150
77471
65418
91642
87205
98429
43723
30144
73250
44924
78474
23504
97421
63049
39515
33075
38283
61055
39494
12228
56078
71644
57568
87531
36196
68929
65111
16752
7371
95716
8726
21140
75536
99983
77688
50543
50481
71312
2153
36910
88589
36845
83025
83572
31735
3086
29846
3791
86441
46898
38272
26666
22240
40615
82324
56468
87010
77443
92616
1518
38796
98261
71677
21794
24671
75268
58182
25835
30007
47124
9150
50622
29436
78235
33475
42779
63408
95569
13347
55268
69115
96038
86599
96445
90936
64669
94183
49107
78096
53249
6467
60098
16560
6393
32132
97289
31285
95774
83526
48447
80989
86776
72491
67009
3219
84152
7106
47555
19276
16732
85057
31476
54419
27270
60396
12000
38679
79740
85604
18618
49862
94725
69692
47312
25353
61635
23912
44257
16493
24026
76598
48971
88346
63141
8238
43847
84221
35417
9476
67800
74008
82946
14737
49948
63015
65354
72133
7130
43131
43100
68356
7326
33656
76743
8917
19693
6978
76604
14141
2409
26609
31950
49020
94010
66053
13449
4289
28583
17783
81791
48509
72341
11246
76916
73261
5273
39641
63522
44094
16106
60762
49072
40871
8996
21910
50293
26828
61971
17409
51618
17374
42
44539
26520
24723
33491
84179
33780
56796
77368
81991
412
40288
69791
17203
94735
51507
17852
54359
39094
58935
23997
76202
68159
63441
91245
49473
41082
74426
85381
88535
33724
28076
57038
9606
75200
67159
39612
15612
64904
9515
70387
75530
88209
89492
85098
8594
88638
95619
99507
57756
5606
23580
46516
93817
85453
73571
45329
73159
726
43594
16950
2731
80078
12765
32469
99810
12850
37538
53481
91478
76650
94198
74367
87381
56278
52825
76540
16514
77607
57051
60618
57783
92648
25727
36377
81492
32295
79654
76162
84180
73514
41163
3910
74006
11275
50134
17759
51613
42538
17492
23778
41495
96644
21002
85833
68986
66245
84316
59029
36100
3299
15669
98348
1397
1941
15033
91251
66213
61550
28591
15723
74167
57489
26529
94583
25635
78215
95072
61228
90141
17145
30691
83030
2410
71983
23674
39441
27792
39954
43979
71740
68765
97211
42411
94390
6194
53641
38736
66902
98068
20229
22009
48944
51213
33162
23930
86540
26296
83974
64379
45810
62339
90767
30696
98817
18928
20846
28538
13904
20364
18147
73204
54100
90324
6329
89650
66093
18551
35217
74500
42258
81693
75538
99489
8144
86028
88041
48324
93341
15860
51771
40088
21124
98200
70601
56204
15356
49100
65187
37849
67224
33558
48432
57562
31907
61656
90865
68722
69733
92881
26397
15032
4138
28635
73331
6077
7633
65102
90714
99785
72033
24545
80507
60265
80055
69285
93986
78107
4494
15272
40768
34611
28736
67090
80538
45913
38985
65893
21437
76032
30661
48927
48642
5814
68275
67950
38977
39401
71337
5212
41437
85614
98977
83940
90230
24442
99724
14143
53074
17165
57920
45297
12673
44799
40671
16400
24650
18016
17444
72736
52374
44648
76516
87889
87474
87227
37264
22700
55035
57992
60169
20667
70542
63256
8067
57943
85494
54160
16363
41434
47694
72525
68062
36568
54397
120
56693
92766
2594
99284
6739
10622
20170
20336
22537
70750
79734
41540
39970
19723
66573
56037
59886
5413
30667
24702
95234
85437
79277
85890
22651
47343
82616
76839
3578
44232
718
66792
26999
47708
89726
41330
40407
67976
90121
40401
45826
91312
45548
3949
76646
66051
58587
63915
7613
88904
74380
54740
64754
41957
43468
73432
17994
74676
26101
60500
69097
61386
74169
34513
91726
66449
22214
65852
80005
95803
59157
68479
56015
89684
19453
73069
44592
12706
30764
24647
71277
25137
61487
74882
43266
65778
91758
26644
72557
3492
28460
78118
43657
15298
6401
84670
13792
87220
14927
40408
50667
68953
76430
63425
59783
40868
49528
8854
45305
96518
15219
84575
82560
47550
56570
98747
64291
35069
34344
93714
91084
4103
24310
80919
39819
6927
13080
42915
40867
80749
57556
31532
79025
93192
88433
6123
98354
36826
79810
25210
35590
16763
97815
72227
80298
17550
69606
76804
75418
55377
78549
51731
7230
35073
94065
42447
575
44728
33132
29007
67238
4072
31426
15445
48339
72391
25422
46046
59742
24895
57894
98983
80680
3142
49945
30980
47370
71052
93535
38395
82357
73537
72822
49850
4418
99233
4938
43670
51199
8378
74964
69492
72396
82849
82924
35139
92502
88956
61968
31689
95680
31409
7016
15020
15128
32369
70232
37664
44647
70245
94602
41688
63222
63308
80474
67250
13803
12957
99319
41452
8338
60315
57808
73333
9079
52971
2193
86164
22737
65027
79499
8292
10866
82817
71109
85920
12085
7156
15754
10599
68056
79376
52963
27418
20294
21527
30193
20273
17876
62735
95225
11401
96686
64081
23855
10857
24079
17227
85410
38309
24445
97516
69476
59399
8088
9484
2566
95970
49778
54389
47571
68397
22708
68038
40518
31273
42630
99598
42520
45451
40152
85818
65762
3950
67648
74838
1899
27443
443
68343
84420
68744
25618
2698
32697
22437
60737
72607
93252
67785
39957
18763
28843
34900
29715
98423
99772
62025
81358
32141
79557
43382
60497
83656
10026
9378
22294
68901
78514
38881
35561
99303
11865
83983
38823
70370
71252
16853
63592
66047
71761
7073
81728
69315
19770
53248
5918
17283
46281
66343
9602
51284
8171
70625
20397
83935
94762
36091
26471
46367
1024
62381
240
35816
15998
55416
43969
93486
1834
95537
21411
88235
83790
35428
34096
55128
19254
36650
81173
80556
42848
10316
65947
24483
27987
2396
47593
30441
46966
65421
39201
47845
76992
16480
53456
85472
62087
28691
90653
40665
43286
45248
73613
35667
4118
88547
1698
53057
42901
62006
11716
63552
44340
30246
29717
18900
35371
86436
69026
49356
19193
20099
67271
66087
50948
83458
87374
88333
73699
27288
43172
42952
45129
86127
84352
93495
2499
90440
2851
44333
1104
45358
79129
83609
19417
61695
10029
46575
47037
75003
93331
29557
51258
79593
24843
31419
29163
24554
9240
43681
28224
94514
7185
36068
84673
45310
64092
10240
85762
52669
88254
95178
30212
70673
95836
24551
3792
92267
86788
58263
79582
98395
88261
55080
14807
73817
28882
14771
64926
77789
89831
36211
42562
17516
60006
99582
33822
72259
3736
50780
41699
41916
42379
88359
49289
86038
56067
36597
381
86710
58046
85055
57381
17568
25662
77135
67135
1027
35965
75241
94004
5106
32373
91276
23931
49686
70176
68307
71706
34663
97259
21151
59689
75330
33824
74242
69578
15404
46104
94804
45752
21417
47660
63122
19161
12243
93122
90977
79528
72195
29951
19726
91512
55005
56458
31230
3429
80361
60464
50544
84167
65182
72755
50060
10129
56537
96468
93625
63456
45781
33695
3449
98253
32582
87251
86020
19418
90183
38943
84442
99930
24282
70305
4548
53135
77201
13992
66560
83326
65096
85241
28338
52659
16927
16213
65574
69534
89173
70842
23280
80464
20108
88987
95132
25049
4620
32370
4374
34402
52571
1076
82965
2502
78183
22418
35821
8350
35096
28732
11484
46235
95518
16683
66784
29255
58965
33975
98235
99072
93994
84389
70609
91624
35537
644
6504
20165
78543
93339
44921
51033
78742
24775
89506
11203
93154
46131
67358
66376
16405
51222
86791
42932
49969
83650
15874
28048
20906
32572
45877
40239
78791
7531
30146
80375
85631
41822
88328
82561
22194
20228
24414
51739
74731
49416
55133
77117
98670
24294
65216
34460
45252
77073
93840
22161
50666
29415
89787
23383
80887
65709
21200
91024
49690
88190
39541
98182
90985
56795
99744
8997
87866
17128
90951
86390
4052
62483
61745
61125
70057
4561
42719
84129
86322
97816
82170
43456
3060
20913
20515
14550
5623
5542
85746
38469
88902
35036
25257
12585
41394
76403
81145
52131
11354
29249
90097
67723
89569
64437
4323
16327
60053
77708
19956
13634
42402
35911
59843
99389
78142
41123
28645
76289
78006
77001
98006
27812
61304
44494
33481
20250
83747
29669
96498
74654
37537
44437
97625
85273
48686
61539
93799
89644
83359
21390
41716
11386
82656
4712
78581
69261
25227
36806
20611
12536
20047
85684
36173
12222
43333
40044
14268
51644
90215
3278
31686
29127
6033
75602
13264
51801
20363
50906
77101
76444
54282
38471
27456
32044
96217
90072
23770
5567
98278
39415
39007
1105
65814
27782
41135
6284
41594
75441
14528
97235
35988
71961
42879
79560
97717
65329
51043
38013
49299
54565
76512
20478
69281
48511
58708
62475
10278
58191
88826
96200
2304
63945
87983
1272
34271
87143
98281
73598
55864
13853
59550
73338
77452
14073
28608
75273
21360
76933
54686
28628
99543
37071
89468
95563
49914
29096
36810
93880
55710
60969
30147
91104
99417
99937
45109
79906
76979
36267
86343
40959
75488
87607
27693
37894
26910
71883
86708
11062
10377
31857
81302
24540
7051
1341
45151
60393
47163
85262
13408
60783
30036
37900
60619
65631
13102
25482
28992
72220
62630
55289
24069
73351
40629
11122
28306
58813
14504
41947
67173
41069
9893
34914
62261
56226
2814
91190
40992
61060
15883
20902
77573
94515
64448
57160
51019
81501
70516
30233
38203
40162
95947
17677
30008
2928
45539
77342
90209
42020
66196
89379
55388
13619
48360
58038
6717
52764
95104
74131
46572
70304
78515
10221
24313
57106
77014
6015
19166
86254
45422
97325
82166
9703
40580
62209
54433
69630
33519
33651
44041
60228
73893
34991
44323
85683
1976
41991
67600
45676
25237
72436
2919
56506
5292
44499
97032
70504
87497
1323
23414
13951
10452
36927
88267
3605
65942
54474
76396
88567
43187
53118
38295
91597
66976
31224
85194
39146
2471
89805
77750
1360
11635
48619
12895
23691
72215
85412
73833
63084
1685
48024
49174
71916
11272
7012
85211
69642
49675
81568
49699
92827
31697
78080
72740
39890
70752
90547
87176
57532
83668
10309
5198
48310
81000
78085
43463
92167
42181
55976
75853
65424
2685
15313
26108
11809
59045
31391
91723
24583
91437
66855
85287
26641
33777
33555
22750
76858
54767
90332
2515
77439
74129
40241
24974
99003
46278
38155
31752
43858
83021
49321
45427
50536
41522
30733
18184
26465
97017
56576
95026
71975
93641
70444
73701
75424
36169
28119
29821
42867
93457
72999
7873
77055
76869
41308
20905
50220
23419
42313
23941
78032
32550
50480
18344
81515
76237
5978
69488
72945
96401
43383
88720
65883
25847
49522
98437
52420
4747
93357
76644
46003
49272
46077
5013
51770
96460
90874
48703
44674
87435
20263
5012
99857
27857
57317
70645
22114
59946
60452
26706
9850
78599
28668
22790
48349
37809
61158
85512
52721
18995
4903
74350
90006
975
72883
51212
48542
98966
5861
25080
5431
79236
59123
16095
11926
79793
60981
71602
87323
10840
10109
51867
18925
80596
5580
68407
73742
56145
75636
28177
74969
53905
90202
57429
65428
89028
88016
27673
59698
5226
32314
63493
31260
26380
90368
82428
36416
38726
16388
1997
36789
68228
12698
75987
37308
39091
98234
53959
61210
42555
74574
43208
14903
54438
92914
849
56730
9019
76053
10414
43796
15887
94157
15236
18189
55338
2325
48331
13784
46968
91474
46121
10938
11581
12764
59472
34845
85594
96559
49154
88750
80622
48769
93338
93390
99334
53192
32368
12352
67481
28625
73103
89345
93764
5650
6690
86958
31823
17343
25900
82027
19838
16355
67688
58042
19460
78193
80320
91709
77455
50214
30113
75295
42218
46055
32842
37427
60430
11759
97810
38342
23690
98352
82249
76981
91460
76046
17079
73122
83345
84099
20780
62981
50013
36838
35655
36580
29296
57197
67703
59241
3650
30469
7829
53297
50234
59315
48822
30749
51608
94086
97644
26334
659
90480
14182
48972
95036
66078
10841
42370
95378
45279
78144
81577
39188
84277
89894
12145
80723
77048
18598
21230
36134
74551
35324
36730
57639
70323
55687
54167
63617
48523
81438
36084
44236
70895
63535
56242
60714
97854
19223
155
41171
55100
71774
25156
89487
87918
69972
15848
24456
20171
74429
97918
81747
79754
61145
16954
20594
53876
90840
78493
95538
8469
5717
73409
35891
36271
71982
88691
76595
79852
2765
98456
94376
15237
7088
56948
54928
95008
63195
40048
40163
48954
61856
26608
50472
1511
89232
1842
49767
52178
2019
75105
46634
96247
29095
66549
85186
51967
21899
97414
38566
94239
6182
84777
37588
6750
80737
83007
12261
82391
81806
79475
48097
84853
49507
53922
44542
60244
29341
56677
43576
51898
98421
507
50455
13450
62892
50102
3837
86062
41900
65888
38789
16369
41101
51779
22079
64529
72723
72774
94290
18086
32146
43512
71435
17071
37145
56253
36444
21606
16197
68562
98499
24012
50245
22567
80192
12187
24239
66746
3364
34394
36937
16712
70378
37937
66559
66910
51743
77845
99506
57391
35142
66790
89942
26616
76190
62329
27080
86543
25512
65641
86949
86402
21422
37649
96902
7064
9586
41569
52324
65864
55375
80200
69547
46997
18176
79737
40267
92544
89341
93628
56330
38739
33957
4066
9259
46444
26061
17572
29882
19317
79336
21909
16361
71600
67919
80405
33165
58608
73126
25270
71174
66035
78208
68800
5390
48530
21820
24969
86625
17235
5316
30569
68795
48296
7264
93275
60839
32481
91679
6757
86272
62782
72400
4846
54520
89367
70018
85873
40754
29442
15528
60885
71678
9393
64953
12
27195
22090
9064
19291
5764
18699
38955
92632
77303
57974
29584
31523
92998
67877
16555
4869
42844
2758
68680
57652
21420
50003
90270
44987
15350
42394
80409
31380
18470
63288
63303
71928
97599
3282
66428
18404
45284
76767
10291
23221
58226
34813
43127
43279
47258
72392
92149
36214
73406
50140
53416
27974
2011
95969
82290
28190
77825
87966
86373
31096
40015
61235
80251
35558
63350
43559
96600
51911
18149
17332
98466
87277
71682
80884
32423
11470
11001
34891
31740
625
50331
2237
48883
79674
42080
78870
28874
77173
74707
20619
287
32453
26736
88881
12627
41593
66014
16892
43703
4964
12867
921
46159
91834
42453
86532
53526
20420
15904
48581
92631
27282
27072
98805
54331
2343
5475
9770
52334
58851
80659
79799
18085
26915
9068
7541
94825
32048
20946
9109
66466
68971
57312
62712
71100
71783
4161
61204
21274
24594
52474
34398
33935
47107
71076
79028
27939
21260
48903
73683
88166
79978
54409
34807
31453
76585
74446
54375
73534
73061
4797
18128
83713
19863
26570
78521
32990
41130
88841
84708
33370
23860
95149
97869
10047
45972
25306
11641
54472
49680
77292
54121
19695
20101
35643
17452
6769
5309
5896
7898
97463
61399
37470
9814
24360
29761
95377
96210
25590
88485
33143
7661
34699
83366
41586
44170
14795
84484
66141
54758
83543
80256
48657
58626
46013
39387
31875
77231
34521
95790
8040
69989
50456
37493
81350
61420
17653
22093
30093
6723
46116
55367
78213
57134
5851
61200
40971
91853
69471
64080
30606
94672
22491
14191
57096
89778
22944
75102
2726
51051
20643
34427
31610
93168
13686
74836
49965
53770
97022
92503
62615
49693
19879
91635
13662
95608
63933
88823
13154
57599
55091
42918
84193
79110
83167
62819
28186
7152
26803
79318
42530
28463
5367
8476
41008
90007
22230
76209
40167
45228
85546
20706
34882
99755
27079
45680
25998
30272
13334
24305
34691
30742
17414
96613
79620
5327
15749
17774
40024
4567
98079
56216
74477
70624
39814
92052
51002
63613
57934
93345
61042
95153
1156
72758
9552
2762
75085
25632
448
94297
71411
57996
18473
27210
83407
65836
70697
12268
80039
39636
90968
51887
8031
33031
42396
1694
53312
57608
5724
5830
71520
38003
97774
37441
65132
73441
67967
51654
42624
68831
9809
41316
36261
76671
97111
28566
5214
13122
89088
5250
14353
5265
30421
70465
68297
16144
4266
53681
75942
19295
58618
67356
87101
33460
61516
86923
48921
28022
70499
80833
39252
76427
87296
10060
20122
11846
15943
89365
23972
74560
15405
34628
67490
86607
4060
82543
12531
54835
36630
60548
92490
54677
60204
24217
84806
71925
17506
72016
46487
63900
41446
25103
13292
98301
18557
51089
84646
41766
98358
90111
45429
85509
75558
37624
59004
87245
13612
24957
76361
54090
57833
45679
69017
35544
22738
22503
95383
56540
10235
78297
93779
64722
21393
12314
99014
77743
67
31759
67535
29274
76866
59828
23623
91681
53533
68455
81265
63516
83112
66979
80747
88895
2811
87666
97931
66654
87524
14002
92849
29593
55635
5491
20135
77769
43147
3221
77835
91056
38775
30817
81708
16075
97255
86496
9104
79804
64249
83420
57621
44964
3153
15934
53948
19199
76834
59063
14411
63333
20128
69314
23071
43911
15224
53346
41672
79749
15880
94356
96617
26719
80765
47137
33668
23282
89131
306
61124
46626
93363
13732
74870
2978
84820
4148
64736
3010
16002
37167
47559
22762
75357
73886
59723
67125
56057
16435
52849
10969
34269
64109
59271
10543
81643
81945
98039
64086
398
77006
68773
26602
83858
13464
81036
82596
99366
32273
12825
59236
48781
93250
41275
2889
90822
73336
48729
74783
16347
69028
31295
90756
53123
7723
79102
49821
10761
31445
18028
93610
44255
28430
35700
83414
57175
70086
50739
47563
12800
65100
47043
99734
60060
19901
43261
223
95738
37399
7979
30020
5653
97627
57590
18525
26429
34707
8867
93401
24081
73143
6987
48691
79377
31023
42458
69962
54007
60349
86792
11875
5123
46132
55010
80761
98685
60480
17205
34171
15681
38327
83594
8417
2929
43830
30612
73109
73299
62481
36614
29318
37951
65784
56615
16658
45432
63258
55197
94167
85391
33269
28121
86075
99835
65392
67261
12364
23695
60263
74990
38502
74453
6940
95633
80231
5480
4098
18036
24853
79907
51063
44026
49847
64492
72468
88657
65887
12629
5509
67767
98527
26267
81394
58756
30543
31662
84157
77626
6856
15116
69752
51988
71796
37375
47965
19619
16494
27198
61354
90405
95654
81240
57942
52966
60807
80611
81929
20944
2579
60784
27485
6227
13511
29481
22587
35897
11170
95226
90518
72281
73543
97727
67270
47945
85680
82285
30460
92086
97182
37292
76392
18005
49623
62376
55728
46501
23544
56112
70836
56507
97356
1972
28469
40567
76401
83718
85330
23117
93433
73332
70914
65565
10371
59856
43308
25498
50127
45868
65130
69131
82576
61466
77627
75782
91083
88583
91372
59306
78407
99974
59804
90342
24632
54816
9683
65325
57050
10301
27158
95150
95368
17103
67573
62325
61150
1687
65890
65753
32279
26654
25290
55885
56035
15950
46190
72984
86360
60955
90137
37734
67994
43405
63537
8654
48656
23667
51256
69737
46805
21199
23641
19787
71901
34364
33473
88037
5383
45519
20039
58078
40586
17073
60681
94153
30974
54534
21891
14208
74680
63478
90513
53866
5579
96680
34943
22565
46171
21992
9952
44693
379
73342
12372
45405
94589
38753
11308
91716
34869
47725
70509
44289
21196
53053
96767
75569
69812
98798
70192
30943
51857
22730
96755
59433
74196
15205
39864
61666
90089
83538
98102
98530
26328
51594
61900
46474
81381
23244
31136
47314
17537
79189
90601
25511
26040
23496
80505
14456
69915
70001
81314
71466
30049
71492
90034
12249
80925
98384
425
55154
79652
7229
73191
18736
41573
90538
94180
63566
90308
95211
67286
66022
60196
34727
70055
45448
3800
974
53919
9836
27361
60502
67126
61094
26374
89118
5435
43079
71191
20829
54036
99616
5044
67888
24582
59570
90262
6264
7794
48421
53309
18888
42496
63397
26000
22584
32199
30584
12564
64994
72819
54690
14491
53577
43541
68784
71351
87283
5041
88741
38967
93826
33961
3170
6458
39484
29931
24264
32346
75700
17505
19055
77038
98011
92525
9203
57412
50705
84517
52785
97675
70856
16852
93411
4320
48506
24673
8087
23845
52009
56821
80789
83198
89035
68898
99505
46432
34780
20567
53909
12480
71138
8429
27838
57896
74322
94595
47402
374
32984
47779
50253
15595
67423
33192
18499
11568
85776
12484
47368
419
12634
25168
50712
14012
1709
56122
10787
75054
89756
95398
35418
85488
97803
30167
71507
75281
91651
83488
86621
4732
35017
87647
69391
83170
17939
31156
64304
46126
38605
60461
67237
21212
79732
81699
53421
71518
19591
90954
75163
48430
75957
86827
71243
88636
57620
19824
3220
71283
30201
13559
22654
53348
60348
88294
95250
19502
64817
57713
33114
18911
15120
45042
18040
96294
11494
66027
25918
61513
79150
95052
39063
95998
25948
30137
58975
50806
80440
46548
53495
84089
27749
4762
76330
8279
59471
89216
87567
91464
68291
94494
15367
73389
91824
31553
14336
29712
1439
49582
18104
74757
42556
71250
61381
36534
29843
50382
76758
24311
21443
929
53861
46822
21743
33736
25490
34568
19272
92655
83775
22224
50116
27159
67118
26506
52174
64361
48919
5042
66363
42042
68389
51109
11937
71224
61978
84107
15646
54536
61286
9910
57959
78498
10217
51262
90233
68229
60939
87851
18389
15623
15040
25654
50405
23433
11402
10996
29310
26144
57674
22429
49691
12330
63246
64108
34003
24481
14439
79507
72348
85311
28443
73815
91934
15663
23642
44240
31161
95266
70743
15713
6854
37161
13030
97724
25288
72040
47597
92920
51149
45892
69163
16911
92309
24422
21153
4248
70412
90927
39285
95000
90029
94398
51634
11047
10956
62674
4528
70223
18622
71010
82486
73080
52933
64471
15686
42902
11130
65429
21855
60161
71
77854
67917
31031
51501
96203
93220
57079
71338
14992
65976
92072
43806
91882
73915
26791
19829
86218
16187
29420
41259
52160
65165
51554
72846
64881
97040
59412
26731
74173
37468
46674
44190
3775
20609
69004
1588
81421
85455
88857
64561
27240
85793
47606
77366
16419
67870
80449
980
78011
41745
30648
24439
90866
80254
88738
7984
40972
95315
77465
85435
46382
37331
13068
49422
6052
49560
75914
72564
67066
78828
20249
85872
36549
60915
83095
80134
10411
21359
86749
64349
63344
88323
40400
66819
36964
56340
62952
14573
14930
82201
5733
28556
58386
33795
33139
23220
90110
15042
49094
60091
55739
98633
55473
11332
30653
53294
84126
79725
84231
54711
34863
2763
70206
84682
55078
50820
23724
32473
52675
83944
6985
81949
72394
76340
23263
9768
73675
62502
72551
9317
28798
97571
4793
84737
45794
84296
94211
79763
94501
38257
15889
71361
88597
9002
6322
13956
27401
60124
72452
68489
52992
4483
76632
1559
35272
61594
90781
47234
56769
23031
46653
90041
80378
70981
7947
10767
22539
86059
9131
30438
77508
17624
90169
74101
82604
79634
85447
43104
88887
74733
95909
84544
82043
41685
56009
71013
47803
91458
77420
12351
95341
91426
24073
94486
77118
77268
38305
91880
51924
16974
97598
40509
55481
97189
1371
3372
3427
99017
35343
73541
25031
15785
83880
18192
68039
32587
76574
67207
48258
36738
26114
42787
85031
82421
48062
69124
97033
79139
77550
94351
45743
1172
41486
48123
26416
25717
25144
6818
16511
26402
60718
9673
82018
56341
91381
47690
99412
47054
25441
36344
61626
73474
75921
78751
17831
151
90414
38420
97551
33237
80669
54274
52096
164
77123
56176
58050
36708
90819
25867
60699
25240
54150
17052
66975
80700
33535
44273
25140
5879
67921
69459
9992
58047
1400
25419
70789
19204
92932
87161
40028
31016
21632
62942
69179
73176
34122
61748
61643
10809
32945
54127
85992
60099
86350
37090
35434
21349
94147
67559
98974
17752
30099
60495
50565
93167
46526
95048
66034
92447
35043
43197
71887
42404
43411
61252
83711
31799
47030
92931
49212
60825
3759
59265
57042
34719
90946
97962
7017
88651
56698
85943
9089
62037
7494
34379
30155
37700
69958
41682
54596
28240
2048
19128
10971
82995
53599
63346
10867
81556
10667
9860
47809
21225
65157
97615
80466
54843
70477
51355
67262
72160
317
55304
60544
50247
77862
67562
24243
31220
98206
28203
50126
61882
46605
97708
68175
68523
46191
95626
97751
2494
53070
21255
42390
20957
69628
55137
33255
97776
33662
75996
63463
28185
24646
60198
55834
83749
14226
52497
78152
71991
4134
15639
66478
41514
14471
40169
31456
30772
36234
27994
57131
51985
58590
8648
99931
15368
9043
83193
51517
14925
29646
34721
62126
37697
67166
84237
42476
70414
7783
85957
85107
7597
28034
7339
29369
72180
81805
54313
69504
74728
53611
89302
77225
92314
81266
69983
69231
24495
32943
78230
92930
41332
36782
32091
84457
2285
28100
3509
7479
12304
37619
27329
29395
11180
17180
12989
92205
78668
76549
27559
39410
81351
77941
54049
79389
4586
90626
30766
70496
7683
31389
17996
80691
60142
19743
36992
36510
54922
85975
21680
79885
18908
46469
52453
77534
4032
97231
39958
67333
83755
79608
26882
58075
26292
82557
1409
85964
73449
7874
82316
11509
49571
87967
42906
90188
61788
91930
55925
1463
30952
8220
85095
61489
43585
41248
66148
70661
9837
61672
12961
28711
31746
15670
78978
57061
75292
10687
27154
94274
59260
15717
21006
5278
50522
18393
57080
24512
35416
63711
56452
71537
44869
29462
12730
92439
52620
885
2463
2933
62744
72668
46419
30961
92437
15173
55640
98486
23222
26360
23673
81493
64593
64407
24258
99908
35730
75321
41254
90982
29387
63299
2844
71372
14372
37963
21004
48235
39402
222
16083
30833
72081
83068
68002
79203
73490
46675
39332
18612
70659
14851
3926
47592
51280
14323
8491
96488
24450
34400
53059
38069
12417
10073
67189
83436
94430
3347
67312
21254
80337
69454
92319
44115
21256
32862
63624
4966
24958
13179
65610
74529
43780
69640
67737
90348
35156
67168
63174
21751
10395
74652
88208
77238
81326
7393
92421
49798
34954
94413
31707
63861
51263
66033
32856
60280
27656
9017
60391
67251
88158
69334
93191
20599
20681
78376
94605
60570
51710
27392
83340
14969
56470
80699
16354
93510
62647
65048
36354
20262
45626
16883
95077
14738
57183
10224
59714
41610
75302
86828
38065
29537
56302
19849
58734
12898
26820
99763
17900
66539
88850
22896
79412
57629
16602
74892
59974
40943
76018
96392
96308
64720
86528
64695
69415
64866
50604
69971
78102
82328
285
90008
89295
76993
85086
9543
92669
5035
16522
81584
80871
45104
76286
994
26581
54099
94400
63559
54831
88013
76369
77125
79067
19610
15121
64021
35978
15177
22649
95859
26780
42931
38016
75628
68664
10274
28979
22561
49756
23716
17459
48061
11733
96940
63738
86188
76301
38194
34623
52672
46351
25085
85451
20872
26129
27377
3068
18580
37121
59817
71597
82824
37487
14216
86630
79850
27490
10125
65506
14581
9173
98053
551
91444
23165
99608
49170
22691
30166
397
43048
41159
48126
30181
77838
23192
65335
88775
80948
5556
29411
70800
79577
63020
1904
28093
67999
49352
91957
13572
8829
2575
69946
15721
48521
45416
82448
66463
71945
68325
75627
39074
66499
91179
35489
71565
74570
73625
3575
83993
53911
42012
31948
73274
82934
30923
33963
42069
94166
62005
22325
96343
8807
70757
9878
74678
1262
34563
42665
72707
99546
16301
62198
76974
82775
82814
51460
26996
70081
28403
90892
21210
9136
1415
92058
36892
64555
36430
60853
33681
41471
13026
48050
81140
72005
51732
34670
1900
17660
6696
94391
27599
53812
87522
76455
10343
90910
48418
82100
26955
2775
6111
65779
87613
59083
15282
37842
34880
61257
29250
4341
99666
39386
26629
95810
6827
21383
11197
79057
78801
96904
17805
76873
85295
12893
43351
96998
87003
9478
17087
96182
75592
94422
64658
76859
64343
60068
97616
16412
82002
84001
56429
18298
31916
267
73047
46006
79575
24597
86567
23154
74164
3156
27671
88022
25888
12669
52498
88975
98782
15357
82645
6821
49668
83846
84808
84897
92805
55544
19131
68737
200
2023
66905
50237
60221
35743
16346
1949
68016
71447
36872
46188
43280
30174
51298
83235
48943
67079
5923
19714
31946
38774
49283
40461
1843
13592
37222
25197
55548
54698
31771
72684
41009
91995
59662
34031
19793
62416
50562
90713
75158
12756
75125
47886
18732
68987
46446
10399
14207
42025
71308
82010
17053
76901
20473
13467
64680
76068
60296
85616
53973
6278
53536
41709
11201
47709
79762
30037
22935
26593
1717
98398
61396
66357
86363
30077
45340
68603
4542
87111
55334
20996
95327
16755
13281
81804
41567
19924
62104
90395
21130
59876
91278
5920
69960
19475
51787
50430
49003
94816
69835
29403
51165
95897
10553
84064
98179
81101
3734
19688
68910
93528
85534
48799
6343
44390
22696
20947
14883
11370
85529
11672
5476
2495
22474
17013
38883
67310
45904
36170
63102
63747
96146
30866
58432
17501
60824
26312
71979
19025
30401
89799
49286
45115
75315
14317
4417
60354
99639
28503
76223
65644
68529
71657
22575
69632
73481
34685
34745
34430
15084
57251
30328
24032
6050
26193
97908
43870
63038
72565
55871
3015
3983
92558
95463
95672
24997
4201
23578
93491
3496
10805
69695
58333
23582
11094
33910
99238
72417
60879
45315
31277
13635
99101
64169
91313
91433
81947
78648
39321
15724
32185
88629
66749
56738
72470
64557
72650
86181
32928
30409
91019
14344
58484
1028
45202
1274
78180
89983
22688
42655
10681
36982
8364
73256
60998
93912
45186
60047
95037
31323
75366
82131
41138
97634
50462
98603
60176
73475
6602
14119
11359
773
89099
31139
83969
47930
18207
84413
34509
70957
87483
26392
29920
19474
92645
67509
10160
44582
6928
33041
56288
25327
12645
77752
44710
88737
20215
37744
69404
58930
57804
80907
10296
46870
69303
9321
38208
76746
13655
73444
41714
35880
8614
11490
72439
96919
31545
61307
50507
47292
85314
89619
13769
63412
78072
91565
40077
26963
31723
37819
54136
17346
30654
23583
42221
55252
29282
89126
40870
165
19446
37961
3515
72856
73185
54032
19182
96614
56999
17400
83699
79476
14176
59259
58561
61582
77533
44747
9156
55512
48392
56967
29196
6699
2441
78298
20699
96521
42279
20593
52586
37351
37394
94232
86882
72424
2865
68462
55374
46739
95256
5802
89685
83066
23023
55907
98465
36559
77010
60687
25076
934
65701
69913
23493
56688
99645
45368
65397
94845
50725
20045
55449
47187
59155
30587
47554
59877
28592
4685
84104
72863
72531
33726
80913
69874
10183
51346
5678
56400
23758
11596
69951
65919
16630
53576
87438
34708
39173
71989
63564
27771
8836
8531
19884
69935
33574
32710
56144
71517
55372
63142
97483
89335
67808
18305
99055
39929
24150
83882
55246
26984
5011
53043
33998
31014
11207
38130
96126
27317
85883
10197
63280
49000
87492
52398
46741
55447
26411
42513
40732
72791
45471
97206
4788
47072
18708
12842
87083
66173
83310
54791
51610
43933
27841
45865
43611
43057
6289
59510
25236
91184
69074
47866
56179
96859
11653
73263
38086
40071
37438
15171
64864
41907
14116
60415
52604
82736
63934
12452
51025
4002
66762
59640
44373
76841
47296
74898
85269
76888
50710
84363
72743
66339
42673
71302
93273
23735
46652
98347
52142
54897
37771
12368
35487
90135
93407
97640
16881
14266
84469
7694
32651
5259
11560
88853
33631
16432
80316
34138
29832
36383
6942
33816
26474
2506
55105
57880
52268
58535
51192
55631
60067
18004
92456
95644
82293
94617
27500
33055
71126
22712
4577
59328
77280
50605
52090
65940
45392
97769
11697
34456
78761
6954
82664
61468
74857
63269
61606
47093
59893
17432
43595
63210
88458
84418
58485
52140
40470
41219
28127
52036
40940
30805
12684
71615
77564
55238
96033
43829
4796
63465
86212
15319
64612
67901
27848
48670
79595
74399
95875
5804
25152
90757
5379
41588
15773
48858
34859
79967
46246
13167
74813
1165
62807
91751
26810
91181
55947
59616
29133
11428
80916
95659
94036
66640
34886
40426
24104
23869
1534
2189
11472
10375
45671
23853
80172
20794
77996
23106
5352
70493
47400
76105
73597
17986
59396
73989
75093
3988
81915
58987
54651
12397
57575
42900
87055
87314
21499
65501
65679
5729
60111
83680
21736
70691
95014
4755
94620
50435
82640
28150
85210
84088
30153
21721
22760
91229
78146
44134
72718
59807
66852
27022
26488
70553
80519
3420
96433
31569
91100
65033
16384
33562
53034
70894
62260
24452
69825
69122
16829
40601
7407
52602
54158
93462
5986
42603
34021
74405
52230
29656
82025
50118
40131
9364
75511
673
81507
51635
26013
43173
63913
55239
85609
89449
31650
37816
58033
14962
19270
28441
13979
74824
47260
62280
5800
709
33709
27134
3812
70479
24764
82261
65258
78394
32112
69184
27353
73484
81662
41880
67248
88519
56736
12250
19734
90220
70615
37729
69660
69621
5976
62405
26409
90582
56478
49815
92562
68036
80619
27585
79217
34267
21587
68551
15838
79874
32434
93967
65068
71065
73946
93371
92686
57341
12262
47230
96169
49651
35826
49206
32846
37651
45482
31301
30620
3504
96895
97923
82090
89856
68207
57513
17433
81766
93263
71122
22412
99057
18150
65766
85898
68099
36556
72168
77924
4153
56210
51546
90305
86306
51481
97646
51738
49046
57111
36994
98407
36537
97410
15359
90509
96501
72777
72102
75029
87249
30192
91067
64096
56536
41528
82537
53830
70334
25979
68903
21172
72125
95148
84557
64919
48783
69740
4441
6912
44822
18876
32482
32600
8160
80485
54354
4429
93015
57709
27151
85514
21080
98309
6340
93085
87910
75174
50744
57123
43361
17812
86275
1222
11701
80129
57485
54142
81049
41683
25205
57699
76756
11357
17825
54367
52139
6819
23473
37792
96757
85177
50450
3488
55309
4089
56289
57105
55456
94244
91152
44318
20601
64464
71604
85953
20373
54655
61045
24503
31339
64446
20740
75674
4301
58482
68061
733
23153
40496
47006
87440
86159
76036
34224
33791
43620
14952
5854
55163
90987
75997
94457
98472
63157
94950
77276
88084
95719
53634
59826
28447
18368
69824
72379
27365
24259
1154
53901
55769
80009
40236
1083
33438
3458
59076
27105
29380
85113
55667
42738
84989
80656
46361
85297
95841
7406
24062
77739
17801
81087
42349
98748
31373
2003
66050
60991
79500
1340
586
69932
63703
54659
73599
77491
6711
85484
12078
4416
35650
77249
20280
4256
3857
1421
84573
98210
24894
58082
10252
25707
44798
27137
70224
37251
15937
94716
87258
67671
93291
27711
27344
91676
25952
72476
78782
46732
15151
19875
24625
32380
83464
44515
14604
90510
89980
3394
62962
68845
29212
55027
82487
45157
48736
20523
8353
43679
13460
21991
660
55024
36284
64673
17057
8002
85892
23359
94788
69183
8961
41347
77780
95258
37481
5333
73453
33900
93169
13170
22193
15174
75604
84606
25449
64275
5533
12458
34502
51452
19207
17718
74741
84029
98648
92496
42514
14115
40609
495
49457
61187
97037
69525
1741
34947
59385
81380
27572
49570
37458
57102
29232
36601
87373
3773
5969
92748
83191
48674
66551
69876
70892
4929
15922
61707
36711
95809
38662
7727
25714
15600
14642
79760
14834
39517
8366
35637
38494
22817
34752
83016
39264
91631
38206
83919
70764
94140
83315
73518
25415
77506
5808
5872
57023
86114
1078
2067
48314
17761
64511
87806
18865
55829
96927
72123
21823
23809
82677
20383
43180
53740
90623
12494
10646
91220
36255
8805
84863
24569
88564
75249
59324
93526
15945
97120
44312
41098
10141
44106
95558
89445
6519
5129
82826
19698
5648
44462
16949
95764
73533
41293
25740
96751
11900
6651
58525
20467
44823
75137
13346
44750
56661
28211
78914
72786
11190
35807
50001
55814
42007
54865
80428
66889
98076
81168
14830
56266
82828
78274
46391
50944
41020
5843
10350
88140
48371
31837
82401
19515
1770
82409
44651
51061
90664
40336
87953
98551
33157
40679
95387
19983
27571
62317
72629
77611
35195
13672
19700
16324
57093
33147
81051
15772
30414
82819
17349
10620
15076
58270
6496
69564
96218
21628
28243
59980
17289
16287
43947
94393
44628
25225
5321
89391
30188
94308
26580
71606
13355
76347
52062
56293
80066
48145
72910
47630
78093
73973
21704
91061
77707
23711
21784
7128
50393
68758
16819
37
84037
56134
65312
45718
96977
74528
61355
3367
57087
69551
35940
19267
81445
67346
55637
64324
65422
57320
15850
86959
43360
48416
65131
46875
69099
37088
31294
51024
59334
21905
49388
12526
55113
23831
18432
74133
45648
30686
8154
94977
10527
73192
40195
96720
45641
88694
57504
64648
5979
34600
86258
57687
67635
20120
9864
24332
71648
46441
51354
25691
11413
99439
48174
37983
10910
75014
99049
8998
53562
99771
27805
72046
35299
74736
32217
14274
99944
52434
14929
163
25575
55577
5672
22056
27336
12901
39364
3070
34481
25692
94702
31551
38747
42250
47807
91326
71699
73910
44090
15187
98371
90782
25066
93653
78237
37129
42592
61157
18731
80336
66995
15372
48181
54440
63918
96206
24713
11433
30803
17635
76493
50893
37691
36036
11225
99020
71723
20012
49575
77178
11586
54638
29778
94256
64980
53990
9742
60197
40826
21634
60670
13687
8271
45736
62696
19926
67432
422
86206
80207
33482
61840
64563
91614
74384
70715
40651
52486
15823
92884
9705
33635
10351
101
23366
96028
31350
88289
80730
96113
42129
87155
95489
21152
53321
64344
60921
13866
82706
51881
47825
84514
96726
32731
699
6894
9366
42593
58870
14580
42567
91913
85238
40161
88019
45068
572
7378
18292
80971
10193
24381
21868
88576
39887
53039
71272
73234
13924
7385
44717
24605
71935
56325
98750
52484
14963
44861
67937
93666
97131
52337
88462
93824
49983
78353
36309
99193
7732
23004
58604
4343
21488
28518
45923
61351
83081
23143
43199
91029
74798
85807
96317
4997
39807
29598
10210
81387
35976
97440
68140
92054
29435
61205
5206
26610
53841
8844
37459
72981
25814
65691
24561
39918
15440
87336
29615
97423
17248
25202
59298
86023
72873
23489
34542
94851
57146
42398
60692
71782
43990
41971
62248
62685
88399
88090
86909
73932
33321
54149
79285
15805
83442
32589
92841
14987
30043
94808
12610
76337
16816
55688
88736
25844
93245
28398
71614
46550
44278
61657
72165
93149
68558
9624
35137
30138
85605
55181
25745
46296
15821
30151
22695
66003
58241
22400
99630
81852
4520
4349
20301
13045
70982
55737
46952
32650
44866
26302
5384
98025
80840
83866
27378
77019
12807
24618
14531
86802
85567
93985
9732
40428
48652
90115
67220
66171
95362
35708
25486
36998
28757
1541
57347
71246
88813
72384
86137
11994
54353
16787
40006
45954
3984
32320
46593
29365
56797
20710
91714
39464
18087
54243
30022
18386
49256
1448
205
95094
51851
85024
94556
17882
26684
47407
49449
58005
8119
38682
11253
79512
5659
12426
81887
66063
51105
13647
12782
38288
20677
64542
52560
1734
88793
28834
5420
85724
89597
23984
34551
97201
23774
89000
93350
32676
5705
78634
46519
22711
39891
82870
93923
21739
67722
88061
19861
34390
79439
18778
6201
40399
58867
57153
14835
98296
42564
89515
50684
70718
74428
38638
27250
42516
53886
36002
37690
37634
95219
87393
1992
20964
45385
94502
17993
74153
33805
19115
76879
63088
51792
42206
78571
13384
58860
43736
82757
47759
31393
53786
71998
67586
48651
39051
49863
44423
46599
63130
28976
89159
96304
6965
68135
84317
89003
71311
2355
63048
94355
80098
57644
900
89680
75239
923
66241
56952
59499
17602
74675
7455
77412
82835
88800
61846
3609
53110
66435
22234
78111
45925
6036
74762
91625
31342
18894
68989
19118
69523
15078
39396
3962
73120
58700
35102
21531
26477
53879
41504
3214
78948
16348
88709
8392
48957
2526
67067
46234
31496
96474
27029
72419
1483
93948
96727
33569
28734
22570
58543
963
24781
17242
65527
15710
44523
57135
90915
80323
32657
63287
79941
37677
62235
66935
83160
34660
27919
48599
3798
44767
40474
5140
2857
25476
84699
49218
51073
66411
44640
43039
46565
30971
80618
56114
16795
41605
13933
54035
63645
96057
4139
19101
30704
76702
13178
44424
50255
99699
84965
6624
78867
603
87680
96288
42131
72100
94801
75025
33703
44521
81349
77252
54239
34452
16512
13697
93243
46801
24314
35398
12624
89244
63497
73091
58617
9333
42762
69653
93745
37918
29567
38212
59618
33104
38030
56158
17085
75154
53967
7914
23301
52481
46047
42219
33886
24674
67869
30180
8304
12354
71570
59664
74180
9035
87791
1145
36571
52906
64568
32025
8496
21851
28988
98014
73401
39986
45055
66607
42135
71704
77138
31033
86890
73142
84598
32548
86815
82266
45745
83457
58101
60217
14661
10606
10759
42631
65927
42388
45357
14098
59035
40535
95884
55253
39542
90365
47378
28838
2470
90515
45393
69412
61780
90261
37996
48087
71488
22928
32878
61731
33888
3902
95899
59624
49592
81287
40291
75722
72272
73056
54334
48961
52776
33287
19827
28322
31203
20154
84465
9037
24030
29861
92461
89955
51133
41084
16066
92425
7561
37461
71619
53491
62485
74043
92409
67625
10502
62631
16528
47472
81161
66473
26238
89183
93735
6899
66842
22118
41515
66242
14174
23469
64514
23693
60736
31866
3379
17493
80528
34771
62181
51194
98532
43328
95329
11537
65065
56261
2541
49105
49129
62465
39435
5867
51217
32525
18325
59048
4162
58954
64244
38174
44892
66520
90989
55310
54280
97411
9637
55629
67533
68104
1851
84910
11647
70730
67443
2807
69385
57272
72294
2282
13448
32234
21682
91765
20314
20114
32971
5073
55736
97719
72803
35089
99010
6675
61565
52835
57737
43685
96349
87932
12386
5612
87798
11365
72099
99094
61427
96295
78321
38536
23533
41140
76104
32637
84419
66587
68428
48573
73874
67165
60776
80526
76199
73740
81740
9144
33037
37564
70207
39629
85
26994
51384
49262
62386
40598
95162
80150
48512
91196
57184
99129
45058
47152
99467
30365
67719
63550
35640
96667
11734
83957
55851
75417
10321
33921
95287
86040
35651
80705
79612
50028
75793
26786
81918
91280
69302
69308
42151
53175
6144
39839
70039
49183
49819
16521
27659
69394
73055
87427
84876
18715
39501
79676
69477
56298
15923
26844
61093
88792
13983
54096
37310
94049
59695
69273
56163
92486
37377
33727
15249
77163
35963
69360
7425
28925
97217
62097
33374
20721
60227
55264
84367
93121
85204
35987
43433
29378
86232
24188
23240
35402
72598
73722
1305
67552
11375
38267
77620
78374
31417
15426
86619
11755
40031
56436
53355
73369
46019
88355
56374
78968
65226
68888
4621
60830
13681
53304
98288
83
50504
58982
93453
44049
90694
71346
88445
81632
30914
14858
76828
13838
36953
14937
2292
6478
53488
76221
24786
3752
60343
71406
62313
45262
53164
39153
26583
34434
89602
97760
89256
70036
36150
53172
94913
91386
24396
44846
29713
42987
17193
51295
56058
7464
33016
52648
52326
77064
71075
49731
56625
27306
5500
57200
9834
25673
640
23184
73601
41996
36807
11082
9711
43853
69894
15757
42464
24144
33432
5875
92415
10326
89627
25025
79051
97637
34251
36645
99605
42062
31571
74110
9223
99864
78759
85411
76897
12471
93809
92350
31149
80156
58962
32321
34327
66800
97701
1931
21586
2041
28226
26230
40873
40255
24664
79922
36207
7806
41313
94549
10663
14775
22704
72276
9404
87582
84768
84949
780
88250
63811
60182
74445
41256
92173
85016
48948
70487
45631
34111
33674
22586
40499
38254
2855
52107
7069
84804
14406
40341
74457
13414
19991
28275
72139
93899
72284
7469
91186
97706
80741
25002
23066
93348
54240
30485
37653
66669
31439
880
22692
23246
29816
29696
55556
24803
75325
29117
93455
64719
54555
97224
78357
79863
8523
58124
57025
5453
24832
23532
21345
46340
79337
14802
69998
18209
97460
40828
84384
19142
34805
26894
5052
79973
98023
96949
70827
15592
55515
28987
4196
78953
72548
80668
81744
50845
42273
30493
76378
64123
3415
33914
37586
23542
72368
65765
33992
90402
43852
53717
38142
36680
77728
37633
41793
3399
48193
37698
70561
15502
84095
29748
84454
1174
43823
99981
68841
78442
57805
85707
9407
63790
57271
68065
58148
10338
6806
59888
68003
47098
56845
16045
67001
88374
49889
51596
57633
48168
75112
38149
34544
33200
65713
79686
97721
66703
32024
76181
70742
58113
19061
35526
94648
60312
54293
82049
74361
93132
14559
63775
26849
55478
96517
29166
81917
73169
66370
43018
20140
42488
73806
22130
2230
91883
36103
30840
1957
65827
68635
63087
41114
8190
11920
20737
36577
65452
5959
47884
96389
4362
37244
96417
99106
6114
23554
36755
18363
43930
71954
8755
9392
67245
204
6771
11604
41075
13241
32157
77008
92880
62456
82398
84609
25029
79170
80817
84788
24037
94452
59042
96043
42629
14113
28012
8873
79299
40081
36188
45079
10105
92106
93907
68217
96803
85998
89218
78889
96243
51445
26391
37932
27802
86519
68678
83277
49951
39777
46336
90462
60869
78469
17257
67717
94411
49185
13741
85822
63150
8493
91147
26345
78924
90199
18832
60416
2660
97202
54700
15990
14476
74794
54887
1926
64837
52544
87016
90070
71832
10563
15085
17821
81456
29523
5145
15049
62585
15833
28826
72881
96436
15804
18054
33161
96365
7214
33845
12905
3682
40563
53120
27712
16061
29810
73244
76362
59735
29185
32891
87554
45200
1094
22657
45962
3824
34726
60609
7357
91629
25369
90800
29935
58083
90826
29726
89235
59881
67710
60976
38392
86323
53242
15202
43809
87611
34890
94288
77143
1043
54322
30005
13221
17364
17690
8473
82495
72213
19917
44772
35539
45365
84187
58494
90184
79642
23557
82975
15150
51697
11457
7085
22410
85552
7216
28946
92313
96120
97121
34241
20731
42743
81793
11502
3249
4193
4868
77806
31543
61074
60887
14973
82454
56215
70244
89049
70083
79692
43604
77147
16100
5634
7989
8754
50949
78001
67439
28237
78590
96855
40998
14989
24623
71913
18340
13325
2795
98618
37037
81796
30975
34380
71258
38350
50092
73778
64243
69178
30097
38043
40080
66055
86443
67050
66769
95639
22444
28040
7532
76233
91666
32353
22037
36449
86096
69581
11006
55550
35014
21916
32020
21807
40616
86116
33609
17810
29789
20773
68585
54118
35530
44310
58684
34411
43535
85565
95689
1114
91774
38477
59307
47117
27740
31235
24124
75175
43865
47225
93479
61490
18503
76571
27489
71500
22501
64890
88757
13466
84821
7401
58855
19269
9470
41775
23132
96661
40104
86264
21289
7107
69003
35924
92650
44600
92380
39765
10408
16329
41260
25837
89623
14152
75903
85579
34959
79179
74401
11990
35202
45378
10963
76177
71751
14416
86071
50505
44810
979
27768
7286
17933
77762
53713
41450
66437
11610
67752
71307
1782
68992
12735
35753
21039
44342
85279
57236
58281
46800
16599
76338
30295
98088
43375
93336
13199
48214
1308
87793
79717
40201
63078
91806
94827
85640
93868
17908
82447
6804
36490
47862
92001
45259
10995
46040
12291
34083
4056
13360
64051
75732
42827
65023
74387
17298
84350
84097
24604
72624
91700
27367
80743
14022
47588
37050
54566
53806
56485
24115
97700
72656
78406
4310
13236
79948
92773
98396
77519
21374
64196
77103
89261
11045
46676
8967
58973
72975
61034
68374
98327
620
46279
10715
79511
48138
10929
29014
87148
98163
33666
75688
57273
46451
9575
45069
47621
63293
37617
57538
35768
55349
77852
88288
41388
55768
85423
8076
75101
68131
17115
44363
83927
46922
324
5701
43539
66653
24726
18319
75077
97219
52461
29189
94441
84101
13689
39268
784
50208
64350
39189
38790
64771
26270
98699
38987
12080
94584
19076
4384
64112
75196
78876
98397
9103
81977
52510
74945
68870
97873
9745
79728
89810
98622
55164
82872
26016
98054
70072
25340
219
59514
23631
32714
16700
48422
3126
59099
90960
24560
26260
42515
77807
29241
48827
27828
96695
52729
17088
3710
72802
32965
52622
10016
7634
17425
17765
63330
27494
2298
95165
97449
68452
17732
60648
96602
33199
48604
64629
39378
70291
45928
32388
97087
98877
37631
44590
91238
39593
69955
19796
90092
33423
35644
30322
2039
53623
60799
43831
20644
75255
42326
95914
45056
96082
92200
38427
2397
29779
95787
54855
86012
53563
35707
58320
87177
97998
16957
41581
39032
68284
92730
3647
42863
72454
43318
86362
27497
71878
29690
30221
98138
19098
9368
36794
44215
17093
28033
68983
86790
18476
90786
68846
5823
73559
53347
39526
31410
53020
55414
17865
69376
28117
81508
68390
2233
65349
20242
45857
40683
20864
85116
4328
76314
54735
92181
96163
18056
43552
17953
74737
98134
58810
28755
27229
24637
3870
35265
29612
69541
68818
1054
37039
55352
99247
40156
53244
79283
11673
40729
12601
10010
17577
46252
12361
20224
68589
47189
9668
21707
44248
33413
89585
93509
64760
62335
53765
25426
91680
70795
70699
48840
1524
97469
71048
62124
96939
13488
37065
69658
46631
81529
51589
34576
25012
95762
90561
86529
81628
74650
98340
82741
25154
90077
49895
77844
73
23873
69774
61118
84377
60468
96506
99236
34168
31213
64773
63897
24354
81967
85563
96682
56983
33208
15739
22814
55168
64978
69109
31194
64237
50397
10077
88276
88558
81773
97331
98369
92955
43462
49936
45669
29672
60739
82925
9804
9141
91804
13563
29199
1412
90856
95337
77141
85114
24279
76851
95491
80630
53238
20841
13082
8295
96407
54908
60489
89043
72179
66753
17151
50368
37372
64869
82137
12256
58911
5340
21802
27413
63821
67024
97313
86886
45119
1673
10433
26385
55626
46934
11316
24516
47552
20972
20634
29902
76903
68157
15976
43480
40728
62020
33420
72019
51185
80546
15714
71700
14433
69393
33359
42054
58354
35480
60751
80222
2002
52080
27478
80824
84688
16691
41026
75399
42383
72979
59445
17311
95316
93833
9107
23007
69797
49329
21456
78106
21352
11797
75677
14570
5186
91729
69779
81494
9250
94753
48390
7869
13696
43884
44923
23048
14838
41185
71474
49117
64156
49304
87039
53601
29677
44703
40356
38169
14004
32426
81731
51784
71709
96455
63326
35038
40687
57378
39183
17849
96945
22851
11298
49598
97318
46380
28886
88115
4453
76488
60481
25228
24893
93317
10194
15693
44995
33997
72772
29556
99592
21735
1725
93256
95747
23664
54107
85323
68110
47962
96382
3297
29572
16430
83522
61448
4156
9290
43893
36318
91023
45367
42994
25139
73643
62473
27179
57682
96231
50628
31956
95732
70627
88665
50027
0
2374
23076
72157
58672
5508
4688
23722
92677
72967
59788
40650
94843
40786
69070
25791
93105
24059
71930
14024
31506
24835
50872
25215
6908
56084
89015
77030
30979
89489
97019
85809
41166
30404
11379
33476
96816
52976
87941
94445
22765
89172
12101
59518
70738
86726
25845
5838
49851
44164
10487
37922
93558
43581
92458
91705
37366
91159
51997
80970
22865
12808
8678
81319
47135
87183
72097
39657
48693
42466
74554
4426
93913
45212
8700
43615
14225
11800
83280
67646
55982
74537
23651
88297
42755
26781
92055
71244
79427
5985
58799
92995
72371
63540
29787
94604
64966
76296
6164
36756
41933
44329
3358
60184
58869
31104
22008
24370
98307
74482
22083
40039
27405
55518
8655
81338
54286
46124
32047
61456
80052
74661
82345
35170
51614
24911
98808
57581
87020
17316
32151
23287
27763
34474
11863
46552
71819
97956
91039
77494
5624
44092
25109
46096
57745
16288
82082
76174
63939
53739
62119
3617
17559
8674
42000
86871
52406
19832
60001
71131
83163
6932
11415
71378
8068
65218
44019
23864
6470
94395
56378
78279
88001
7442
92423
30597
7906
28573
82453
64246
69849
52703
42728
84766
81234
92182
25145
86438
17975
74055
39647
67613
15107
79787
25318
45898
77440
17535
88858
61961
40945
62427
37853
43359
69172
55243
12137
16982
56475
92980
1020
4725
89696
91281
76439
83347
66124
72634
27817
8950
50318
18342
62065
22826
83736
35970
27475
82605
72516
97186
99085
90618
59777
85747
20357
51741
72329
71160
22736
79171
70584
95961
703
57100
11290
70042
31935
59216
77610
31326
40946
57234
97145
90606
75203
27253
13985
37332
67605
64903
4795
30349
35872
17699
22317
28763
15963
70276
78192
93911
95085
33567
20636
49026
5516
52623
42882
51183
64048
67014
49035
775
55049
74988
35498
67260
40346
97249
63770
1231
2351
97784
25128
51158
40101
60881
18890
36633
57168
58189
34037
26257
85788
34931
90330
10747
36558
83658
42044
29973
65948
43667
85348
3611
55503
25529
99925
91662
68475
41110
41903
90237
41651
61774
1797
20441
45541
40543
56858
34798
51433
7585
84648
73842
89277
85812
63117
86421
73758
4835
43908
19311
63448
10319
46322
2365
15645
15711
88460
56955
34773
24657
82148
2443
2160
73326
51029
94432
90303
86499
87367
25263
19978
42307
74356
18838
86614
55095
65337
97321
37401
1991
78847
60404
89751
24804
3680
44663
89133
61889
5810
53832
47923
81451
42527
69647
3085
4233
98302
93989
37762
28777
63710
99305
44974
70549
74304
40522
63076
90636
2101
1269
90904
55956
98444
11171
91984
86754
26585
99523
4984
51322
14251
48699
99917
9883
587
79602
4996
59187
22642
40251
79282
9294
26793
70179
95664
47986
19778
46838
79201
72877
16975
93845
2962
64131
70616
33774
73647
19809
66089
40621
46504
31051
1595
50114
81997
69381
11423
65003
24383
71909
78463
33251
6007
74455
65584
81953
57882
56558
12048
50965
81660
51998
19404
67350
24420
50539
99118
19150
39800
14652
71771
54059
62019
56994
90360
30051
38559
13070
91015
39016
30465
86177
70185
22564
6003
23959
20459
3407
83850
80876
89089
43365
78168
26755
72117
46425
56100
42930
24691
53650
4477
3423
17393
42193
3665
75967
37049
1689
33551
20059
30678
60871
56555
33445
76660
65723
26303
28783
69079
47301
74709
7556
89233
86844
21599
19907
96839
45527
57108
54358
6648
70988
49249
2358
47254
99563
46125
89093
76935
58981
97241
51707
91380
47409
19236
5536
24695
76057
54992
21426
58319
49898
7981
44560
65029
76747
50983
31886
30956
49519
43565
32194
18673
97749
69239
35668
51872
43466
79356
96091
92806
14409
47266
79604
88482
22116
41442
41910
11616
89836
58647
99015
13645
93013
39190
49406
96573
32635
68867
67342
14255
50789
7239
74299
36221
8879
3954
23878
12788
7780
39753
16228
51947
7612
2296
97757
72829
46290
23394
70980
52875
15863
43467
76599
20885
60591
95076
70342
54504
47728
92894
67171
60175
92763
43373
6547
23155
11278
40741
85331
71063
61998
99395
45970
80297
77348
18509
17711
75518
39582
94468
1958
56042
66812
47721
90487
56428
31739
9631
57615
40886
23210
63650
38372
42422
46152
40872
90147
61650
88565
61556
33063
58287
95834
35225
12659
22681
80755
86961
96386
6388
40177
51411
33056
26319
91817
24146
59214
65743
22184
29989
45181
55651
23472
17656
15720
71134
51205
56154
16084
45466
73212
61740
48526
66858
88160
96303
64644
52349
72905
41239
86226
47781
96388
18233
46462
12020
64533
23799
31648
34189
9788
16416
998
18152
64688
77210
80770
81894
26023
31289
95636
40402
88315
31106
25178
393
34008
69292
3203
60940
88207
49463
90081
50021
51331
61152
34697
64820
1651
99103
94026
93749
84883
37870
91534
32537
97890
4147
62671
16867
1196
79985
32116
91241
30230
20542
17657
9821
2315
57449
95911
31225
97554
88588
4751
43331
57204
24529
5342
63735
56612
1613
59304
44305
84672
78678
92020
86129
9411
53245
13918
41053
20207
49967
33848
27603
84667
88992
91185
93398
71906
70839
46160
79215
54967
5792
86753
3585
12067
56270
82831
48129
85013
46286
94383
32087
54972
51013
11121
61859
55114
96012
58318
28859
65038
3067
60304
11027
31546
58219
37671
3236
55677
33525
61198
78585
4232
65776
48143
59895
49565
42172
92451
17198
29057
33376
59674
80196
21575
42298
86565
26813
34297
5169
85433
76163
7621
84164
17576
43067
76674
69867
8188
44951
12460
1216
96286
38526
58698
20928
12211
71140
75771
59803
38707
73158
61016
62984
45235
7484
65673
39128
14329
17427
70301
29664
18162
97678
34885
76529
44084
93472
25604
72244
95800
42642
46573
36096
83411
83553
94999
90872
63517
43822
50888
41988
7581
93247
88317
55043
9966
27170
21455
89595
56578
90158
8059
25922
68250
92294
16576
62519
73190
48715
14057
74952
42391
38948
67208
46704
64194
76763
99199
93320
87246
64155
49752
4733
53722
12563
27675
52584
22002
65473
51
2940
26240
8230
75210
95279
90335
16391
14215
80088
90093
70708
71552
2279
78664
55459
4650
47134
60876
34325
30541
54644
94900
18798
88466
8892
80500
88575
36499
56993
12042
84722
58242
98276
9827
49293
23289
98610
87777
46145
20053
72290
82383
14010
13222
55487
14389
74220
68195
66097
63626
16759
66922
4249
40436
33301
81829
70551
17930
46947
57431
90448
99515
96707
8585
53887
95255
80821
64573
8269
53021
52840
70436
15829
15957
14933
77416
67249
35893
32680
12192
13953
38058
73028
53205
7573
31237
39147
44516
77888
22719
4689
13200
77796
55158
59032
56737
20778
68973
78189
32176
56348
31123
64101
13367
56012
77285
9655
84354
59469
6862
42526
39546
26221
78864
99466
25491
31276
46353
91926
72742
86197
94967
36792
63765
85681
9833
64721
9041
74856
75827
70965
6327
39858
48500
80850
51216
95199
87974
51850
73385
30599
81986
5365
39981
6631
22080
97085
59649
98643
94123
28710
17717
13991
62716
43553
91703
48183
94000
37191
27197
30567
93361
87170
98116
22799
89165
33427
86748
30732
96215
75000
2710
79617
5144
65220
51876
77204
11831
82598
22758
28252
72455
92285
80822
85429
13749
16125
2670
65010
11405
22298
20416
41229
78223
86694
40902
39306
28813
96006
40919
57439
84021
34466
43428
44730
63128
15108
82117
17373
16488
92305
40029
81489
92352
3584
75617
16664
80069
65309
58185
41944
60270
3343
26381
43616
49826
83472
40564
75192
17210
9820
26188
8698
15708
48045
76535
48665
89096
20182
72141
44430
32149
28056
37057
65621
52953
75512
26092
95450
21824
86720
80523
54422
87222
69316
18376
33466
82997
51737
49639
7592
25795
48589
32440
39806
8324
17358
58979
86077
72823
37693
49269
25797
81545
41041
13161
87150
49479
34395
89860
56987
17224
53507
32210
39384
79914
3289
93306
72871
54726
94905
49789
36289
92179
93225
3451
82382
70470
50041
79380
7698
4184
86714
16027
65261
12978
48412
44349
7653
16569
18151
51300
99731
81194
6074
55700
71840
35555
96348
60089
33745
27622
18498
2859
43047
7032
42591
72485
87347
76176
63842
49831
67706
78780
58487
14705
70583
96013
103
60794
8735
74750
76753
53680
67112
53816
93644
68137
30656
60183
13986
43050
38607
55811
78431
33417
16902
64458
19920
44393
56160
63010
65380
73140
66420
48446
95208
48322
62478
892
16484
61839
26077
31039
44339
89688
93765
3981
19375
84726
97290
19598
51864
85308
65633
3626
7993
41418
29292
98475
87635
95142
53560
90010
89484
74028
2134
66530
35543
16969
58664
5628
8402
41461
66175
29800
63633
67753
96925
93051
50787
32583
26228
25448
54997
55191
90338
69185
95125
20110
20576
94144
61026
83423
89765
88429
56975
21334
62403
71432
29662
25342
8968
26242
92683
75568
67124
89921
46242
86963
9229
9803
7550
87626
64834
33380
8788
14928
26019
19327
10951
73757
23707
74016
37511
79603
69249
15389
63674
11455
58692
38279
55628
27187
77543
48958
88470
9216
41032
32119
35218
82589
21396
30841
78578
76959
99573
89497
51426
27267
72390
95848
33602
80835
11739
9791
13582
89486
55051
50908
16276
91594
57447
17478
91068
34311
56535
87532
93684
87566
3129
27181
4333
58492
38215
87569
35552
20173
19705
24656
82606
38875
17019
50534
97882
48755
5473
37153
85595
21906
68957
68257
73229
63395
3716
22209
98
44321
99770
60146
76247
11089
29179
22884
49596
83994
21316
47327
37563
18932
5096
78418
13168
58859
82962
91394
75293
63149
74471
49801
28584
86290
4613
15962
97173
74313
95941
3287
38766
89617
99271
13269
88706
41402
9500
29529
72518
54180
20422
30589
46413
8355
14041
97659
76798
22063
30759
5681
79092
63526
50680
42802
60928
56873
17955
4965
47869
92075
2422
21407
30825
95105
23851
36258
69248
74682
81751
330
27162
80717
54283
58015
62609
21894
33698
65969
82532
78721
12383
59800
38791
29965
5540
92426
59671
51506
73878
11612
89979
39540
18271
17421
34477
10430
49363
88562
63895
53331
93561
63036
22628
22425
45701
86985
33047
10958
8435
1433
60612
10722
88082
81459
74740
1289
79391
6437
56787
94680
35991
28602
15102
22961
58595
2950
47599
40628
41175
5263
2264
23575
99656
80412
82631
72942
4502
71566
48366
71151
93421
36744
11832
77823
40537
63587
50367
44440
34590
33172
3794
71166
32717
49124
38418
4292
69732
28863
13058
65591
35074
37118
10166
93422
36676
33661
56550
30066
54643
50947
54321
88604
69228
33179
11236
63741
35634
63730
51036
88566
86198
50743
24302
93891
85908
27601
82858
83489
68942
3102
35729
60113
66846
9246
66992
19235
81846
91417
12677
89616
63186
32656
29409
14940
22648
64100
51687
90294
79429
79312
28411
4472
87705
87318
35441
9213
15387
30499
7751
30779
7935
77660
82686
37499
66712
64841
56343
5529
87847
83863
58099
25045
67494
16860
41814
45173
29225
95138
11784
17112
49648
54586
74637
45764
33503
11954
3317
52697
53555
33719
76275
61806
27907
9974
85937
19811
84800
55122
15597
65680
57857
44238
23309
76112
87752
16443
22714
46518
40270
1836
50821
33422
35020
73519
49899
68781
48590
12797
23124
74868
69019
61345
46602
26551
87303
75559
48355
67359
66938
54836
93297
10404
66872
40174
34940
32936
55650
70591
60469
23789
65583
7237
33249
9718
80341
75047
87995
12355
83337
10610
24446
62673
45822
64227
98765
22886
63982
92264
35737
44308
93776
24973
12422
64977
49482
41871
55520
63046
54523
88922
39786
73756
25672
85781
70696
51726
14455
62529
74848
22663
11449
58442
79566
92273
79339
9405
22421
2503
91110
75075
9
69254
51838
55070
68817
20094
55147
63817
4166
4152
51662
61660
88661
12746
41507
5424
99315
40194
20402
43842
12194
39175
7424
94346
60136
74732
37855
20936
18178
4366
42874
17330
97876
7904
6647
25508
97049
12959
58395
91203
41180
23196
39095
51138
48749
78075
15991
96944
65949
97165
71029
81152
49602
74316
62944
80693
19123
4960
6803
50618
2597
5953
3318
92916
75789
34482
79568
64668
11649
53626
91442
55782
46827
70227
83194
44670
9651
70908
69656
61789
22233
33288
51705
85792
5604
9539
91793
52381
7121
90005
4630
80956
16768
72510
57077
74150
17232
43540
31552
43814
50967
57523
20686
66174
4633
79498
93366
11323
49194
80239
3497
53868
88117
40429
48819
44975
85578
67194
43304
90702
98739
83707
69429
22154
63025
46617
32056
39314
61895
97148
24745
67708
32526
54595
30533
60843
28079
12103
74045
90583
23453
3574
73800
8070
5076
69671
32638
87414
33101
65015
77145
2324
69445
15698
42134
81007
39215
58520
57773
43051
90902
64067
56307
2094
3006
71919
82682
31042
4657
87978
8268
66614
25184
17355
73501
42163
80800
89362
50267
17207
84038
12108
25737
36691
44274
71288
61688
97465
9786
58110
63340
72988
24274
84814
41695
55732
89697
37127
89908
71985
43182
54689
2265
76303
16999
93026
94487
90638
14537
56469
71908
16143
64288
86424
69082
52017
67845
58605
93748
2926
51078
68815
97955
42885
77836
44002
49157
37435
95754
19587
6562
75792
28787
22414
36385
60812
53933
21035
37573
39375
99807
11211
99701
46332
19333
62132
12340
27225
6657
90945
8371
62658
8579
44614
95088
14102
29964
81722
40678
91627
44775
22340
56252
18343
58331
39811
54290
61423
52700
43591
83788
49841
66395
92942
49227
35211
15897
13896
2772
76984
3307
39351
53725
89398
82851
34718
24525
56483
39482
2538
71192
57433
62849
92961
2967
94370
41743
97711
82521
88626
42532
11737
27701
9988
25208
25779
34878
54042
32955
98520
33754
58274
86283
55190
803
13406
78842
3378
2465
14584
38533
33965
17419
65906
83762
79261
9510
65409
66222
63531
77160
6786
49875
14990
80612
91272
91996
10791
95363
79148
70354
95585
43454
3016
9310
42350
13797
27676
95240
96114
35149
494
64730
63336
26169
72761
81300
34321
6339
85726
62459
36615
27373
93897
49535
42399
71455
30673
87352
9654
81409
10943
47653
40067
70489
99817
39709
78877
86945
81503
22891
64743
93603
79817
82146
84387
68020
99735
89160
35739
53263
65351
85522
36186
15604
13005
48762
45578
80826
35986
43116
97265
3106
3843
26710
6237
70173
40846
39718
27114
76577
44069
9800
62996
36521
71915
10432
20738
86469
84562
22866
38787
20132
30087
52699
86246
42529
92363
87831
73132
35264
63032
1317
99304
97505
79712
1192
74867
2768
54343
31608
71132
60317
21922
13950
49779
65278
79131
42318
56638
10154
98308
94658
79225
70834
90021
15073
30636
67813
17609
98126
51129
73615
60607
65611
74644
2837
58450
35541
41385
62445
49911
71663
48552
49439
8900
77805
93507
90208
92489
98066
40519
80415
39099
64358
90106
66642
15280
31478
32885
10024
57814
70991
31251
4033
76754
91365
48923
49290
41895
84411
67488
7169
96321
70062
60573
74210
11876
94018
77795
39742
98876
65171
4813
44584
89669
30776
7788
85905
72766
52283
62611
81203
60520
23024
28639
57318
60475
78881
44999
53914
13832
11928
20803
19601
31594
19465
36729
49985
4547
72473
53189
8312
66661
19229
42880
80456
54605
21427
27682
37091
22040
32940
22818
15705
44124
70545
83452
82859
88056
2708
74406
6574
71849
34099
31802
61398
87518
58245
70200
15658
21005
65040
37903
39907
45595
33038
42283
46229
92969
65876
83355
39522
93542
4312
62431
66759
34366
31554
84749
70882
46612
84616
22729
61324
32301
96360
99668
12444
22311
34000
66394
697
45528
56083
61211
83643
83781
380
54311
10053
4492
40597
64741
33331
36640
32792
63166
16868
94079
32818
63137
59797
1361
34285
39997
74040
21576
6529
37287
66358
79553
82212
13626
60033
99458
36275
82594
20309
17100
95540
11712
1901
15134
99963
15954
39421
60242
31772
67288
33137
60140
95592
4980
74642
10179
2111
91132
34498
44029
49995
98556
72352
39136
57547
60127
74461
98541
50483
83413
60300
17043
82433
38966
79959
98849
45092
74375
17116
14107
97314
44071
60042
2576
1225
40473
88650
60346
19054
37334
75644
92175
74881
11179
23510
25809
86960
64973
65021
49472
28360
45164
53260
30351
49351
41157
8149
9038
5173
78871
23091
7715
69112
12862
3802
61133
84757
40600
15142
84783
5853
21164
26003
42914
57966
51906
81690
69734
19179
81139
80706
10161
88385
22449
72895
17814
16232
58347
17895
95582
24292
53910
86756
23792
43332
46083
23640
20918
4253
55555
55039
11096
94505
56646
59885
58324
99727
85274
60603
46546
30447
55104
47681
63173
33464
94941
30838
47455
16619
10522
32049
44181
44950
86015
77668
6875
51991
75896
26262
85333
21756
24828
539
11134
27610
8280
84668
35984
70976
81999
34334
11766
8232
59572
60918
12571
22321
38368
35135
44535
18153
71852
34779
1392
88034
16520
55962
15011
50951
98190
68494
19946
52359
74174
13620
83151
79062
51903
24546
66389
27624
2326
98957
21110
7139
48757
89905
21725
71888
87708
27131
69076
46547
19362
5081
23465
56706
51482
38884
61306
22113
58247
95089
85867
66737
99309
71060
81553
93856
86835
50526
13856
85161
90359
35569
12166
32004
80603
44690
60241
45412
31490
87068
61770
6743
95663
18378
76555
69007
5357
19966
92666
9075
46435
8580
27632
92948
27743
53848
190
73900
33830
58823
30442
50737
40126
10861
22155
27294
30502
6426
44217
72890
97365
53156
47932
13191
37217
83574
71345
22976
22947
25358
71560
91578
14341
19108
1497
18781
49125
92867
25135
47458
18508
76282
25499
68906
55957
70349
84936
1928
29238
12419
99587
81885
40357
15855
95614
79936
11706
89111
24408
34831
53873
92150
64345
68256
69704
20536
60266
95098
96910
86228
5594
80226
58668
59478
19514
82988
66240
84680
32833
84719
11167
38173
32456
28359
99102
30722
50476
58428
62322
50843
20245
87867
86433
54194
27332
5749
7193
69548
8802
32238
68037
29388
30141
80463
96496
44165
69881
67076
30132
27822
19190
80902
12607
43319
12163
55573
27024
42821
42091
32014
64327
56599
46477
12713
12649
37632
39485
34262
31574
19134
93488
76383
91320
62001
20220
16024
97689
46512
84371
31896
9015
87465
89673
12040
42866
83647
71541
72367
38714
80111
3508
88409
48170
49939
92109
64778
53239
71113
3624
1995
80906
71711
73182
76480
32174
69379
34632
42133
34677
29018
29066
71299
47607
45383
52010
16064
67647
70809
80580
194
38337
77349
66015
54990
97063
98669
56589
69418
63750
84219
26351
54574
44402
12432
21955
3337
92346
33733
38242
52687
98018
80997
10676
91940
28673
43968
66798
63278
37092
77422
39443
60757
29914
90030
62613
25827
73911
59486
22568
22907
37873
37052
38727
91898
25088
78501
60708
95885
99627
72978
7632
53406
7227
33918
83217
33744
83027
17366
35473
58544
47176
99078
85119
39654
66118
32063
48763
42222
80472
55300
63183
66353
57898
93464
54327
43569
92129
42670
84232
18217
28436
47776
63432
76868
84711
41055
65338
84972
87862
45174
30915
8179
61412
77347
33630
19086
73724
65811
73959
42714
66404
59953
90484
50749
25642
6582
60092
23430
4007
12749
78025
59349
56745
70692
6727
73066
8845
82915
49376
80191
84734
88667
11206
60007
30018
48113
95481
94710
76679
59949
95567
2446
75696
35732
84747
35141
94417
29246
4428
45398
76171
21774
77948
76193
10479
59896
1425
78324
45035
93579
40698
80325
69683
72277
21412
53811
88574
15508
10145
2322
70222
10515
33927
41196
69902
42660
20783
8286
67405
93569
85064
69298
77731
43036
30430
69613
83879
41028
82490
8272
73014
84370
30149
82449
25510
6287
32189
3452
26800
24959
10498
5626
54875
57445
40696
32939
53646
57928
17480
87540
49222
82876
25519
39599
43746
34894
74403
90356
72202
67440
44234
50115
25366
46488
52732
76532
99136
26637
58933
78880
18540
23942
20307
70236
7145
52353
40722
33582
35757
94997
8666
87225
66638
18089
41298
2068
21356
7590
80317
23090
48205
83179
25743
4427
43568
2378
38539
98696
55082
40392
77165
58704
23015
94299
61908
50535
90907
15941
26346
36997
64132
83900
21476
67217
46975
69352
12095
74744
4495
47349
93883
52022
63281
72194
60848
89122
76966
42216
54333
73017
23456
84339
97334
47143
79678
20894
62895
57610
14710
97006
39227
42506
87724
11373
86718
10482
62040
68647
77738
44662
12999
38405
44660
38603
58348
69232
82520
898
78932
41508
10630
31643
10386
85711
50226
50815
28596
82823
23816
28939
84664
28385
10003
32479
58533
48178
26788
65052
91906
63358
13482
35379
6968
79199
87335
34175
36855
95868
13276
18929
44922
27837
25974
87291
60321
52542
27748
27161
58321
23694
32677
6702
59897
52373
13734
51973
71217
59926
19709
20354
72420
74244
39316
79902
57474
12060
88673
98555
11857
96265
58591
68488
74960
88130
57206
42341
68171
50011
27514
5930
27226
78133
2577
37841
82468
5111
42255
38611
9899
45203
10110
50266
79284
82213
27734
31943
95556
33879
61886
54017
15845
78468
99114
52259
17567
98061
73459
53548
30903
81877
43762
47906
91969
73373
18407
56087
15220
10323
54325
18787
29252
61325
93199
77884
51691
99219
44048
1152
41669
38899
25538
40220
73865
71927
89073
20179
67882
29693
20471
34292
21638
81987
2873
9222
51226
25487
24061
69675
81019
64022
52667
41363
97658
92791
40372
92692
1670
99976
52753
4192
85782
63979
71829
49934
55279
88816
92782
24029
66207
99736
55587
79160
27897
89129
8758
55435
97029
69803
26763
21470
31852
47083
5244
29870
73782
17703
66427
45703
13218
71931
83307
37527
21582
73387
43201
19728
94633
28256
1847
23638
68168
57730
41190
95611
26181
27499
88754
53037
58104
43603
66952
7745
78258
33801
29113
40987
82728
90109
51224
47627
5414
28644
21605
77726
46423
41767
6826
63576
99747
9276
19163
52551
77579
41556
10889
77316
18785
16219
86830
42421
36863
39940
83529
78422
80064
24839
45708
43526
60408
25735
47088
44491
59357
24424
88791
26937
75507
72536
82461
66504
95643
9704
69706
96884
12761
85105
80227
31130
73554
578
84638
49230
37454
65055
38562
38033
50404
81083
30718
97041
47499
32766
8441
9648
57282
37061
55032
49153
44723
71428
83828
65214
17915
40038
63688
24237
94453
15324
28231
14069
81085
51155
12545
57669
28676
53257
16242
29904
10801
53068
80388
71387
50509
57274
11819
36518
47832
53930
33242
13715
16309
20415
65264
19538
87643
51272
22075
35705
20283
73710
28294
18789
57156
13416
51382
35731
60017
99855
84623
89374
43787
46386
9526
42518
54408
83773
30700
61128
65815
18257
7180
17696
70887
81260
315
32167
10748
59837
36148
79610
19170
46916
9401
85635
54130
80214
46099
50834
88296
81635
45253
34369
67893
13783
96302
24401
11885
71028
87253
39738
4317
43802
33397
36903
53444
97193
7089
81069
35269
98984
16071
77191
48893
6141
41072
22882
99170
93716
62692
45317
78464
86447
56344
77344
45447
32085
32712
19079
51007
19603
39066
14754
9453
43025
40790
51902
54153
78643
46965
44875
45963
40851
19895
13898
74971
36539
1877
33290
60438
21822
93742
35798
58644
30763
94078
98933
87351
93893
91979
64506
61430
46329
59927
71180
33694
98173
53080
85324
67775
94357
3649
89023
31888
28492
76130
85602
8848
80712
61421
50615
53329
86467
48625
8215
41690
39468
32615
95865
72814
25983
34539
43940
44044
68011
90597
2856
50051
74099
41263
22121
16375
50252
98565
11444
96948
93232
15464
70196
63338
19626
1034
44893
85088
59813
67380
50181
91872
38456
40440
76043
14917
81393
61540
54785
63155
76099
43130
80509
34842
78232
43490
86434
57508
17799
59272
18065
95778
32334
38317
36990
80829
69420
40908
77572
46264
35208
14913
67441
36178
59853
21163
34647
17486
52194
98922
87408
46309
82617
93092
35082
14560
76087
4919
89916
58899
81377
22523
8965
6484
53550
2118
21376
9506
9052
40139
68993
73738
4837
4933
70383
17415
76140
64944
69347
53752
70014
80963
37657
85915
94372
70862
26751
24493
96487
72556
62595
78805
12255
16452
37150
42737
40299
88417
31961
23260
78220
37205
36652
2462
27930
53082
68381
716
49655
52577
545
66626
39894
56259
56233
81398
49063
34421
44188
33679
76844
62672
54195
30140
42495
88303
98903
33964
39561
385
56964
56685
11174
27731
45833
64406
55606
46484
45243
46222
56077
35874
31639
91892
91931
34724
55193
33958
77111
39394
95916
65133
33859
19156
54893
59887
71274
12267
69021
37248
12619
98803
53440
12781
32290
14315
90728
81158
14350
57443
78683
68185
24666
88644
35245
99440
11398
92597
63646
17131
92581
37800
41550
31863
90521
86692
47380
46097
65406
99034
81542
75562
9097
24248
48068
78611
32837
63365
10256
83048
99264
56819
35048
84916
45741
87849
20960
49732
21962
24648
59444
35122
79526
34057
37374
12877
68512
67300
29205
62367
33286
32356
44137
94626
66643
76759
34756
50083
77674
14673
93218
46784
24218
18079
57034
97542
9679
60951
49635
47408
27718
24350
66396
3820
69162
69759
3946
48008
47489
38316
8499
19683
49713
62021
28524
25332
84753
40941
68303
33050
83428
378
6649
74840
64133
45337
70326
32508
45430
9730
62792
92162
87233
3887
70674
27074
89263
89120
17746
66178
2816
73986
20574
79252
27424
46515
59050
4785
84744
48839
84597
91783
77856
28220
68237
61215
40888
78671
99688
93806
44832
43348
47166
60360
89072
94389
2402
8792
9706
56892
32499
79015
77089
80768
64124
78771
89314
24904
9121
15336
24371
23450
87628
44603
21764
71228
51952
5658
21449
24943
35317
25885
38237
62508
71778
2333
97540
63016
26650
80856
87218
33019
17470
21182
18757
81134
29681
49957
84535
47603
79082
44280
22103
77236
20393
10702
97863
12439
97820
28146
66776
60043
16844
77240
41050
63124
77866
73935
81983
54418
85185
76205
12679
82879
82013
29266
60229
65934
95458
74655
79748
35086
9178
85541
23867
63307
84115
92096
86253
56024
97766
80380
83938
31193
39932
43009
33373
2159
29752
26628
77907
28725
12457
25633
37455
89402
44300
36909
32436
14611
42434
80896
37890
67981
23274
69060
33465
83477
33125
462
43520
78420
7690
87599
89193
38626
46755
92041
38551
30671
59093
14157
16262
82730
93295
63570
69839
67099
3850
30617
29495
48132
81900
9973
79503
62424
29444
67461
52290
15761
29506
46824
34150
41572
26635
13144
42234
43483
60309
45444
16994
65507
29516
19461
5176
71708
85980
31328
60335
35114
35136
72770
76259
85146
10499
50927
23889
72595
67934
56350
33622
49484
85390
9352
69988
64175
87834
19191
10400
78417
34188
92315
83573
94613
66346
45390
8086
89633
10886
4791
21858
20954
71083
13716
80128
59016
91693
47882
95066
80171
97808
86449
44360
84456
99843
63892
92863
34969
9189
19973
21711
8519
72076
247
89872
10142
43971
96353
79360
68071
69425
79359
60599
46199
18235
40795
45871
59810
38936
100
32168
54211
76726
32802
21106
58497
8976
29449
84336
10763
11287
12073
55276
77553
8388
28120
25736
95284
76447
20329
52647
80984
31280
77460
93043
62452
64861
45711
63546
88771
38649
52772
37397
77459
98450
82585
93724
6670
76147
13575
69288
80030
75961
17014
69909
1180
7206
7166
69128
46023
86921
10699
93209
1738
31598
13643
76089
4179
75119
73816
86652
85958
54272
55389
14379
17064
9090
78453
76714
35975
5948
26715
85667
62614
87444
11495
54517
3893
50165
89760
86503
43980
16206
37621
18901
79375
43800
41598
80703
59730
21452
7155
81199
20860
27524
36387
4496
64399
18548
77028
19028
45677
48209
95502
84261
18893
51628
41894
7037
81177
21907
34775
65382
98873
83698
65510
96591
6661
79847
84875
20150
59261
58725
84818
19492
27007
19742
64727
73268
26225
47026
93375
50043
79155
42625
36840
27990
95832
70359
20285
63146
22821
47791
70650
51725
17305
78747
90647
62986
361
69044
44576
62966
73567
26361
87570
90354
99330
61098
2168
3620
50138
63424
77270
35508
7735
43778
90839
83034
92153
64427
28198
13513
77005
96543
33882
92956
71978
73312
55083
85506
63473
32895
23553
1148
42768
25723
10128
59366
34433
48505
31862
94898
37143
56669
56118
79791
92987
5187
35693
55799
72938
70854
46892
50610
22734
78882
71023
88510
28192
70142
19334
41234
91484
56346
79288
30263
54068
6914
20612
65596
98997
19990
47940
44807
85748
24028
85184
91355
35615
96955
87655
42985
63468
80381
94174
4809
9694
34458
92019
20648
46036
58912
50469
31497
78545
27925
81588
77745
84754
86659
5102
80115
74797
53872
14516
60582
13205
27258
81567
73638
34403
39492
34375
78112
43491
67045
21054
87423
32811
99452
16890
74600
10999
15527
80679
79895
32674
51327
79135
51040
54932
16469
17274
67847
45435
18686
76015
18919
87601
50775
78744
23988
41674
46796
45469
91082
771
14153
62521
34363
98033
38798
89862
17147
24406
6064
71910
23939
99532
24242
70299
32427
7240
27184
3047
77810
94824
83476
47229
65031
50418
36933
80208
46630
81962
92208
72509
91479
92695
39418
28657
23746
95573
97358
27880
62457
69409
86131
52585
8517
13800
19645
91762
89260
7403
91611
1666
30681
846
10573
47118
56147
81040
83793
94787
84425
94940
65967
87078
15973
4490
53292
58875
36152
79029
38106
85829
90519
45840
24208
62663
10264
53203
73479
45454
47096
62513
56167
19395
16473
44503
34824
90627
64281
74816
57323
59041
30445
48828
52646
95974
11765
40257
72932
60779
34722
15854
71739
89517
92869
18697
25250
82003
30572
693
18487
83725
65820
87843
76291
27942
63177
67434
60362
70596
51811
58792
91516
34750
35818
33538
79574
59388
57862
59854
93234
16236
88030
2720
98502
82931
44705
76155
52686
84300
64120
51932
47927
30028
16848
96787
28262
9286
85230
1850
75791
35742
4326
39930
1087
85029
25008
78970
48951
16093
4774
21066
70514
24309
51174
3144
86947
28067
69456
75148
99005
59515
65212
69157
41811
74524
76694
98840
14728
99977
53234
70248
17260
53380
70700
38182
31103
43673
63373
58088
59175
84832
88642
1550
4675
60214
44331
19121
54524
65572
83763
85120
55773
7292
18695
91311
73646
21972
44920
26369
49840
66833
39266
57889
14246
8708
16203
3359
77186
49634
52837
45191
54423
98124
70597
77049
47276
75179
45379
2780
1895
63548
55286
20645
41529
78662
14063
64799
29037
90908
13858
14485
65217
13454
57822
91630
69230
90771
27992
86594
51472
26286
34772
1420
83937
628
51055
22612
89703
67583
83071
80261
93556
6966
7936
2821
82583
2608
75763
76311
402
67711
34303
77592
30178
64835
50289
11499
27809
36198
77719
2536
66890
36019
21893
79411
38403
20533
34401
74009
70453
58001
78318
49038
12770
33348
55724
50572
34916
82987
7654
45044
13114
84981
1854
19848
34
19750
11754
1508
6645
1656
46785
28972
11061
99562
84920
87113
6612
78124
66881
40018
7636
64618
66568
53883
80742
70287
29616
95443
32782
47059
34725
87711
14860
40552
11911
9307
75505
63696
38506
97149
63353
79233
241
34887
86423
27843
56650
37227
82381
99142
175
91707
92676
41017
30171
27759
35736
96641
74599
99649
97396
24301
59580
64472
49950
43883
40230
3610
50213
50609
52471
6456
56313
62556
41530
4171
64377
24210
49468
24307
56098
12968
74256
74727
4786
20476
73029
91787
7599
87865
39634
28795
69837
63667
32393
56250
65393
70669
13944
74347
61218
37109
22180
8815
79569
24841
58806
58009
76456
50164
70286
79778
84859
14079
63604
71193
81607
21547
78753
51600
93605
54764
4884
87319
15165
39172
67048
59772
9422
78023
50037
95381
29319
40797
33469
34735
64724
98770
67285
96675
81157
33411
7524
1327
90182
34210
31105
289
35979
70902
87721
10665
94681
88579
44800
421
86052
10824
12316
97347
20604
38900
36244
93518
78925
98500
79800
66476
45918
73079
11682
15235
84263
8989
62915
16693
5495
11959
66565
68883
96509
4798
14009
8444
76807
98548
9088
33211
59713
61331
24576
20163
41158
56159
62200
75499
5897
54024
38700
24926
16796
43843
25077
8728
70564
11666
99870
57909
69908
91194
16675
48367
69638
76076
95010
30408
45014
30399
78315
57964
38054
77012
32538
20472
22149
91343
72836
95815
62868
25326
36079
13052
44673
79306
96420
66312
14046
78964
83833
1332
65918
28920
80022
40845
52657
6378
36016
44467
80396
68617
69796
15127
96545
43227
68068
23131
41100
70068
31591
46173
91033
95238
92277
48317
88907
81807
6089
8705
16248
47395
67987
23322
36808
58166
58919
42290
25115
63944
10255
60222
64319
75462
19401
27295
55664
79293
58723
85555
76064
82506
90950
34121
84266
18130
71093
18809
31892
64893
24844
996
90569
41703
59391
80878
98623
23138
5981
2018
59280
13422
52874
97722
4843
77269
85164
91603
75
34594
28812
661
17669
82720
67627
79579
18306
41457
71776
64341
58451
97946
3218
88098
63788
39667
99650
21857
16905
60380
16563
20708
83602
62586
20551
56703
75004
907
86170
50655
62230
5028
69608
5859
58588
65543
60982
27932
34610
67451
60947
92483
5869
10261
37345
45257
4522
28742
81863
31420
21719
7101
11680
76264
2846
79980
2867
23081
96483
71430
22579
16239
9362
58434
3211
26992
5425
80418
81136
15370
67313
39103
28577
74576
72980
95478
94304
97518
76678
30981
78008
73131
86975
23078
88502
80662
31150
35028
7202
36492
71549
91813
44221
89525
38301
58596
41342
93564
6431
80651
54402
86808
35072
51122
22419
79231
96700
99332
96222
66683
62196
32629
30134
63937
41612
46354
46421
24373
89204
23225
79720
48836
417
70586
2815
55591
56541
14199
89076
91713
9300
66278
73349
82416
35465
32711
55790
84657
62879
75943
91368
37958
30428
1811
34233
82403
88336
39821
60059
27422
39216
87706
25454
7160
31587
60733
30198
26657
5019
12198
91773
72031
29982
5545
54371
90232
49641
53759
58444
14356
64144
39916
40619
5550
45022
94728
40020
22246
88344
36653
76568
97205
8636
78358
28007
41261
41881
82097
26050
40606
27078
28983
88464
7515
12880
8907
98156
80610
42416
80808
28389
87098
77260
51873
88700
26031
77980
19922
40906
99070
92080
70701
49558
83248
35948
46940
52852
90483
44962
13930
44480
63053
89472
10921
21819
71121
62554
82235
73375
6583
35607
82130
33459
57660
9682
60504
59653
6731
37141
81911
92653
11128
68127
98683
64416
34764
6251
1275
21577
56945
7431
64497
80888
72430
26356
47013
8050
53801
78532
12138
57651
53022
2972
66054
5152
44317
12079
31644
92787
87406
48111
97266
27588
53307
64694
48689
17989
40103
35260
35001
4829
38784
94208
9769
74693
83672
36472
75358
66698
23166
44083
85207
65344
5818
78126
11508
70312
68067
98368
36327
15240
85658
8062
180
18552
96129
32664
27139
29269
3175
69201
7456
81137
33284
88196
79920
8453
12220
64519
14750
16060
33070
79344
13861
77196
57505
82110
74597
67925
72599
44380
76663
22292
64203
60357
47497
21844
61569
65629
76191
6006
74270
96334
21448
86934
32220
72356
48216
97577
5640
36375
73059
69192
79460
53643
82633
53478
37872
54947
29706
85585
81532
58072
35030
46349
6653
39589
47897
29820
82298
54780
76492
97872
63232
57747
44116
27066
92033
60436
58154
45313
66611
76425
33532
31797
52218
74120
91477
90536
10571
56435
28823
59729
77208
78716
17632
34178
28928
72059
38445
35491
29304
6178
10167
22268
56445
11914
93646
49080
32530
28154
11389
16466
76806
8487
11892
52739
52690
27375
19192
66961
27993
22278
25379
21301
85089
38246
92507
47511
98180
32258
59979
9909
7548
41774
61492
56909
54082
99254
18371
50184
71127
70122
83390
25438
97185
5654
18721
46820
19000
39938
39281
15788
88683
19747
40129
63869
18977
4773
74548
70216
67597
60671
35151
78156
71047
39114
91983
29617
40252
57326
29492
24327
72839
35357
50911
38390
59923
90185
50844
10143
20989
68619
24915
43982
7798
95396
37585
12791
41210
92031
78036
54182
76389
65289
39447
33982
6090
27626
45208
71239
36963
96947
37905
69884
26354
33061
48504
55327
74374
56419
28950
26969
94250
25117
92528
96148
86285
99378
74993
76468
83308
55223
98701
91633
63794
62360
27988
11985
78992
43731
7549
65154
98508
55112
35060
61896
92073
92830
226
97434
36160
17916
35846
97354
2560
98837
84306
21465
78500
63012
57883
36724
85398
13230
74094
84252
3376
99883
31077
24631
93412
77325
68573
32237
3247
38051
11973
15884
49870
49214
70159
2108
67027
89997
11173
43124
85858
1591
91809
75672
12687
92416
54449
6206
77175
72299
97064
62624
97047
9247
82464
65925
66164
33950
89115
20306
21938
38837
94378
62606
35875
45009
57985
1969
86860
93984
62706
47464
11722
59710
91670
31221
79247
37724
89435
63455
49288
72026
59872
10471
67855
9128
11057
62582
52507
32432
76014
5999
65227
20109
59910
30257
85841
20380
67580
82539
4662
17104
60926
26769
71344
59964
22375
3404
50564
90701
76853
43967
74767
80564
52619
24093
1106
94519
53390
85444
37173
69389
3033
13493
42620
10539
96350
7131
321
62648
25056
55340
49888
74906
7228
26870
29960
31281
49399
40165
91262
65193
93442
27700
65932
82343
51405
32605
64609
9880
32670
84110
96291
8489
68757
50137
55348
17859
73990
74071
79068
7329
33874
21980
46695
90544
34802
66561
77408
29235
81664
30419
82192
44632
93629
47144
11238
42276
985
89441
91541
79119
53122
14403
71637
694
50074
5855
36550
61482
83059
71877
20831
856
22751
3535
28550
56883
59569
70226
1151
85463
3301
80981
61236
41658
88782
19808
43909
35878
59603
23643
68226
76446
16518
35787
13254
3441
48363
13291
18688
62111
22082
79631
92522
39965
45287
77817
57846
35386
37839
34988
26338
53323
99312
46397
48648
72178
15930
39893
52582
10356
64582
20603
22959
94251
20521
26247
11813
17300
54983
65152
27859
17054
51160
32698
82384
25607
79263
45005
28656
40207
61010
15266
5502
59531
73009
4022
83525
59975
95357
41897
72489
12708
50385
19741
97662
51540
12530
63989
17189
22893
84521
13618
40558
64016
63602
85925
482
66110
64941
73201
30410
23626
65025
7564
32991
20854
9351
79480
58500
90616
75371
46596
94639
75335
53492
24685
21675
52991
32163
53724
97475
79699
59516
20786
74259
20934
47519
42846
15349
15634
36038
31357
75616
88936
63027
90770
13220
51529
54625
96410
64913
20911
27899
66879
91341
11221
65622
3603
50261
74671
4451
42031
51551
97593
74336
568
2205
51676
45558
87045
94373
72769
43702
54833
94158
59866
3919
50147
56648
60659
80547
63638
99768
65813
69513
85280
5405
38375
62271
96256
45304
15966
75995
44613
93170
57817
56418
24359
53809
96132
87943
24785
37834
83724
1487
63865
72323
86587
11439
21148
87927
27394
63721
39922
24008
62642
97765
11541
37243
53993
1740
81364
29824
8621
76791
7335
22510
24739
88892
53574
64333
77655
54296
70667
92770
72956
35664
26796
34651
35201
37192
3269
66945
76137
41549
80120
48156
7380
2030
11035
47233
97974
9029
33806
90143
9010
97756
47857
5610
96453
34161
57951
65627
32478
42360
57295
39357
44180
86880
1286
50372
60410
55084
47073
9129
19567
85359
60040
3768
86738
35770
22279
12242
30906
15305
11539
2060
99567
65531
83398
8745
18638
66658
16770
65560
80119
34256
7820
36465
17201
20629
44320
91993
77867
23357
11652
78379
49349
33097
88459
60717
27035
91040
21071
35560
73319
51543
87789
82698
68373
50869
65834
29048
99430
99222
71505
93572
36176
73102
12006
84048
52015
48887
57076
24186
84855
52277
19517
12464
76238
18538
87009
61414
5779
76783
41887
23602
59766
61571
13430
40261
21631
13849
20138
85131
53859
47935
53585
55630
34965
22280
84223
94243
19132
98575
35189
72644
43002
96979
93793
80702
9761
37448
24549
93774
73870
85739
18523
51265
22100
94570
57673
2760
96845
39960
64776
66479
13644
99566
64769
81874
92389
47893
40390
96672
95808
76943
47948
6886
53834
12918
26705
22322
69768
58864
61227
9371
39723
36749
46197
10771
91149
32914
82311
6994
78201
72896
39184
14627
43506
52004
42999
49774
45137
47058
44075
86106
18907
74546
53828
89197
32162
76083
30248
36464
8140
43142
77782
18813
59110
47080
15532
55702
90084
39042
31189
40214
14203
33557
92679
8964
79239
16740
13415
25096
83312
77150
38352
87059
65445
39104
25596
80844
8941
14888
92265
25712
71773
90531
15195
16364
97051
57390
88765
21158
74056
38929
19912
50517
56135
11620
35044
69595
59182
35800
65134
75522
89312
73821
92000
19525
50280
58216
80402
85668
18278
55490
91116
89297
22269
35556
12502
96181
18335
57334
93595
66898
76110
1584
29840
81590
4519
68770
79823
50188
27511
31560
72460
29100
3027
68278
1404
72297
79045
44737
2587
57458
78412
35129
83881
81633
51186
52832
63453
59500
57470
7539
5891
13807
50015
86293
8634
9054
57825
73703
58549
29826
59806
39688
1937
9455
78655
80553
36339
19816
50125
86781
91544
8578
42819
90922
7104
64491
5760
50588
80532
30203
26765
93268
23947
96268
58621
24176
21290
7917
75804
72192
54285
87066
94223
22341
96534
12152
11074
43502
25456
39194
75127
8743
49118
37899
93772
18709
58967
629
51708
34550
94545
36766
4457
20187
50360
98879
51336
74004
58405
36775
50459
51068
74861
41638
14051
37794
91401
59138
13074
93020
93266
76350
11315
97536
60886
88302
54798
44314
12569
21845
22211
31596
10922
79963
53450
56308
32699
33779
40933
42761
92454
16856
278
15733
95328
34748
72947
78095
16649
48287
62640
63961
54939
99190
86147
54995
54564
11110
52775
81523
57724
60144
38860
39165
34604
32866
58583
57515
65293
45976
97500
21027
51308
57020
12911
22900
29539
39220
20511
46450
16500
60892
4500
77498
18954
73586
89229
95115
81250
81889
53460
70755
74923
12277
76741
58938
93377
38817
36189
37726
37027
69056
7234
26753
16147
9451
48013
43619
27071
53815
51592
41356
29446
31815
39699
96477
36590
257
73949
35773
47328
27795
62383
9841
38920
67837
99708
10583
78872
85047
76420
86916
47768
34937
98242
82609
39083
1617
55347
32165
27053
86175
7678
75166
13446
86161
91868
94138
566
19405
66732
75561
72248
32076
92733
38338
11783
56923
3226
94364
19381
10994
2021
58887
80781
36813
38637
94497
76845
57692
78808
92752
41899
37746
65101
65324
38123
85462
25938
21596
77988
18256
28935
40811
44455
15216
93711
25600
95705
80810
31922
14999
52064
44386
52858
79923
5722
96273
11352
18134
34287
74230
44294
48553
2555
74371
66073
42599
36783
18842
38125
9780
80397
85174
82157
22165
16155
50971
24273
38385
8394
40831
8403
76572
70330
87713
17753
14633
22109
2152
75752
35701
79745
47669
28637
65224
86573
9659
74759
25758
17808
49580
94369
99854
90817
87058
32092
10209
62264
15879
72790
58742
82566
40306
91428
48229
18750
73584
60850
42850
29760
6895
81622
6075
64365
3673
1459
56174
49559
24025
64918
70922
13331
21235
70313
82505
30205
54597
66874
61576
70300
56538
74996
71465
70985
61719
25830
84236
62655
84471
76811
62594
10988
13980
15877
44144
72415
89309
85671
85947
46885
45910
7399
7099
43342
12005
51203
29698
66887
59225
50493
64996
84581
72553
16018
50490
93815
86422
28019
28866
61989
78595
70399
11510
55802
8969
29701
14629
65396
96818
89777
91646
6127
46071
40403
84185
5511
56988
3044
85022
43566
8458
67607
73187
24897
8631
85015
63582
88909
44182
14823
11305
25729
74341
52168
98815
41886
61809
32412
81224
19604
37184
40626
89037
45294
57209
61946
50377
16701
18066
53402
50413
95597
66813
80018
93181
62888
69069
62749
60079
71115
36866
58571
67523
46727
74253
19358
26579
79815
45583
80587
73707
82175
10536
53204
13847
1726
63896
95069
67154
8933
69304
30452
61369
53266
1493
85425
68996
48187
24155
33040
39741
99964
66132
81876
1907
40882
52013
53694
56700
88310
54946
30517
36746
56479
11584
72558
11282
57706
80168
68219
25265
37949
95086
83090
26669
2981
8772
89988
42356
8629
55107
42369
44985
25493
2627
39197
43692
54426
45861
22576
33174
62539
38320
13543
33657
69929
54681
10262
40213
17099
52358
24457
5519
29855
76204
25944
96588
31966
97894
55671
24033
39707
50485
77283
49433
86319
55079
80042
50467
91288
81897
9456
55275
38479
27898
26618
68322
84784
62564
52044
26945
54861
36020
13814
67379
70690
25731
44454
58963
89948
99025
96463
36292
91992
34982
78308
55261
59184
94883
41787
48076
20791
34355
94729
86245
90609
84090
2044
81784
51948
98744
66574
74291
87149
75876
54252
14195
79517
88872
86977
97308
30916
25394
35231
95554
8935
88339
21141
55337
59561
14590
46273
89180
4757
71095
75063
38008
15452
64811
35051
47878
55770
87452
68326
71125
55146
81335
55763
65516
83169
41919
92224
54215
750
52704
49956
31976
33547
75661
39537
835
81251
31566
81317
66462
4667
57159
81739
36204
17730
69841
70181
87285
82630
25793
96359
71198
96469
86624
62283
29890
20850
24270
96753
19985
11159
81060
21867
70940
21685
56890
70797
50079
12544
493
79448
75587
64122
96962
90975
71855
27213
40529
86182
78764
80174
15559
72362
50192
68101
7629
36296
96373
75221
81249
88351
60533
54457
73768
85540
63090
89785
19147
24677
77398
89006
50312
34715
4041
1481
39860
56665
19541
30021
67553
3411
19873
48226
17065
25542
51968
22937
71769
48537
79348
4687
84169
68476
30440
39160
73293
9303
92903
13536
41607
14944
10170
47963
14281
82151
54755
36551
11883
46794
23534
7157
36737
96917
56989
2611
61151
4875
15143
76673
8018
59790
69950
15193
55088
58557
9192
24872
3213
96771
24980
44681
87047
71020
65270
95526
87720
46919
16735
93668
99329
72344
38253
29223
77632
85811
36466
14337
40007
99938
34449
1932
14639
5937
18571
6480
57744
34091
78604
3004
89317
24733
45236
95394
86881
50808
61588
43873
215
19769
68638
70404
15644
7418
54679
85008
86495
11493
99449
32272
59319
61253
78369
18542
66438
19119
79188
30107
87337
77279
60642
89250
55719
63766
32857
49491
1071
50108
66639
50347
46276
38159
8733
44262
34629
182
84467
40954
84593
93242
35797
75678
12022
79186
74829
38805
24102
55936
29068
27464
59330
52100
6764
76489
12675
40337
17839
2077
89296
38704
25268
38591
63378
27040
31066
76989
99363
20552
81794
71209
1739
92771
23179
9312
54038
44445
60780
72372
66326
85561
12292
17319
95091
98794
51381
92142
37546
68932
72522
66375
98544
93466
86968
23089
62343
77121
59181
25053
42246
18658
17990
59590
5710
30172
93584
44549
23035
71271
52088
88770
35478
12572
17793
11366
79206
89960
70361
1627
80371
74763
11664
78873
66377
85657
55612
83582
77187
3209
6071
84642
94068
61454
79945
2025
81359
78705
57294
82222
13547
15025
86471
6610
31705
90408
31348
68648
7188
35684
41562
37337
59759
62326
34801
8360
76517
1642
84944
49631
90571
85956
1292
21377
14125
86238
2973
82232
45112
97889
93159
50346
49430
15843
63665
54799
35535
32195
65982
42456
55680
49824
60476
39133
18392
18370
30357
77304
44522
85271
42072
42066
99924
24013
68290
2004
47783
85192
6984
34207
51671
37314
99492
98671
3991
76069
47566
71235
3134
95397
92966
38490
34903
17034
83655
9884
32636
58702
10926
28372
99794
40774
7740
92191
25942
99313
83199
95310
59069
91877
94749
9028
6963
73859
21078
33614
55298
22829
19731
65730
43344
96198
8043
65568
38576
50324
62178
28174
15606
48436
46161
98706
66518
62285
48444
13862
38813
74025
42300
16961
12325
27111
34376
25544
44158
30492
20403
62549
87631
76470
646
10094
11092
43487
74086
42656
23615
748
81923
70519
46520
44400
31329
69512
39296
82880
11961
3521
2104
40675
30458
32339
76005
35076
30698
77207
451
28365
94861
61958
77013
24084
4097
29684
40041
6216
23451
91387
72349
88194
39112
94034
235
97400
16306
18722
24427
87581
28132
7060
6693
60962
46535
61488
17263
71171
5649
73620
97486
37416
89560
31879
65549
80744
7510
46366
40792
83674
20652
3586
56826
48109
84815
21839
39126
78003
43026
85354
64443
97379
20248
23431
66305
22583
72289
33196
44973
4087
6276
6545
70689
71653
71900
42982
71686
63283
850
41547
86437
82237
95773
99494
58812
67660
82217
86908
90060
75698
83273
40046
50863
19833
62822
88824
56838
46454
50384
46479
61927
82418
50251
5329
97437
81431
64787
54592
81271
27806
39243
28020
58298
5796
63635
6594
86330
50629
58754
22767
59750
58584
60997
30333
93264
6802
76075
52850
6794
51148
95857
78426
24118
2262
19146
31211
41165
43680
81122
23264
32978
37526
32747
56767
62352
78998
72720
56371
41809
31934
11608
54505
41503
58238
10330
447
37643
96244
66730
29052
93602
66233
67094
94817
54568
13349
80571
9633
10071
79250
43264
43529
97734
68387
85562
39861
96936
73353
91378
70958
75584
37912
51772
87456
64463
9439
95804
17978
17375
86193
17875
98082
99476
97779
41246
70886
49836
18742
38851
42436
18605
99863
26725
72383
74618
94649
38474
91632
824
99086
45376
58334
39218
68063
88162
45564
65437
44352
77235
15335
7851
74698
83294
64336
95913
89215
46680
40074
30555
5754
41034
50945
66166
6524
20176
33238
88541
61467
72801
3020
78592
84812
99759
67489
89694
64584
79246
95717
35704
49734
94651
55124
73948
4844
77991
4339
65994
98123
88923
45179
63110
22852
84174
25100
89658
76780
80870
9626
44348
68431
79771
68751
30847
50569
76551
36608
97866
16805
94013
23503
72453
67063
57751
22467
77819
35207
18142
59537
42774
67843
89848
80582
85596
49444
10198
1806
58169
14672
82
84539
72365
88877
7065
90801
15837
31382
70289
89224
56277
11188
80950
52936
15154
72633
36319
30353
6822
16410
64856
62270
36110
18472
63131
83450
33797
99967
57122
58601
22686
6799
53913
98841
28829
78387
59867
37710
62401
95427
6773
14907
23568
58062
58798
55044
29080
65645
34051
41322
60730
99674
37290
12018
61359
28885
84718
70213
30253
48950
70424
43789
71603
49152
9382
50963
32823
34714
37571
15207
81959
59218
26565
61374
41981
38247
13238
58151
30633
20508
68721
95637
66203
45884
60620
91690
48231
27522
11506
63701
15743
88634
21570
69457
81422
13510
6179
84216
43296
26487
5429
30366
53223
29
67307
78580
87037
5412
84878
54748
17706
50004
83362
80721
18587
2533
39613
13854
87758
54260
82619
86341
60597
62323
94868
25433
84206
88818
60103
52252
12478
25616
74358
71641
89463
43644
87727
10854
32381
6145
8174
50672
48429
83205
46094
47480
34797
26822
27893
98202
79297
57593
24944
19882
325
28107
83743
31088
81656
79868
76295
85501
23517
2915
1693
43326
97638
2066
35494
71972
38333
31708
83032
19092
27056
2767
58214
1379
73482
8325
36058
80666
32954
54259
3918
44058
499
47190
22768
7476
90524
9402
99327
52177
52851
37064
56195
88918
81970
10406
20709
39081
70033
35444
84954
75236
86456
63994
87214
73697
96983
35126
51184
36876
55542
74368
51660
7420
41719
17944
35796
47253
83554
31165
36075
66845
5908
66700
4297
78885
70043
67335
48095
11929
83551
93042
6481
75251
49122
17017
29525
50812
61011
46431
30422
43090
52368
26265
88006
18457
76733
20811
98789
49120
24080
15935
99088
18882
2290
6733
21205
91609
78661
13799
26922
23786
47560
97009
80731
90327
35452
55928
51478
89285
49891
60873
31703
28230
74317
15038
15065
98929
34461
4283
65687
68410
83466
42182
23754
16839
49984
63905
92444
2122
25337
30804
63279
64252
15262
1848
75083
1592
32596
99633
49745
77828
83546
57291
68089
40961
72094
53284
58244
71509
80530
83714
53804
50594
79107
69464
56629
12212
3866
29735
70790
98155
68900
37497
59286
33267
88692
94190
7841
22301
32947
42083
45902
8661
37166
10340
24930
94537
1572
97940
78138
876
22607
6622
96770
59543
50547
75386
54793
34062
84349
6288
28917
38080
43935
19023
48602
37716
8889
83173
66940
48352
46415
94314
12310
88223
81235
48014
78125
92743
35084
7744
35290
29041
37523
70501
54147
84076
73427
57836
6544
99993
36139
6001
92053
13958
29143
81684
44087
64238
32822
14653
79083
97512
22191
85922
23249
98947
40682
98640
52183
93204
39229
70255
38604
2250
6817
34525
39910
58443
59269
14465
1602
53603
51321
53939
51266
16202
66936
38021
2500
46953
77088
19989
17544
22255
39945
58035
68181
30006
60137
31893
39458
46659
98746
37317
44370
42110
84786
91552
27692
78517
28459
78601
95964
49412
15223
51812
44601
57136
16694
87931
53844
3781
96383
54340
45672
52779
79193
6297
29294
70194
35377
96769
76999
60143
54390
91445
83514
78898
24101
71775
79776
76824
95932
84639
62342
49793
89476
43484
31122
1161
34786
21676
4930
52638
47184
68810
77220
19822
94721
13103
37555
72322
93008
38225
15984
55918
90876
52083
39465
98349
84495
44016
59909
41959
70637
3686
11144
93632
20961
76887
40025
73954
44086
28558
24830
3116
97000
51769
14827
92515
1214
13223
14719
81908
98637
19627
16625
26315
86236
61609
90298
55725
57140
61471
91874
66882
41972
57653
63356
27101
67587
33827
48605
92376
86287
6617
88144
511
4507
96996
49064
1503
26707
86051
4581
35928
48319
53413
58636
42697
73426
3628
89933
56482
18133
66467
54687
72230
18536
50473
82608
2317
59287
18095
59143
74842
58811
19095
1873
82181
7147
56000
5639
9504
56527
14514
84833
97462
82174
79661
93494
17523
57607
53817
80263
18726
74211
85761
37650
8883
74010
54251
59554
29746
20029
41404
55965
63315
18171
60107
71701
55562
79908
58118
7465
10234
49817
37077
55199
76026
90268
66744
1616
41518
94643
32809
68045
11280
91528
96207
4641
28108
86944
40002
43763
9289
2675
11888
99181
40730
23403
68895
18728
29377
91057
48626
57926
60632
78278
4086
65346
98894
22535
67177
65935
58279
2199
54123
95825
98595
19590
95358
86372
82791
10735
78610
93860
84156
29936
13679
14288
92407
57596
51368
45162
51755
4594
37778
91536
8102
13526
24940
70010
48963
85823
52161
66862
52407
27647
17089
28745
97812
61910
12165
294
61446
90027
16506
82197
76224
3706
24808
27096
97617
20888
12345
99090
8915
53882
14359
36028
99278
15486
13965
42382
11002
12057
52803
41505
97304
94033
24794
29468
19364
86222
72484
83640
15083
35930
72747
62293
96378
84767
68416
5662
84191
90127
8168
13285
79758
87737
291
47202
20130
85813
43118
61154
27660
18591
89510
47239
67890
48133
48646
20379
22015
53062
8618
77330
22178
72794
89493
48388
28481
54499
59645
19761
18555
2444
98416
39460
9494
21446
81151
3302
88848
84724
8826
23002
31998
84323
31830
3621
54404
26747
37486
94407
53570
17655
8828
73104
38070
50500
40370
28101
19696
92288
4046
80477
80836
9165
45216
72897
73753
26895
76271
45791
45500
94970
61041
73285
60022
97880
7714
31617
65091
47151
40459
82336
47799
8175
15086
23957
95191
21635
85132
26204
66984
43672
65996
54830
32077
15412
62418
18010
8846
59075
1757
10893
25937
72754
9096
75341
13735
20673
73328
73962
75705
96593
52599
20482
19165
77458
21519
16677
58433
55853
17334
36071
23961
78158
26594
62998
42225
30714
24971
57039
38285
66793
29970
20342
39925
95801
59665
10454
24704
53890
45911
69659
45460
75605
15731
57219
75048
85312
36706
36701
93066
56127
51653
114
96646
65463
51626
59354
50748
54227
6115
61957
10669
20253
75610
8244
4573
59165
28500
15906
30580
61858
21086
94504
9710
59911
55666
49963
52724
23421
38521
24463
37823
51147
35914
63494
17844
19277
23742
42909
63838
91754
49365
33619
24384
72750
16780
18453
77890
87431
30635
82205
73355
87449
2667
87693
82258
85108
18323
15373
63367
74499
53974
29455
18600
39901
3678
76531
27438
85037
74077
99410
45536
56498
99110
41160
44439
79812
85995
9070
84344
82959
70939
31283
49277
22705
36026
66832
90672
49252
27979
69901
17716
51392
31880
61142
13666
96969
38496
60746
97179
51607
48535
878
66255
84618
92411
6947
60651
26410
53578
10739
88753
80545
59680
9929
13015
44392
80488
9658
45555
93148
35263
38606
77313
87746
74764
19745
83591
20775
34933
1942
55859
47605
25261
91004
33530
37938
90566
99806
75084
5108
62454
9766
69329
65845
14146
18427
76358
92015
29270
12750
38447
75790
93041
79323
62904
59071
55484
29277
49722
44157
83865
32873
954
48094
30745
65390
98141
75556
16492
9617
13337
58952
47306
48149
12193
42935
19656
47177
63558
91835
11312
54604
34081
17244
93547
69480
74532
59497
22674
65251
7529
1257
83751
12915
94107
10208
36307
30693
63542
65155
54936
3308
8740
63496
47953
26235
88444
14348
70793
57528
44808
52442
1661
76631
97654
73367
7969
68051
36341
79718
82214
20561
44617
5983
7856
92369
68521
66849
13110
24100
6319
81108
3338
13308
52032
66795
9528
8880
33274
91407
83722
25562
27516
68955
93957
99517
26539
98781
94631
76539
42462
19045
42353
7593
85018
8197
23314
64270
3532
41619
86596
25417
49150
65577
38397
81630
50858
42173
7437
82484
73634
75632
56609
74705
71733
47683
41181
37255
15846
84312
21933
65790
76317
7244
88795
93607
10365
29123
36040
13092
95079
70936
41426
66507
71322
78344
98009
75385
30886
74950
3758
28911
64707
59898
56865
72713
13751
88707
34767
53925
24229
84998
15328
44034
39039
37660
46075
98969
27073
53378
64174
73148
49604
8245
13632
39952
88649
77500
6332
64792
42688
16268
8779
77355
4185
73577
67190
42978
14593
91919
76327
80152
10965
12260
14602
6707
35554
24204
31990
94841
4282
22667
88869
79888
97222
16803
51453
22157
88763
15260
95948
44838
81247
75138
26096
91114
56911
70891
90400
10598
21457
16497
48165
5209
41002
73134
37072
83221
64478
73983
15951
74091
60370
57831
17558
10320
73847
3808
55413
67209
94134
13085
92400
20185
78246
372
88497
48596
21320
39832
2970
25914
91977
26681
64245
66739
55081
65024
59190
12447
48292
38752
51568
10561
19366
97879
29682
99603
39000
86104
10310
37444
67387
90284
14309
77749
17000
29070
67632
76920
66857
47029
68704
24696
73083
55876
47347
83107
94751
84572
93775
61738
64709
76052
89559
50649
80674
24487
92236
55915
29307
18978
45421
46735
84892
5745
80149
67138
82474
39684
68380
12395
65083
55061
83306
50932
91529
66873
28095
74195
17090
4443
98934
76387
42187
90103
14772
84988
96547
7863
83409
201
62945
69883
46813
18570
29806
17798
29309
19680
4121
76243
19392
67933
95995
61219
83717
41382
20287
65470
23258
1235
79596
82501
33529
97875
44796
27291
39789
59154
46668
63693
12288
78098
89740
45960
36687
97589
7696
43880
41049
48158
51286
31437
2530
74492
44713
13888
93531
72410
44118
37613
96852
69526
45256
74267
53885
18604
15493
41134
96020
56902
48732
5195
60517
69937
28986
29881
500
36392
25770
89874
66293
44983
2573
71764
50018
9283
41931
94644
79573
27716
28890
3562
57754
40309
59749
34164
78283
158
67476
2679
27140
80807
48090
78831
85533
33270
70915
40938
98418
90099
67495
14607
65840
81853
64264
83665
16910
99447
66493
32825
73788
62704
88711
62844
52873
2652
91191
63642
95474
22350
62370
94276
3518
73680
6088
28271
9159
23434
69155
39722
15234
86192
71016
16294
75761
61283
59563
11689
53139
61393
71137
23563
75979
1306
50914
50059
41739
64570
64323
10353
31394
71960
64782
58789
28143
76795
81645
63474
10719
33586
27408
81644
59991
98043
20006
95737
7959
19125
8823
77909
78757
86018
14091
57742
69453
11923
38618
96832
66105
57841
65681
88101
7054
54507
94113
95229
49302
52668
38685
57627
26042
91702
96611
47971
69550
23418
54029
29678
61555
47374
48813
75032
51487
19859
46754
92602
29720
81333
18896
90514
69498
40360
74901
53633
23975
78313
51563
97429
3799
34930
7526
42100
73941
97073
9698
35167
7508
13642
60975
55541
44531
72071
16845
97043
28377
84997
71285
19308
64852
60310
39130
16105
40430
47320
71073
54475
58978
26398
982
36613
7511
76544
27715
93300
69562
18231
33092
18873
62847
20762
33659
72541
63182
70145
23747
36931
30088
52291
58493
6254
60673
15314
34575
97218
40118
62023
69783
46939
94882
37889
38688
5675
41415
23290
15449
20104
42243
13772
44097
93063
8721
16426
81851
86369
33615
60680
85592
53029
22788
1582
84739
71227
45250
20136
49069
1871
24017
3751
85476
60307
11728
28837
5523
61841
97432
39029
37934
30332
87563
72951
7022
15479
89242
66279
18924
86551
73731
24002
72914
38956
56185
54669
1455
86465
46641
6158
42702
83753
31794
38770
42818
98017
34017
20050
35864
67259
18802
12913
80537
21472
96418
841
14364
60722
76904
42608
23848
62781
17546
95820
27429
57301
82191
31494
34911
66572
11448
87701
23880
32012
90311
60152
7843
96072
70210
53016
65074
7048
17028
34602
78584
14133
63824
62289
14492
47830
9420
37736
15584
22653
46804
92895
78758
98590
62177
53875
1320
64482
15767
26011
76236
79558
61599
9302
17807
87881
51730
58278
94714
1035
8381
32444
50047
85384
18450
35015
52115
37393
66091
78989
24684
63520
14506
7763
60101
80762
83403
89817
17949
25806
6382
26620
18549
99191
54635
15253
27087
84730
14450
79964
90731
18511
57229
74204
36420
98786
15446
37134
50036
4552
8432
84257
87212
78351
48438
68094
86927
93023
98838
83126
30210
87276
21983
90963
45915
21886
37063
28308
92256
76059
32089
21932
71967
80094
99607
47463
90589
94561
13550
65322
56644
9680
98228
29367
54829
31423
7161
67361
67581
90120
79554
27009
87422
19063
44805
54871
76579
87841
71731
7176
30760
87591
7241
10711
97848
43855
47619
61636
58610
63860
64337
93372
42955
16067
16666
35915
38573
66212
10717
2164
18970
73062
18680
86578
93792
46587
61557
38245
23296
67134
66135
31856
20814
32944
35792
24435
86357
83013
96396
80914
84930
40549
76326
66297
24491
26241
31468
87923
1112
88123
50239
37068
52756
1914
47746
37333
47950
46280
78804
16446
41389
50561
99733
76097
32114
47823
38276
75736
89103
11838
16789
23207
18161
23405
75986
78544
52893
11859
86549
42759
38522
23304
71589
85677
74437
45875
75503
27938
2988
69627
18645
85079
55106
92127
27484
97384
59001
62791
24306
4961
45261
97377
15096
29629
8395
30324
36060
42036
51260
49497
74199
97164
12603
25363
67421
33220
96277
98897
71381
72660
5602
50177
82599
24356
49259
25360
9481
34060
29608
77167
85610
53537
40879
74228
41173
31008
67426
91560
61648
47413
94698
96886
45331
95444
53262
34582
20631
65078
23513
13359
24952
97786
50269
40693
81726
18659
52193
13289
84208
60537
89609
16617
34768
26378
72206
53264
35620
63697
81391
16013
82430
78569
21585
96824
58929
11559
36462
43248
66824
27885
10897
37975
86364
2517
38709
89993
30905
78887
51264
16216
37666
7376
11064
49854
47116
78002
26285
62714
34050
43287
12318
84086
57287
84332
80003
5699
56136
99789
45893
17551
42747
10113
69598
47113
40915
40917
71165
12798
64780
6099
44575
6501
55229
82083
35058
82732
5982
66329
4879
37231
75859
18436
69020
88142
8764
5575
43354
29351
37131
10168
88
76615
92104
97227
27493
98050
20495
59125
48431
30240
66659
34206
18701
83012
24683
73034
21116
75289
8773
9813
37281
72069
10362
4195
16200
94266
15648
86641
83400
35200
55972
56071
98237
94472
68484
12934
76325
45
90393
93852
15800
36145
18477
68260
82286
60369
2342
88083
58593
75220
76768
31652
62272
63266
19434
72014
34202
40157
21087
25259
85857
68255
83370
89940
29884
98858
27028
55959
49928
590
5868
14985
51522
98408
88926
80194
38236
85498
11269
93621
16662
86126
67375
21150
1447
55946
23594
98062
43861
96876
82554
50344
98657
40735
89381
34163
42257
14829
36560
3871
53894
93782
92207
58349
53772
88517
84702
10116
63575
67539
70003
1068
32725
50408
91645
29217
16044
2699
70970
49146
97716
35163
51092
13871
76745
2707
36753
46853
67403
91832
57781
24336
39077
32117
90962
64537
3766
4957
28963
82600
20685
65634
76776
44914
5885
42801
57055
68314
53467
97055
28027
588
59906
35476
22291
95586
74472
19265
78691
20347
77429
66181
67036
42006
49006
51895
65534
9242
9297
74430
21953
47286
51066
99096
21747
66276
89315
25586
8146
90053
43488
89452
87751
97586
82906
48333
37309
25941
42544
63662
85532
62963
65726
17705
45220
12233
42609
48271
14256
29710
88731
18878
42730
82864
1471
98411
9258
31402
71187
51965
86274
80650
46049
31949
20349
78253
41668
98376
9507
16568
40854
11302
51112
23021
67918
2562
30220
42868
22152
13239
26745
99382
31229
9858
94547
81379
75824
89292
7608
38035
50321
85084
45351
65640
77388
61675
35809
63416
57567
7197
10412
2910
1889
9459
53067
34637
71685
78505
43851
93576
52842
95346
45692
39598
24044
34464
68427
27935
76970
56914
30827
12857
84896
46769
11026
23064
42047
80033
32177
34636
73748
58195
78576
5117
69813
84987
92912
59453
56457
33517
91580
86493
49228
41191
50934
56567
29841
22974
73071
63189
10422
26159
9779
92048
21198
97833
40716
31010
94650
69603
85601
57438
18885
78594
88348
17744
61536
70695
66113
37395
93944
21434
98558
75413
67242
89605
88595
6299
50129
43448
55784
34302
45577
78949
86715
95168
87642
48597
72523
99113
48708
93759
24869
96929
55499
90723
29301
94164
92039
85751
16875
9652
46967
43426
75684
60216
39802
41482
78752
73526
87782
63285
17526
77876
94444
55457
31965
49584
29110
65930
29440
18806
37274
3396
13839
25627
43593
59524
97335
341
84895
51806
28175
73987
9752
20158
75845
78790
90584
99920
53133
12841
23782
42200
94090
12321
23317
44006
89895
85866
13942
77025
58848
74748
74567
20891
72044
40394
13810
49033
96650
33536
20251
58018
4329
16367
23841
209
3030
9686
83624
22396
52060
56142
9663
56305
95527
216
51946
73765
70225
70208
62874
881
48038
3880
5314
17417
32284
94200
66715
77959
1271
94847
57235
26210
26478
40865
19173
21442
73947
20061
74566
57832
1878
16786
98857
64052
69698
39149
55406
94675
66713
68822
69430
47751
88663
84348
33446
15109
60922
52292
38847
12098
18051
82715
48067
61667
1171
46846
2796
62091
46135
67903
71003
3331
17024
53644
4619
4288
45544
66429
81324
15438
96834
75687
87779
44620
86917
77172
92424
69811
9167
24662
39982
92325
59158
68337
11792
68917
34075
67391
77878
31116
7602
26041
38855
26598
47640
9295
93406
60731
44231
18396
26130
79321
12031
60557
21357
51574
59540
99060
8604
20305
5905
87478
86661
31999
76637
88534
25753
27502
42778
76885
19189
11296
61801
92790
83453
7692
98217
11950
15288
86348
75482
68052
53389
29457
27115
8811
85427
3757
56753
71714
35164
70075
24021
76276
90290
47628
20838
58477
58098
31286
58523
48048
67200
41300
17806
83843
38530
47545
60417
47646
54281
94406
34616
84540
47031
29131
4231
53805
87100
64804
93328
30659
83848
29927
49042
82362
56868
6483
20845
61897
93688
454
6845
42614
83530
93731
29451
98771
26964
62147
56499
19320
88522
86200
70521
70486
10661
43099
99914
44237
96642
88308
59928
7301
39881
52028
43531
19589
76514
16818
9919
41226
7259
77665
10300
73808
15534
31486
6839
95963
47220
52563
80620
26991
17410
41029
5302
90203
33215
82200
95878
25402
92635
57521
21050
74287
87821
36626
89654
12516
44174
31663
30448
5547
91550
40977
9835
10281
99470
63764
86883
58215
7909
37269
24300
78375
55094
40366
31869
74903
42662
71582
84577
79492
39107
78204
99404
68990
70994
54842
32989
86655
30476
31021
98930
15329
88313
62058
52314
87240
28166
59070
81767
8024
96236
64699
98040
57422
8615
80812
54984
2377
1417
22981
70032
50314
27922
58426
67953
85539
65177
72310
10461
57753
23444
11799
27724
56904
53934
83636
99338
44315
49755
91115
49375
41043
34713
23342
18743
37338
11093
2284
20898
1294
65466
3351
1330
73749
96225
95736
59989
57764
64565
69481
81188
56751
5844
75640
41251
18469
29312
97285
97151
2696
5866
6184
75881
56256
98965
66778
74819
42074
54319
48615
12855
25175
27205
25537
60203
6990
53571
71546
38672
77785
944
65873
93935
70070
43145
39407
13972
32593
74171
41476
30615
19529
69015
35437
84842
86821
30889
53907
90793
36752
52485
83964
69518
24500
60435
75524
85621
17179
72288
94458
41711
78736
93778
30680
71145
95011
30605
43316
29497
18620
64381
57798
90066
10039
82986
8399
79488
88233
71984
1408
32492
91360
40630
59228
14599
65076
33
17309
57176
52470
1005
99900
71712
62224
58300
48579
44269
30565
14426
47978
12767
19089
16791
6282
26489
6843
96918
1204
42037
22466
32148
57332
10491
85459
53949
9345
20945
67939
7752
42686
11353
52885
75434
51663
57353
82958
87027
30319
44782
2827
91226
22313
68519
26619
76357
42075
61596
38075
4847
93054
71340
12140
41490
65748
18922
44302
39362
17075
11264
19114
59870
85063
14325
51126
99083
99625
8321
45204
75516
16632
40106
60470
66627
2359
28216
82132
40425
99411
61418
12986
22515
26983
82592
98795
23272
68657
33788
80508
96759
97277
48276
33354
28785
52836
38244
54839
12177
73189
49237
68645
7545
39616
13097
58116
91577
49993
18234
16378
54582
21167
80550
50369
41806
60946
99468
55050
81888
27519
71341
41427
65056
32186
70946
68197
50985
34208
96586
6589
74634
84210
79744
80126
34067
12579
28862
61529
96954
14857
99394
92671
91299
87360
64017
39360
49776
80573
72114
46897
73976
83241
31186
24429
85169
41423
42754
21726
63168
88678
84841
86842
68300
4611
60316
61678
75565
97564
26299
48470
10873
88852
31505
68212
82626
52949
88481
45374
63196
35421
81801
37022
82512
98127
79145
72751
47999
61001
52957
66031
3046
28756
72735
9146
40482
30269
42183
91036
1993
36665
13390
52778
55508
11847
97845
78117
55329
28064
24123
40385
56081
75619
80114
76460
27262
1046
99448
4221
92649
45750
41632
65585
94949
6403
56697
96052
89432
14615
65806
84351
80903
15692
81748
9560
57566
81522
96260
27241
12779
65229
47586
94964
52052
77619
32397
73996
58228
61708
23224
72874
42177
41353
13023
21655
78869
60462
61322
61462
15841
35364
94609
61669
46839
94326
22675
16
3019
24390
16747
71768
79024
62120
2215
68513
60388
18561
32570
34666
1562
6229
43543
26298
64356
3403
23990
98181
8656
61434
23235
43549
81457
90078
65092
20024
64474
77322
56641
24603
98535
99062
43078
76146
29591
63946
50332
78171
15536
99637
26802
90637
39151
24986
22108
86259
22548
60070
97687
66068
5666
46200
87573
8063
61655
62569
30770
99845
37590
18272
78174
63583
66177
12468
98963
78785
50201
84275
14723
6404
22378
76552
53628
47544
3724
96023
27504
12671
17549
61831
58514
39355
9331
22185
47236
42014
48713
97081
53291
44304
2460
92578
50046
4123
40387
65607
254
13302
25480
60655
54063
29917
43601
39946
29146
52959
46207
18940
60484
27539
75231
93889
64713
93696
29060
56893
23951
12551
26389
48385
65964
31629
21500
93677
79136
35719
23119
57441
6406
44851
76371
38339
58356
86516
17593
14205
17183
9577
99955
66708
52443
68136
28234
68775
47504
33865
50728
92725
23825
38782
11327
97350
35349
77702
70713
68249
19842
35839
4020
70870
5387
50085
74438
68653
40072
4678
53535
58538
47530
36993
40435
42150
15581
68964
3295
94624
91553
72961
2055
62597
65364
7066
82697
4557
46561
45754
91000
88076
40127
32795
87689
74854
79916
99117
44417
76384
40398
44599
77041
12609
56099
32534
71136
70488
94800
54916
93116
40259
4449
15278
51499
43508
73128
95033
65169
60211
49311
19110
83425
79899
58310
65922
87199
76393
30115
84444
74826
74628
42616
82086
55390
95818
30363
64958
16508
3191
14667
62650
23494
73933
58413
23109
56906
93210
76287
97492
80001
74793
31512
65823
20028
18139
20009
13528
55149
21841
37694
46439
983
92982
99182
46257
96528
93990
94866
46283
10050
55341
92709
17770
32105
1337
77392
8856
43212
12349
35885
10380
38473
23388
93001
70623
65839
251
76234
67486
34928
94730
46651
19013
66311
68047
20330
43177
3662
37973
63103
54115
23612
59178
98725
26503
13323
59153
13309
82845
48987
81499
66680
64311
89063
28089
48449
98761
95134
98826
53240
55727
57207
26768
35121
96010
32231
5482
22505
73118
81465
62936
41345
57525
63235
1457
25232
20112
24774
58283
45300
60106
79506
19527
78899
96609
53668
28413
23343
87744
54779
68369
6363
82364
3335
86108
35585
93379
45947
86318
19523
3487
14467
32877
72429
70871
50170
84762
10648
97097
86851
9124
73211
44397
63807
14983
29929
5617
18814
29838
4574
9979
74404
88514
65983
55722
2830
22844
48184
17241
58916
93321
84175
33670
35173
87578
6472
66622
67199
99782
14687
39250
78557
54309
86219
2329
28879
50082
97329
92937
70678
79777
96533
17276
51431
32379
96699
12052
43379
29850
27735
56928
98249
81095
25298
10187
41257
71006
47655
98634
23350
97452
9640
35258
83635
8774
78264
47747
60668
63514
96499
9308
75167
59389
68064
30371
11602
23684
25201
67467
75235
37672
75676
28511
74773
83502
27118
9238
25958
23945
46384
84474
49485
1290
2655
65693
6078
9231
20816
74031
81031
1336
55510
97134
21806
78837
92542
35461
52572
76471
85485
7314
93484
71617
72257
26651
33748
65553
78041
58284
28212
18155
36411
62188
86639
68793
85655
79128
46168
66320
89084
29262
65236
5864
43349
7365
36242
59036
87137
24225
79317
61685
8182
32777
92657
83721
41067
19030
21571
83886
87732
719
79746
65175
31073
73322
86926
11231
96999
73627
20417
76762
65202
13444
42892
16916
3517
94061
3544
74249
7587
97010
63887
8602
60564
34925
8598
45064
28867
44795
57413
83748
86744
93588
50800
51621
98420
68785
29981
74542
32785
59548
49684
40347
31349
74612
48560
83010
74785
1585
82395
32969
26170
84338
45397
46020
79382
52274
58841
926
70178
46394
18850
40809
83895
53701
49992
41890
29486
12738
36426
37835
91878
67060
40918
50458
46399
66142
29552
52301
79255
95997
17966
14478
16212
87557
69575
10444
27093
71304
13256
66512
22244
54045
40749
30845
23603
93581
19975
88367
44976
96935
32431
51422
22795
2432
64445
68471
18602
55563
54931
11048
14486
14447
45483
15247
43246
62753
40781
88415
59747
41531
22571
48838
18496
54703
72443
59156
60299
76958
74514
15836
82239
860
30778
61929
83509
37056
47633
55922
39235
38695
78548
79257
14311
36649
4643
13120
17704
71332
64844
41589
16771
84634
74834
53305
33088
77128
15659
58826
14440
93637
75932
46913
348
30616
77427
32164
81453
6079
16788
20081
55170
95892
87661
87379
60434
25908
14482
40556
71999
92262
12987
18913
14517
62707
86479
14520
37069
72269
76736
10486
29339
9034
50276
31780
79691
59209
77760
38991
86657
82041
65303
36634
93946
84458
84881
41085
11056
38462
89408
60521
29478
79968
74415
57481
92957
85229
7271
72397
86575
79757
89357
18734
29613
91929
88839
96814
93533
74595
92636
35734
27211
22107
63597
98936
4850
87448
32689
66828
62823
45903
28396
64975
77901
58176
28457
29952
45480
92116
79833
78397
54827
77978
64061
97590
93408
52868
9204
55894
71814
7127
36037
98646
63435
84245
43929
28722
69407
65703
73965
79887
65085
12682
18599
56784
79349
59174
66109
8626
93241
48307
80286
82145
18820
97401
43684
51719
73379
14781
4331
61058
26485
65061
4463
26982
9431
51198
92410
95286
20548
16804
18748
7749
87105
32960
69599
82012
79520
17406
50501
69906
64586
15186
63886
88521
79844
65230
5572
36191
2876
56687
51237
18064
68408
77676
5616
1343
21732
59733
25738
14543
49254
63601
76611
15041
87420
57003
81274
14252
48166
54637
73465
45090
18564
13477
66600
19855
32840
7040
68378
63771
22237
77431
49886
46295
2797
49328
8610
42294
52244
59900
17666
47078
45434
90857
62943
15432
39920
51012
24801
25840
15498
50398
7645
50150
15023
25516
25478
77043
99874
64876
13011
71007
19430
96649
85080
20953
24089
32439
36225
6416
5057
74564
39831
27786
28281
92307
43265
1768
70240
49417
63533
51863
47874
93694
17247
45798
27643
83705
5569
11727
51235
1384
68361
93389
91555
52726
18236
27639
76225
6310
10289
9114
77560
71897
29150
61262
33710
68042
34387
45603
2423
12113
29234
90033
91761
73779
58359
4913
28393
47512
33297
25286
9585
4759
94421
62167
32968
57741
28123
35847
89754
17555
61652
76784
10367
29125
97584
64770
69903
19074
52920
49478
55313
59585
88914
16707
77396
60791
53219
68518
29011
38585
74418
21583
65734
34006
10150
3852
41326
22748
4825
38971
66216
60275
55018
91283
53810
96239
71078
67795
57383
10366
56961
61982
77822
41305
7422
49052
78884
44446
15437
88262
806
477
9851
85716
435
98705
51042
3992
61081
26216
26448
51053
98896
53076
31605
57310
29464
37237
68308
36467
60239
77787
46187
2442
82472
14739
68923
70698
40588
8260
56285
67707
51340
86102
6301
44475
31093
61416
85794
64214
83482
46963
93761
35483
22150
99797
69433
4556
63826
37821
70186
94523
75664
39578
52683
55868
47685
74127
46196
77053
93278
88875
99939
66928
50300
60115
67651
38179
13957
72729
88307
39353
840
97967
38150
6905
62499
15425
2885
7769
24874
20833
88494
82173
48723
79305
89649
15441
4004
72576
11034
47126
98160
76009
96678
34386
64501
11463
32838
84244
44793
56998
23069
77468
85850
37532
1373
99115
2606
64187
20659
18115
10162
93384
74590
312
78746
5307
57305
89478
73540
80516
33673
5665
92511
80798
35456
60561
54509
21703
87822
1987
56265
9736
13374
94992
84197
97788
65054
14889
15435
48135
89719
85219
95354
98759
92756
96952
35889
76556
95653
82691
57965
32312
56008
83328
88281
15024
57308
53660
85366
23441
36527
37964
61164
47699
72138
75117
20406
87329
86091
80103
60866
96426
49611
77267
737
83738
93844
77358
21386
96377
62414
76106
35761
97307
65268
73209
51046
31926
44639
2319
31773
19581
73096
79046
84599
98329
28641
65369
92138
44371
25460
80773
63507
62448
56869
79643
74033
25336
36116
66670
78440
5097
69448
60901
79090
7343
87157
64248
85049
37732
97075
28456
28634
41986
20055
51636
13339
43024
16671
23604
64055
2493
41186
78645
74135
92484
13828
57147
34836
8641
59692
26855
46532
68213
59406
8706
79241
59996
85889
14938
13125
68210
84829
70492
92196
46807
63622
6517
61604
53276
81901
93920
43945
33881
58657
80865
44943
41052
83236
5290
89252
26459
94040
49930
8161
11274
52830
25301
91335
96412
84738
45063
63530
2020
25481
12263
34331
71033
92446
83567
46310
83533
24570
57065
88890
19781
46007
99002
11817
42068
6060
49548
52730
12817
68509
48267
64911
36880
10795
38924
92118
55723
47223
91383
27826
91549
91982
19692
83589
28819
4454
85197
9844
27042
96167
76589
44398
48761
16917
60386
52654
37924
26562
92603
44244
10013
50966
88998
66690
23649
12956
4124
39251
23535
42095
38124
82278
86284
43101
36980
47185
82270
98846
74910
55355
61008
66763
32031
53225
54256
70798
27834
98923
20124
28759
517
26712
91749
21307
80287
9447
34494
6874
61018
49746
1219
7944
42165
25754
40427
15859
93737
75673
2755
98636
29742
96562
95409
63386
13149
48751
25614
32267
27858
63854
71843
55306
59705
44557
36009
66803
24996
24553
54128
63805
46560
94637
46001
92128
1322
6236
78950
81975
8165
86340
1206
93279
47206
64242
87917
64735
88153
58603
76497
85904
22351
85634
50058
79716
21400
34644
90775
75286
52824
5006
56323
32893
20338
56217
65666
99322
27486
71124
21343
73200
31975
80986
30822
58479
20534
28520
17651
77690
35771
15172
72695
31973
15653
78575
21974
50012
78534
11552
32979
6669
83067
88062
74885
98119
81764
32549
66663
71580
35613
59438
82574
27553
75260
92545
43895
10833
71386
98218
99623
40277
64410
75950
43029
45655
77839
75608
19083
59925
75689
47811
46999
44646
88620
12740
62027
40765
11685
96788
91502
30041
30379
48856
87795
68654
95408
95955
19758
3121
58251
66799
54412
48811
58795
23545
32033
21977
46775
87644
30266
59796
60536
74490
91219
82281
50044
1866
90678
63070
73684
61287
49790
69703
90026
70505
13335
72098
60993
67733
31982
71534
18668
95534
6051
91770
73114
4078
66766
51706
10745
42597
81117
31336
93080
31633
5603
93498
83440
16840
39525
99638
16751
77683
64956
69863
71186
86887
94168
87515
88236
51655
27387
2709
857
44711
7523
53237
59890
30104
16186
51204
5131
87603
44003
35945
83772
45362
39163
47595
4881
10042
54193
95917
52609
91587
53362
81599
86964
96738
30096
54471
49260
44527
67830
53669
99289
63643
99861
87622
50193
69999
89976
62534
95164
14524
35438
92633
81308
37862
79816
89179
52075
74985
3172
71766
10972
34698
1037
72798
52327
60454
34284
90577
71891
84125
89117
41059
38277
73089
99898
6853
96734
25509
71859
64672
6242
41742
16032
29331
90083
26851
51317
3749
78395
25976
96233
75073
22804
16371
22800
74065
37330
44396
72889
17791
79541
73744
52822
89855
52817
13895
59300
73892
54242
60713
47889
10892
97552
45059
15978
25283
44085
1381
97671
49355
25019
51360
32807
39248
94833
2072
8588
53417
90051
92338
41007
80183
78985
93993
54598
28354
73963
58171
35111
43527
88654
30962
58803
74983
40119
31466
1570
16360
17909
77015
76071
99891
50054
54906
40995
40332
28326
30629
59805
74163
4061
23183
86636
38873
64683
36247
18182
54181
19503
54207
95618
64228
5053
59690
16668
44487
9747
40894
7300
9849
23497
92731
69649
62657
79072
94289
46728
70953
22772
17790
15411
41454
45356
15495
19003
24608
67804
60726
62907
79138
55984
3023
73714
13318
46724
16708
94918
78999
53455
14140
44345
87443
74128
95710
55638
8849
14935
93980
21010
25192
924
99121
31919
82009
40585
39950
31751
81864
67686
59177
37943
54515
66204
82289
40166
32904
26559
9077
69495
44979
6011
79196
59672
69247
40055
80277
76208
33292
63549
71844
47920
27695
54386
78942
97783
80450
32673
69914
41623
89011
86668
84041
2157
48342
95699
88844
45413
75076
86359
85875
25058
98159
9741
19228
20827
72458
34472
78913
62796
64701
95549
47232
83387
14178
47632
85784
80735
35042
15300
10818
29988
25462
13731
70233
77630
98587
61607
31266
43293
32932
3763
91038
98493
5942
97633
50650
34046
99756
97436
67511
90340
21492
11995
28384
31789
5017
43687
63236
82207
43785
23502
5608
67675
51086
29524
32927
28630
56014
92749
74049
23363
52412
20302
69952
66257
34074
53230
13190
1566
53298
43270
19425
21504
88287
51759
45189
10847
71334
28378
55155
4959
15794
36809
87093
95501
48484
5496
39453
43721
16584
70959
11623
48801
99899
18810
70251
93513
4059
61284
15969
21261
81980
87025
53340
3707
41205
33504
95451
14805
8932
6921
40383
62547
16433
14658
7151
14906
25581
9854
27892
8971
19504
14665
52221
68153
60238
32640
78456
69174
22874
12486
27206
30505
75151
31531
79590
28351
93129
66183
96756
85252
57141
37220
7083
27971
48571
57646
88027
20712
41399
55771
38877
77326
37798
49806
20438
61122
11915
67012
5079
2214
75312
61543
94588
39348
53691
85662
68448
96405
19657
88069
68601
37695
42227
21133
36439
80313
52557
99907
74431
62670
67348
77450
10523
35009
39449
90996
74376
61959
70139
91886
24717
48773
71590
97158
77758
74326
22629
48742
77967
94655
60880
9555
64364
88231
4044
96409
54776
70557
78506
22435
74873
19607
29901
75051
37781
99157
96774
62404
39363
5762
85899
78400
60652
95274
37452
9225
60874
85006
60959
33520
41451
1364
72875
46906
38037
4706
16827
40691
68943
2013
36972
87621
49794
77394
33169
9614
66145
8795
54528
54910
19577
98778
69795
88182
50986
18367
54004
9531
3561
56584
38180
40953
86257
4953
63812
12594
29891
25630
70960
70898
91582
75968
45985
65981
31513
65013
59461
62694
17407
58137
88838
29772
94765
78305
43189
79061
1934
86145
77756
82033
45640
85906
89511
12712
38794
28712
44672
77
95623
60234
91138
73536
63828
36471
31427
18783
64505
45388
74252
46058
80236
27664
60719
64503
77045
51950
54384
99321
27736
78423
22890
47771
17789
84132
71616
20202
2683
44197
86087
42444
99784
93450
44669
20121
40996
39456
38889
34200
47693
6073
44277
53989
59346
70759
76934
75394
45813
62560
48242
74198
25007
88369
39177
91113
94325
95216
69110
58358
73789
36228
97298
62877
75409
38040
63901
4375
4188
44746
54483
64298
89837
62793
95572
43012
57032
14023
85893
56220
40172
9188
10905
32188
75972
11966
88901
60667
77385
18137
12091
39596
14227
58733
55332
75547
1999
59562
45223
6159
94055
45939
44205
8233
17284
47209
73493
54924
27449
81704
11576
54632
28509
92875
59372
28502
61791
62627
52436
22314
27972
48462
75274
84740
48251
2116
22327
73075
79741
51632
63715
78263
66738
87632
38271
37120
7269
75202
50322
692
99256
33625
35860
31459
96314
31002
48894
70457
55835
39796
28713
89800
26264
27445
72672
29299
26925
83136
96810
60100
45542
81429
30837
12534
32309
48986
35283
40176
3002
54858
7530
72347
11473
26306
99028
24
88867
96257
95247
82457
46657
68211
76533
87583
55705
71280
30717
52897
44815
29425
56763
33647
12909
60775
26133
79892
44936
71045
83247
64540
15596
53854
67191
45459
30649
36482
39767
22806
38748
22516
66261
18634
99087
1069
20078
78141
56472
74279
47634
99665
93738
33261
16600
70452
20384
31622
93876
57735
70608
61201
59113
58341
97755
33388
59024
59862
46731
10009
69686
94594
3588
46220
64490
78460
76072
94041
23495
82523
90130
64190
98827
42128
2729
29647
70283
21288
73854
90600
79047
4939
15105
49181
32694
41094
69256
72771
5841
14351
43498
79673
320
43186
24053
81931
43198
58948
95147
54303
94971
48970
78070
40375
76677
17641
9357
45029
50668
8285
25657
80137
54519
32775
28806
20054
8437
90488
36427
71834
87411
74771
64842
37843
19458
94533
93671
59617
69058
84499
43019
6381
94987
4034
4714
82547
42856
47255
95064
20328
32458
85888
1198
4278
44384
56840
31504
6400
19760
81682
70931
9469
86035
95299
33010
90818
57972
82519
70687
37492
50470
86248
62238
49059
17824
97807
7460
38952
24428
45993
65395
27592
75890
68802
81646
22499
94163
32095
61942
91239
12704
71105
72418
59086
26832
286
32225
3355
3836
48873
95459
57790
637
3803
53086
80549
51842
69601
33543
84760
90612
31198
32110
81226
12560
89738
94956
48478
39951
13035
32382
83960
23156
44900
75219
89070
5025
48931
73468
80920
42278
76024
92238
41303
19894
88326
83099
66163
56047
85743
56230
36795
5354
2818
28655
38797
64738
73668
5860
71973
49704
54075
95676
39748
44643
39027
27947
1250
67811
68508
84582
32239
70270
8075
48900
19044
88894
69132
72756
61505
7056
93515
30715
42028
18567
45170
59829
21064
56607
40950
15861
88554
32708
39404
41906
53842
31534
3638
36618
22863
26336
13453
99380
96040
74724
95962
47594
89346
4690
28193
89967
68279
53706
3356
57132
13660
92255
27752
84075
51831
64409
14075
21226
72780
18627
61558
36353
34135
21647
37928
63385
70997
29106
55283
55913
72151
11942
61314
82422
89210
68295
81205
95124
89729
92395
43322
36868
71936
5291
97442
96858
79287
46112
74572
72696
82016
43350
91571
19459
45360
5680
68890
5110
6972
70807
35677
83839
27463
11443
13903
69
92006
65643
72096
85912
58188
12774
99774
48137
88966
42674
3593
95683
47447
29730
70217
32854
2884
30377
50791
90961
19831
9593
5109
15467
74323
72631
85961
68537
58808
13389
43406
69189
98204
1291
19111
2239
6283
36842
97466
55870
38355
81323
60431
97094
99760
31540
16039
14804
74238
29944
6281
5926
84407
46490
82508
55595
27481
78793
7503
15155
19807
96916
34476
17155
40285
36346
69081
72030
56680
90803
1100
20264
48556
74075
73433
87999
77832
94862
35841
52038
19331
35412
92272
26078
13948
86079
77256
39671
29957
79708
3017
47802
8288
95129
7624
35176
30588
92013
91388
34249
19090
12323
48384
77074
48023
60451
48720
41670
4245
34579
60704
92040
47145
5901
12576
47887
32303
51977
23834
47142
58087
94538
44064
4025
75031
13936
4735
72426
81895
98489
78503
78055
97752
27166
329
45003
42096
50419
77058
83207
62302
12672
77917
96908
60302
49112
90520
12488
29912
7547
18579
13557
21818
85717
42984
57514
59688
7902
84607
69693
29171
13555
29450
69384
20674
1663
91965
51101
35812
70059
92675
75017
64191
32646
8110
31436
55086
74372
65946
50152
4702
84956
71755
46734
54993
8601
60585
28124
53855
65262
18091
469
43741
13474
12804
21648
28116
69106
37828
52989
74926
26717
60341
90810
36506
2911
10405
45896
90966
57461
17854
23973
83897
77767
98526
74841
21244
40990
63916
15297
81822
27955
99265
38942
71879
7396
65008
67031
67644
63801
6046
13831
82716
95876
22809
86500
36224
13227
53658
44895
94312
9645
84138
11644
57755
3260
91403
20201
67915
90424
52591
58830
9664
94836
27678
91953
18415
72197
83376
2379
7173
75034
54085
99242
48108
10560
22124
46258
34543
72249
58642
73913
25916
95114
94052
72649
87239
79600
53711
2891
26268
19532
53982
42038
87167
31369
60002
20788
85941
81050
41975
35256
71226
87243
70897
77134
31683
2728
73099
96261
53199
58030
31092
70011
90150
38932
18156
32559
64268
29587
74360
11255
26943
54104
58717
10637
52065
13181
7883
63220
82483
45749
8681
37755
30753
69923
19930
44344
98096
99105
98121
93781
45020
50281
57174
80359
68203
67684
23767
29948
35895
21592
98804
22030
95246
3899
53255
79034
5067
7287
5374
64400
62900
50678
30743
77209
52715
82834
31401
83659
29397
91418
98404
63971
40578
1205
3290
45322
8296
1652
41407
58751
20662
57543
67336
45495
56269
44452
23824
60311
51917
82051
13500
11515
29574
62039
97523
62310
47
33813
7506
74285
49454
71382
74914
83568
23607
71881
59369
49442
53587
11400
62964
48832
90568
93119
31969
22613
49838
50790
36736
49808
22506
51140
22434
97877
47585
88338
1512
66328
56335
68819
27039
2845
5873
77879
69141
66459
72904
66151
72286
67854
79770
62135
97001
1574
80756
78437
26004
5570
11431
40079
11132
1894
43507
80934
22614
6835
44918
42301
13525
65370
80568
17020
23339
51745
79565
43866
87196
30165
80525
32701
68382
51116
35758
82264
15211
2753
6474
5162
40816
28406
49208
45983
19597
2346
18891
4254
45239
6660
25602
68467
54262
13461
86453
6350
19264
75020
22924
64104
38193
86486
561
57113
13938
9067
23333
24598
15825
19036
21293
15281
22637
51462
94476
33951
98994
39129
4368
86525
80908
16532
99098
91810
51011
83710
25720
82074
66133
84235
18248
88270
37223
58515
21414
97071
43567
59167
75798
22683
96030
46424
56824
10199
28097
52514
75049
28958
47238
38517
34089
25553
66121
84631
3125
22014
95075
75679
25957
78796
80959
85195
76508
77107
51054
26675
6150
62254
94632
47442
21931
25016
94567
7036
77584
28490
141
52092
35253
38935
86464
20023
87075
74115
49881
68025
44579
46041
90914
98399
59359
2172
27219
95429
27487
74458
55221
34967
71097
34170
32067
81899
60487
48116
39646
19257
16907
67863
19845
88011
24574
85702
43950
64960
43663
98191
63965
67053
77253
96635
35345
67968
2408
61191
93964
64146
27526
77246
18994
87133
17430
89923
81444
31634
33230
32860
6234
66236
64208
92758
84732
68908
19846
98192
97030
92786
5415
70590
32751
29317
45477
11208
46679
10915
97484
35405
26199
87906
91688
92621
32992
38163
15858
66632
56427
54944
98203
8553
77905
44284
45844
69753
88334
56857
95412
63649
32786
45627
57911
43505
57286
46618
18225
22021
66424
70652
53744
15057
54683
90779
2029
30068
59799
98330
51439
18933
69451
21180
68218
73290
84660
74469
98598
30100
55505
54192
62858
73246
3598
40551
61453
77297
70215
65318
95271
84297
73321
91216
17046
27621
88879
86249
46772
18534
15511
18022
90949
44332
75940
83634
88073
45415
1498
14087
9874
46014
48020
6585
69708
58277
97261
62365
14799
31115
9198
96907
70587
15158
82999
27397
19914
80771
26033
29896
24712
7298
52748
33644
44655
79698
65035
21268
32727
49630
95656
18866
69484
58396
46907
73236
32524
9838
15478
15212
75721
48454
79513
40226
32074
28540
91018
10655
91563
98986
5721
77989
71349
46039
50665
11858
92386
25836
46231
48540
3805
84650
11887
23121
23909
27760
89739
84994
16810
56594
64038
77571
93864
54763
59376
63495
12587
43082
52652
64117
14650
4609
90319
19016
89019
23904
92704
5787
61721
72690
28688
45275
99842
40320
79819
37471
31004
26090
49055
32648
84432
44513
72674
19251
80522
55498
16109
74282
65787
4958
70979
13272
81195
79687
44000
53173
70024
85165
53433
30951
78738
71039
32046
97517
55028
51137
27252
9069
3319
71576
14595
70389
77423
60580
1173
5033
56356
5534
3840
50421
69604
58883
26912
83192
80085
7527
15614
24606
25079
82078
75306
69678
84782
61059
96994
90697
35442
40739
92617
90465
35865
29530
87714
37168
56516
64014
70051
61344
40711
22391
25068
15561
93007
67988
58741
6137
52475
33415
71797
10804
5255
37423
67055
53001
26091
82533
56922
22069
70829
49962
70121
73671
98003
82692
48541
6228
58043
92949
58108
53795
61986
95598
23519
12558
42517
79952
3103
32753
51079
32134
4887
22580
72886
52340
99249
58546
56556
73659
90447
3699
47377
92508
26921
82136
5486
83100
77932
40445
1756
11046
19633
78969
62855
2644
44460
26
62688
19005
67913
69528
37852
51100
78317
61300
97026
69399
3197
98002
86041
58602
1029
10540
92537
71369
37018
6296
86296
67383
7057
34997
22773
83120
81816
3527
43817
23531
90611
11785
23205
22475
98627
79058
64054
31679
32948
70746
83314
88406
69711
4648
11337
36717
99035
43112
43956
52304
42887
96022
23978
1039
50719
82445
88551
83536
17998
9922
78635
28337
94955
42144
9105
26527
95679
3577
94171
31212
17571
86773
81834
1859
45789
14442
28614
29458
13392
59183
95665
812
79301
68371
97192
41355
7374
74615
19384
23242
83352
62341
69151
88548
3419
72543
75937
27322
42981
70063
74209
93998
15058
2117
83260
61156
85100
43092
30528
8291
16234
1801
54934
43438
4935
58323
75521
38475
7605
40369
70599
60112
71581
4447
99844
40150
11678
40895
11578
46063
2628
50506
68247
91476
23476
62856
45535
64262
38046
72416
57606
64467
95024
49953
36825
23601
69455
14714
22160
26737
54295
51502
57027
63637
12892
26967
96781
15243
89535
11419
34203
40099
37412
82035
11360
84519
26528
38684
2356
6058
40506
88997
93503
90868
91972
1646
10937
69432
44925
24698
460
69198
23475
80772
59303
34306
46789
49835
86545
53401
8818
28279
76847
1444
33829
4589
32763
29356
25437
80249
48964
65739
79705
31568
1422
59954
27829
18030
56585
5692
76641
42764
32724
87186
21294
65153
76636
76250
47168
28255
17911
45516
34265
11718
16566
75652
56169
73997
45057
30092
95564
47902
99896
1103
13112
51255
61168
57451
65751
87674
19102
94915
1676
20194
6719
93712
60937
43691
76187
35531
62122
452
14039
10895
62358
93996
76761
10612
42426
20066
81111
43398
93762
49301
91073
80101
36325
39169
61928
81698
38423
36364
65119
30347
45717
81914
43065
82177
88364
35150
17042
13771
16896
11681
13095
20497
90490
20970
36581
23725
60359
40362
18166
80061
30317
46866
77679
96532
69009
71188
76785
93871
52202
44037
30358
1333
15598
31313
14074
30081
805
43740
20834
49627
86939
66492
66253
95319
3750
3855
30789
76231
727
91421
68359
95093
60132
44712
33024
70952
51232
68120
9349
90687
73783
57641
39605
79510
74143
7998
58650
15292
13086
32408
54772
28489
94361
9875
92941
71816
33456
98172
96580
8199
35352
34465
84113
4534
60539
4154
37999
97736
34009
33902
65850
21096
89840
96205
91844
28836
44200
65936
35330
50250
41164
49326
26685
38067
41728
94573
23790
61438
89826
86888
54701
73117
71493
58640
21171
48547
35649
67914
55920
30237
15752
51316
81142
22028
28200
64902
46998
96652
38011
65254
46282
59693
55323
99790
96778
57734
56074
26896
15089
51276
19080
67799
80223
35691
67444
74688
9743
34711
75211
66371
79238
14056
96554
171
39888
72301
66294
64567
75912
16322
60763
45512
9961
74276
16260
67450
58243
5304
44096
45538
86796
4324
30496
53618
49492
84030
6685
80122
86553
57047
83925
60457
48545
97485
24016
60441
66086
22791
89691
30552
16374
17991
47217
6057
25216
89570
27576
12685
13006
53543
31119
93502
16183
19730
47826
87403
60277
95968
3560
45563
30940
76017
81467
54373
11367
6995
53597
65886
57967
2387
66810
10215
95421
33402
52137
95603
96055
98310
51979
96419
86662
43413
70446
72065
87634
24108
9474
92834
64159
62222
35226
4818
72645
15971
29586
5286
51170
91566
77352
56601
77299
75723
13243
11683
36468
93747
18615
83299
39019
8083
32009
17202
59565
8315
53201
16457
6823
20900
10263
13758
69041
4575
98512
96104
92586
70680
83238
7303
40772
33675
1874
57469
61836
17270
55430
40280
87935
82951
44547
95934
34182
79402
77185
26417
1251
24769
63785
53682
35291
10416
99676
84145
36395
47863
104
54414
6960
66820
6732
39219
63000
30870
87503
86713
62433
17817
87645
8712
21684
79668
83732
38979
75217
13667
27956
51938
21075
32205
63369
80123
47797
56380
59422
32967
15898
38933
90553
31964
65816
34362
93780
40452
91197
69447
79055
12149
76718
48305
12445
2147
43486
418
18747
16012
92623
94548
7053
17161
85566
91836
28087
13259
27471
13284
75190
43557
66115
64708
59915
8410
16676
1699
6704
93953
88300
49166
23116
94126
42412
12882
13013
38367
23522
32500
79353
99556
88708
41066
1359
90382
58411
37033
22787
96287
14565
21076
29708
98625
57879
29253
81415
25196
63907
18490
77447
9450
56113
68830
44514
69607
61096
41649
33750
19834
40179
41747
30075
74584
76893
83980
94281
17589
78277
87458
58147
20999
75397
71809
21557
56977
18646
51616
83948
84459
13247
54821
85445
79211
62282
95210
19566
18214
13043
91798
32959
1774
24387
78340
40463
30369
88734
20299
4686
73602
91214
67472
17357
26495
31270
3726
92074
91607
95171
83144
7141
9977
75011
35507
32352
38825
28278
48722
87328
3251
28554
47433
16404
65142
76
41995
96047
23367
59771
83861
22641
6712
44081
10721
92281
75712
68606
41435
59448
52787
81113
76681
96351
9171
17981
68612
15792
89977
9789
89646
32197
33240
99571
59967
37738
20502
40130
61605
66723
4928
50828
86094
27895
99581
70614
82782
42333
98989
37645
54938
96605
55961
54529
64596
88293
23590
91519
22922
27902
32127
53596
43314
94181
2642
8363
34110
71691
68383
32158
54131
47541
57861
953
91349
37658
44295
79016
25287
4692
66767
4140
41198
48155
95486
29071
63060
81847
37759
58407
41057
83177
67378
47760
46613
27224
69829
87902
40325
29385
960
46123
72364
44817
83287
89145
73736
80725
13561
43353
74303
26400
96416
16004
20883
91893
63461
70636
75050
8311
56742
16277
52021
37777
91962
58539
4527
28861
94345
19489
53241
66625
80058
2474
3931
86241
29431
52496
26842
39757
30258
43896
777
70729
52024
52305
49317
26186
2295
949
52121
78163
76063
38981
69210
63151
92627
23983
55466
7626
16177
34011
70123
99124
43129
42473
40575
80938
98836
28419
8475
35215
28942
88587
35145
38198
349
85478
8581
85449
76969
48079
93113
26544
7421
5143
15103
57656
87257
40406
26136
30455
16948
10844
41432
24247
69268
5060
99354
68885
56497
76827
95675
17297
34157
82786
49041
24215
8131
80184
63218
33035
87586
3499
74402
57799
51915
55832
99006
67422
75128
53847
59322
75037
59278
41400
55394
91285
69066
43694
91408
10084
89928
65007
40487
72274
80847
51597
18559
51793
69633
12450
50242
80157
19389
70503
93004
72024
53787
72412
21795
84273
47609
6196
91815
4863
28420
52820
87060
31487
69469
68122
71480
87562
59619
52465
96001
34913
91206
28871
43546
83469
33523
49114
18988
96633
20931
3114
24465
63342
56039
19316
33051
20409
79837
46955
77441
11677
57154
53125
3814
48594
6510
79314
92120
82798
68015
83841
80654
62780
23191
48666
4076
87281
99686
79354
49098
69190
67521
20532
74078
59308
665
36208
30623
91393
58223
27529
72685
92688
89797
96836
69108
47376
1382
779
25090
58177
89973
8938
22117
57775
8328
98938
89125
98469
77212
94544
78073
11127
89025
66926
90362
21030
29860
83894
43158
90058
38009
2436
52233
73224
35409
82441
17170
88474
92354
95666
92394
40153
98434
81217
94301
59947
44725
776
89282
96271
26337
31372
35636
69062
49683
97759
24171
85401
28774
87702
5458
65686
77804
16793
45929
40823
23662
46248
62153
3334
92018
58530
32867
57766
80044
22997
67198
73581
68569
86910
66679
58086
85745
14410
99798
58452
44731
35723
10017
29406
84652
89598
74061
30370
52592
293
72307
37406
12489
55861
11634
71230
47841
88495
8806
52311
56954
95080
56532
13659
38888
58955
83968
90758
72613
21669
88513
99068
10614
78682
8701
72931
33310
38388
31209
32429
85099
72250
3284
50689
8084
92300
50929
49175
3433
91228
14414
54979
75739
67546
60967
8862
68472
91967
69973
42600
99775
11277
38826
52539
21173
62218
17594
25255
38548
17387
28894
6434
21917
11147
14324
30490
98596
93259
8992
57688
99509
36197
36505
38458
62602
5816
63459
3485
64000
89692
16507
2671
20766
25136
91336
14744
19406
56054
2207
28303
58393
97084
35953
79020
97891
77127
62957
83495
19242
17903
21026
19551
72532
76210
95529
30019
45846
51369
67241
32441
12681
37410
80554
35623
68054
85660
30065
39724
88982
63043
79123
77686
96249
26501
57382
75990
9057
833
28842
79924
3388
78017
47954
84409
9293
9314
5142
4741
26600
93253
32953
97836
80177
61046
13054
73217
41694
89648
81011
12863
84268
20164
44938
50007
40318
85227
83920
5404
6810
17018
10807
82000
24800
31838
20647
16930
24721
3104
93863
57555
59599
13816
11195
69497
62113
5418
12004
77346
52932
60160
34792
97098
26659
60372
20835
37517
76629
13794
5673
56082
17472
18849
49447
12376
89714
16455
71695
16880
11091
7663
46056
37364
78447
89759
96610
86897
98621
11317
54551
16891
87508
29899
25744
70966
73513
43676
51859
6314
90563
45028
78151
23170
21181
7673
52459
668
33193
48266
59971
11164
23928
75240
10831
76156
31725
73150
8890
68694
48368
6864
63866
29031
92240
86396
66854
65279
19462
46005
18852
70355
89839
43478
95275
45145
25531
36988
17511
74290
58175
27873
41051
35958
84633
73281
59846
40934
24748
95541
46740
50256
89853
14454
3652
58449
30675
44359
2183
27386
29767
78327
59393
58915
12283
7652
91959
59136
64583
33145
64380
29261
162
90251
72095
86769
43241
53360
48012
20219
75223
48146
78043
90598
36390
8263
76978
96647
2388
8368
21169
47298
57826
53385
88366
98445
45240
30264
11155
69067
60178
41760
90499
24842
11856
18399
34589
72694
56432
15541
61756
46636
12143
41443
39249
46915
9524
36474
51143
69713
86313
61370
59875
70398
92986
89508
72640
65732
14618
2266
99434
78524
32529
87445
95863
2600
85709
89329
45820
96913
88947
60633
89662
60000
65712
85545
54461
90271
32861
90916
61397
95005
76561
89788
9130
45737
51094
76254
83209
14175
57582
99528
70161
92689
95999
10764
28149
6217
33561
51176
81485
232
59465
1973
23887
54435
89599
20183
28762
78103
85560
37183
28555
24816
64093
64845
94926
92023
10954
74041
45783
40117
52569
46358
25774
26770
52655
23351
99099
27044
51711
23150
1979
24252
53279
28264
60004
44969
90559
16302
94448
83317
55547
8302
93017
20550
45579
8689
59418
68555
10775
16941
34957
38696
28357
6561
76625
68339
89645
8361
18902
44689
9771
37464
12269
98451
80063
97416
15304
36566
76724
57373
83417
63
82414
16114
40613
21801
35363
23122
79143
12504
40353
65914
23425
65136
50851
87985
22957
33046
25546
89094
81552
39618
81285
87970
17658
28147
93530
53314
54889
87842
99130
6824
78128
93031
38947
10729
75147
80328
19497
68005
54730
53647
81647
73692
84990
47482
11271
19675
8737
48678
23566
36617
32916
29498
21544
82974
23056
35801
3081
77716
2852
21331
40805
24591
25381
95698
7660
78403
52902
86414
92697
10344
14703
10798
70164
9044
48814
15876
57526
66571
36219
63686
90855
19744
73639
48969
7284
70858
27767
8258
10180
1406
14363
79422
41193
72930
50773
94265
11081
59952
50077
33682
18267
35035
59194
85041
62328
69557
55115
16477
31403
23160
13251
52783
11746
82922
80225
88710
29903
63810
88798
47730
80034
10059
95833
21248
59128
39108
59101
37725
20596
95096
15201
52698
92497
47793
97670
843
7179
1003
73713
32415
19821
10229
89643
49982
77671
96514
98560
11333
35592
17570
76570
96108
12164
9271
57110
22447
23353
51485
39466
1312
22889
14488
34077
48916
21399
42108
45133
27434
42552
69411
53137
50313
5911
3370
74436
18619
51250
17945
65255
46084
87892
14231
18613
38771
27119
2059
50071
22005
94017
3929
674
2394
62394
22963
30784
89249
18533
34686
48362
71867
14340
23422
99705
79542
43013
84106
21880
21351
40475
54525
26908
83936
18078
45763
8902
31414
86891
68814
93729
73708
50093
19354
69546
29526
78666
46511
14200
1636
88493
31083
21659
16938
66525
74934
36033
40480
36031
71402
41370
15786
66149
64667
11454
23810
15059
87371
22600
44658
62653
83973
98809
84477
14619
5463
38349
53987
9570
52691
2439
17595
34268
77990
24335
27021
44652
46908
85075
19429
50882
50203
7848
98728
92227
12927
14320
29043
83651
70246
4814
51345
85564
40218
83663
24736
67656
69718
93752
36635
91077
52319
38561
91075
39318
19062
63290
39109
65256
65239
32552
98882
42500
70947
60752
59904
40863
35347
25956
31528
89405
22593
8492
21572
89047
89543
50135
59932
97704
4508
76486
10025
17384
8988
1147
95384
77979
27199
90277
75514
67906
97171
52051
9512
3604
59207
69514
49589
30386
76661
55432
90808
74935
6513
21308
77995
73642
8676
75701
94500
6427
28386
91315
73119
34554
96811
74713
22526
46883
86067
64310
86841
36681
68936
64810
54588
49271
72265
56310
79672
94690
84368
41197
70812
47921
29984
24883
8135
42594
47941
11072
15790
91506
40154
38134
87099
74718
73921
84058
61700
51225
61027
90181
29657
21020
99194
18412
42381
5974
41771
96868
28276
77490
69738
93189
4877
1223
5215
97939
1102
99804
53519
5660
86941
57075
57300
89828
17827
22988
84827
2192
82224
33544
93019
80932
18729
63503
875
19900
67023
35292
75382
29864
65529
6029
27973
61498
47453
16894
31849
73425
55527
6140
56553
16794
38144
36376
33313
82114
37566
58203
57191
38599
93392
89375
14759
45414
91389
19231
95169
42788
3489
17599
9726
98446
36418
41534
57661
6062
38799
72582
11587
67626
39462
27920
92619
23646
31788
49383
69710
6315
69602
94451
43472
36043
47195
96201
59602
72628
23526
116
8885
43255
56568
5315
50826
85288
72062
72017
64240
64763
89040
58886
45509
44946
26953
27800
44376
56592
20017
66664
11891
62461
39026
25188
2258
59458
86962
24514
99160
85741
29105
87307
20979
74409
56940
75527
40561
7617
26766
45684
95952
74999
87250
23200
11585
94859
47506
58651
40421
65215
73302
70256
71882
28512
84933
46110
22573
63217
26496
14916
93344
39430
65190
956
40921
80955
66382
81206
76626
10636
59079
34026
95802
74067
74716
43056
68222
10712
82415
52777
24136
96995
92661
87221
24725
40495
58465
84182
12476
25986
65106
79845
31222
68954
94102
65760
57533
95798
71254
43080
65637
10993
51309
1058
457
93905
75956
80331
35169
99799
49540
3979
42078
46157
96325
97256
7849
94593
68576
2120
51278
18052
59865
55777
39030
45050
42509
55949
23061
68315
33655
86612
72848
83802
2119
84924
88702
69663
65676
8800
38216
49799
70000
13330
47287
84961
86576
18859
35513
48653
16321
75781
72831
655
34095
79329
78725
14539
54365
45316
25279
1824
96987
69654
38793
16863
55195
28909
84032
29173
16392
68289
94348
48898
25868
17688
66259
8937
34524
28517
40164
66729
2184
65000
26588
89843
18601
22709
51021
3281
51520
9983
41750
84254
86428
89700
19482
28232
68636
65328
52565
3227
12461
87543
63879
53102
25333
80487
60276
82559
98593
68571
31878
50736
9127
23470
6814
55504
73098
23345
82739
55973
58095
14400
63557
81848
18854
45338
83228
66090
59651
67247
54801
92148
13310
4315
29573
4783
52184
18650
5761
22374
55583
35209
14166
56109
9466
1053
6553
74481
83771
34177
9490
81841
70462
14159
83608
9578
85096
76006
37270
33128
26166
82050
34179
46031
24267
99213
95243
67978
97944
28801
19574
15344
51132
6599
37955
9066
38393
85697
68674
57731
22774
79585
331
68510
74502
53731
89893
1438
65761
30637
11845
84735
43920
64781
61023
3013
33981
83627
79403
67827
40957
67695
31036
30429
27758
97495
86795
53170
75181
15764
37108
58871
16981
48037
44593
73590
51189
33667
3159
83805
36362
68829
46139
81559
5258
93821
42493
79832
21216
9592
76506
42837
47021
22543
88755
85281
3761
89291
87982
72919
32555
62628
82672
50548
74858
72665
27505
75430
95220
42766
24933
73745
901
92012
12342
63153
16726
83921
1201
74449
94677
71423
39120
45753
64706
41376
44489
3874
37362
30334
63469
67174
49196
24826
83794
16776
81135
89587
84229
98151
31667
84787
14763
30709
47394
24221
2236
51017
55186
99038
21763
56193
97524
27503
9122
23126
98852
37219
30762
83544
63625
33366
22525
79132
59913
4082
80318
83550
61136
19159
27719
24046
19220
34353
19852
70421
17253
40182
55365
76042
70555
54757
39771
32125
27320
47644
766
55290
73809
81828
20428
75028
15911
22182
66777
24531
39583
60566
60268
93102
25787
37882
10817
55123
13100
20980
64204
42114
57185
27721
96966
79519
270
24765
9759
95720
72637
30954
42858
59441
76838
15451
84248
45843
85138
20625
44848
30598
69037
89679
62544
16050
72181
34330
84392
89898
93101
71293
34140
27723
11684
14693
9702
68500
95669
23948
90411
3549
21809
86745
43103
77488
38785
55622
88943
61909
85304
15473
7435
90469
14760
74348
87770
52576
78198
55522
46874
14914
82923
20862
56103
53063
78116
19971
33058
90943
58365
83535
71831
79259
32634
28669
46946
46642
5358
3553
11184
39713
51244
63796
31413
41422
71521
96872
17037
64564
1288
62259
73614
95253
62079
4146
87797
97004
74691
32957
53904
74024
42923
95739
47850
16722
4167
5805
44927
51539
20190
59488
42504
98927
3322
75467
61843
80577
89866
95713
2599
31169
57230
44419
41088
52317
57350
2817
42602
2504
22013
93012
8713
70999
20962
82707
91899
85421
42576
14373
172
68741
46557
12884
14862
9444
97364
75391
77933
63244
68072
85929
99269
64451
65411
47476
87808
44868
1396
78165
35092
78560
37280
49714
45969
70968
4067
72635
57998
83391
40646
1137
53432
2303
59295
19280
41641
27977
75951
81131
44368
95805
34761
5233
54886
27308
66161
7159
45283
20129
89138
16417
7766
64209
74940
53371
35642
7023
88361
30874
5262
11613
13602
2027
67366
34695
53931
18431
1723
78701
69804
64036
43475
78251
8541
42079
49762
40669
93325
56571
8605
50400
10565
64601
62066
27275
15578
99670
52307
41519
37034
11869
32171
40726
15643
4125
26207
57859
36564
12050
69625
85772
12632
61873
63213
32672
62330
5549
98828
6586
48610
22618
23798
67565
89470
44077
63962
76814
8006
45225
47164
13668
63820
21934
34222
84307
57984
18033
6638
82106
55676
74301
55846
47227
59144
1766
93463
11219
88177
88615
76484
5902
85367
8028
34673
22533
813
68412
12513
70162
98164
22745
68058
14832
1799
65062
58446
77194
81843
80492
77244
65213
70632
91192
86019
23927
40747
56561
9414
87990
2724
61894
28930
69591
28206
46531
78485
72042
81538
95063
58631
30973
48860
78385
41243
68952
57767
32435
54965
14451
40
83503
74002
27160
11070
79398
54
39142
98904
12087
27470
1876
75560
59712
54903
78570
31859
44616
89954
98105
85087
98867
33589
50607
20966
83325
59052
81081
38492
98628
78788
6151
68997
65744
40313
34899
17851
61613
78439
1441
68671
10144
26974
4462
30976
8761
87264
29803
54527
47297
27991
34475
2124
52073
88697
4719
31502
20257
48247
41060
23804
33728
27774
84033
59918
92170
27315
50797
12311
71213
35140
14575
96355
99151
89389
52927
23699
66631
30570
73972
57666
73070
5225
19041
67541
87050
34228
70324
92499
53892
68615
4658
64466
93719
54015
2263
88226
7551
20062
54048
17258
35314
11631
37682
35067
76603
76560
31716
49480
78765
2069
97686
99045
91275
49842
35356
993
91686
19886
52425
34259
40434
49783
3454
93568
78707
7791
34365
48998
21139
45608
34819
69691
75631
97642
90392
41223
50980
49034
2680
9135
61723
22476
78217
98495
27261
95965
68891
2142
43854
30384
25520
90833
9914
16502
68662
16764
69084
55615
27975
54202
44824
32268
60750
11688
58129
65189
35394
61532
66344
57516
81116
66823
59208
42345
33044
69667
57897
71529
30544
78212
95090
45546
80786
9783
28618
53659
31548
44183
565
74573
37419
46302
5364
57044
13775
15778
25494
10654
19545
94337
37451
7975
43166
53723
33001
97614
7168
83939
44940
6372
69279
98136
75134
72021
71413
90988
680
91604
26047
58425
58888
75107
10970
86379
86454
19309
97317
95239
66864
33264
2053
65088
98247
72597
46059
9784
2083
32053
41512
55872
78644
75182
93179
81705
54599
11192
22181
98713
55248
33386
64091
53454
98430
23065
49568
29204
59814
58330
79185
36894
5766
20058
95095
93659
78430
41812
37641
6982
11418
85659
33330
48888
10774
35857
13780
80719
17737
78750
85068
43983
65381
62048
92085
67480
96285
33502
31550
97941
42325
91359
69592
83677
56297
67369
58862
62064
35611
91606
95314
71229
61966
93120
91406
39518
97271
23665
16290
5916
14276
51943
57001
15948
49773
37670
95222
11139
46595
29396
85036
85225
78795
77974
97122
11033
16550
3133
67021
98780
81263
90657
86763
34391
76441
85503
68350
63928
57361
45757
43579
86638
90827
52284
14420
45953
78285
8318
29561
14261
63578
24538
31845
18824
70716
91356
24289
41675
95601
93606
55824
26371
17517
14679
19691
98143
43892
85988
3275
51570
73173
74779
27242
97477
11165
76283
91870
14628
30135
57838
84974
79543
25924
33849
86569
11601
13293
16208
92694
34598
63483
34399
57221
4000
29837
85970
1787
94636
33541
37004
26854
85729
35614
53357
37688
43432
92364
26904
63957
76567
60281
25851
10659
99529
3934
5159
76180
55421
34382
66028
82982
4243
21525
5505
92366
80854
3026
37116
97893
21176
22892
26744
25123
60631
28918
6344
90358
70569
91610
68433
4779
79486
68893
13386
24362
40374
19116
77935
85815
12157
89305
54901
6846
78134
65287
621
29162
90899
56752
82641
57359
9409
4133
6706
19493
54770
65267
19093
31475
59703
40967
99179
20821
83233
18491
59398
63007
11897
34029
63322
67157
3863
90101
40975
39414
2369
59199
43961
8783
28086
92682
12931
23636
74786
33419
99173
31048
33418
5829
58696
63081
15159
73043
74139
20843
61538
1418
77608
38171
57850
18420
50997
22513
198
80642
71356
48401
34837
47716
59149
35672
79142
36117
31434
9245
6910
77002
54198
76211
74113
86460
30446
24324
83106
12043
86125
21563
84803
90930
74837
85265
35104
27067
35811
40260
29502
21988
16809
21277
48550
21786
56912
10574
31330
82854
35152
7102
52589
90113
73837
20824
49436
22232
40812
17413
14541
49318
28122
51855
26573
36773
27452
6911
15548
31820
10596
75528
86907
30919
10450
89620
7493
31582
56187
1041
24095
47398
61004
56002
18353
92696
90992
72243
53377
19241
54673
49618
17731
81017
67690
99137
2588
66119
14487
3867
28333
53589
15294
70883
796
21626
60707
50637
40329
44281
2751
37006
5773
24070
54495
84424
27298
42248
92101
28619
84569
51458
28453
13723
17485
93198
48496
20489
3597
41838
35728
57689
22702
5618
36713
11496
86809
8679
36167
71281
36193
94614
56461
81787
81202
36501
51854
855
86405
36252
81002
37250
82337
28561
65444
68504
12275
53270
167
53051
64139
37525
98442
54174
53364
75685
79882
3042
54824
44035
965
25278
50767
14818
84847
22656
63648
93771
69721
83785
523
68584
39397
13176
90455
89922
76819
30145
84654
85502
60588
58392
21976
63347
27324
16335
74330
10186
67570
31085
23668
28621
58858
76167
19549
56245
12846
86056
5034
81561
47562
46118
78907
27543
91771
30519
97060
55964
91499
97988
96212
65735
11226
29082
93349
10164
4461
667
67856
3625
70672
80414
29691
52118
97691
74684
17008
27447
64149
55597
87450
77861
96067
35396
94974
91409
77515
69882
51891
13840
89864
18989
60486
6361
63968
3190
75176
26923
15416
84785
6500
76799
23458
26572
8056
41823
12134
74126
68092
80480
87174
15421
37665
98010
87600
19972
53778
84315
20258
97133
29089
70570
68285
42109
16033
27663
31508
25346
53642
21154
95718
99831
64905
3764
56456
88268
41116
54933
28025
22153
21318
18060
41765
75766
54139
89386
45077
84538
41990
94481
53052
74082
28731
85383
2761
14397
32030
2932
29438
47203
81388
45070
17226
19137
42324
15293
50090
7191
28564
72496
21966
83011
14997
88370
66937
78617
76206
41030
65683
21759
96537
33265
77654
74359
27106
6020
50803
85266
19996
26697
81180
9412
98032
57375
97103
5862
82541
50163
25834
37576
41445
55282
19950
13739
82840
15191
43925
85991
31082
3207
87421
95557
12729
48151
37976
28998
12221
71496
65901
5166
32588
58213
54822
8264
73500
98462
28727
31906
84712
99409
82291
22940
18965
68414
88292
81174
56618
84617
72583
3851
65238
99235
97982
74370
21287
15393
31899
49590
78044
20003
79223
34758
60656
11659
79210
66356
92933
14139
42449
91248
7813
82048
76481
22219
26329
95407
77949
39745
35383
67670
63839
46225
56870
74245
71038
15428
98724
71207
49346
32254
87159
37115
14307
84780
1594
4036
49843
52968
51088
84049
34158
8677
72529
53791
85518
14513
5296
92154
42547
55803
86805
74465
825
6815
68607
92043
44067
62848
41759
61401
76107
58262
29718
96345
37534
23000
57196
14850
35482
4908
45734
50029
43805
50497
24415
50492
8639
80362
51464
89271
23823
62932
84067
18492
19579
80804
40590
3888
25222
88740
68984
93933
87623
35159
12873
79931
31779
50320
51718
12276
1607
56180
81341
55568
38715
94731
6189
52714
59694
76983
10069
20697
78000
73592
90742
17754
18595
61980
12718
89016
66400
74583
12240
77430
19445
72317
3643
34244
86700
89981
76769
63121
30738
31206
34357
73016
46900
42852
76262
47341
3264
26962
44881
29926
24710
17612
29145
33314
17819
49563
67920
98216
66013
9881
23190
11488
75214
29107
27182
44112
16886
82973
50080
55673
14735
91917
29024
99437
97302
56980
19959
82103
41079
43299
92936
47972
3774
46781
80274
38465
47896
48189
37477
69150
79000
76721
67983
58969
65720
21700
84901
53980
47715
7844
41424
46806
3043
51652
5487
99459
39311
33375
85863
2979
68541
2820
24001
88278
34896
87852
29619
58776
47955
3873
44809
92882
19936
96598
83562
73923
23850
96103
79659
82257
25378
19844
63990
52347
7409
51412
62402
68273
14243
28955
23763
16952
97563
76513
41277
65442
23307
75432
99355
92842
82511
59023
50221
74531
36504
14142
29021
5940
54051
85111
40717
37840
6244
71457
87671
48849
30941
50698
55214
86310
18671
19763
66876
2544
44787
48212
79370
78366
276
87114
35942
6632
78030
41238
73875
47128
61574
58884
48677
1826
18661
79551
15485
28799
77093
57352
89421
65812
20938
87392
68718
78552
4854
20684
41928
1224
82551
2771
81958
13912
11778
82476
1456
94313
25761
51500
80411
94899
47228
45845
84171
57976
3595
9792
35430
30797
98165
63100
24749
55751
82060
21957
55601
73843
35467
62287
89903
78131
10277
85133
45858
16777
90001
34351
20742
74051
23463
13766
40448
66137
21524
90009
67547
84401
8668
66620
69350
66974
44072
49458
73039
23175
40548
19932
49658
57009
14415
27508
94382
29347
28448
37706
77961
86229
63316
93474
59684
56051
73339
28074
31993
84751
76684
17937
59129
72147
59943
13872
71634
24947
84045
53657
75007
46471
29522
63880
77312
34126
30613
8590
56246
13700
51783
16979
49942
64775
73087
73154
28205
21715
77453
27747
98674
9201
10601
88244
59546
57902
50502
62041
5950
81837
35413
96817
21766
35484
3069
5058
67822
60674
54955
49601
82155
66947
39164
53143
70951
30813
18402
61983
3606
70434
29109
30129
63906
99557
38999
57878
64554
90605
35521
13589
6678
96885
20635
36846
70393
37972
75926
16471
71316
23871
94776
5027
12554
87773
21378
87592
31233
9925
83465
14390
71497
20543
95411
39347
48399
15942
11028
90171
26365
58729
7782
53310
50846
12247
61266
63301
60765
34112
22662
5101
83890
69875
25629
98518
95233
61068
77384
12783
50935
40755
66189
15183
25965
12317
51819
64641
3780
4815
94774
31396
74629
45772
70491
52536
87317
41074
47580
37353
22373
59233
32140
21776
22433
20965
77945
86552
97315
59416
79785
7764
3316
15865
31734
3783
21833
62601
39265
32803
47822
66564
76518
24948
22382
51569
45370
99154
39445
34741
25243
40158
31533
53732
41086
976
21539
21713
74104
403
19835
24358
14953
34742
64623
65266
28462
70015
68517
87454
87545
52720
42904
83105
79111
79091
86022
75621
70955
47756
23955
37300
13081
20118
59
15471
13753
94904
97431
75415
74479
2457
1615
69821
55090
10325
5
55287
10093
36862
67435
74711
40476
71523
63439
28379
271
28374
58908
4010
62102
56334
52466
50866
28246
56635
99928
17317
53283
3340
47865
35604
8947
21413
74758
75206
47908
77401
34705
62619
17229
26909
10868
10453
96266
54209
43867
40835
53045
38302
44631
57040
72799
94507
61563
11346
3815
4387
5293
44322
36230
83065
39392
15611
77265
80993
63339
18179
7270
28304
92708
79981
90683
38495
10363
40311
30215
8719
72927
79697
52081
10658
50510
50050
43268
6167
56417
81027
93443
37565
20040
61893
88570
73582
65764
95920
21552
41464
77094
5635
88156
90080
45613
14097
96957
39086
60028
39354
43509
6527
73711
74877
47278
27129
396
97844
68105
23892
78037
37960
87173
21089
87063
48716
67211
31163
77496
44741
76025
98688
16678
35270
87699
53697
99358
77813
82244
87306
25413
60952
97785
49359
60882
914
53956
56385
64914
60677
45773
14429
90592
540
4805
97846
67506
46582
91
37656
90681
64315
93316
34827
85480
15813
18863
25105
66143
90593
34332
63664
7717
93353
21998
26137
36954
74233
30516
99165
61102
93872
12451
10716
44611
56651
90167
56816
31422
40930
83275
85932
43636
21490
96853
55910
68017
53838
13373
36803
73494
39186
88703
44268
72428
59211
73301
67037
26093
67678
28769
99796
34511
97857
598
4325
49278
85017
30765
74851
92506
95130
68107
87238
2186
79723
48601
34326
53593
17822
15936
44641
25386
94213
40814
75557
55118
2195
29565
92976
82443
23914
68937
72201
43828
81478
21696
47900
49339
30983
8766
52917
57218
14891
95152
74607
29346
33036
37483
11241
75035
29116
98910
23113
69226
87153
78487
82419
66083
39622
68165
86115
72933
92728
83335
43651
9723
56662
53921
29203
43536
48490
54930
60745
10290
28816
43306
77554
72609
74920
85050
87475
92113
59420
12726
47558
48316
74042
47622
96000
94241
82525
76867
71880
70611
51001
64901
13586
57479
15245
6708
92356
64995
21796
40632
39514
28809
6753
93094
59482
2509
50600
5408
34187
54363
41321
41584
71022
93140
23217
73532
19997
89425
40419
82287
35870
67713
26549
1328
49954
52661
83564
2361
76144
85001
83696
9359
56653
93416
69974
17575
24588
45168
74875
6252
26297
98120
9185
42830
39263
32394
58980
7886
51533
22652
9589
5456
19651
91022
80417
27265
88592
68860
20044
40848
75234
40416
59961
26075
46597
31361
75836
96956
7261
25495
43974
28692
27978
45192
58122
10092
13198
11306
39490
94275
21888
46930
22430
69105
22634
65387
90642
72714
22555
43836
67577
74521
63464
39106
38962
71679
47196
14649
10934
72745
95183
29103
2770
26918
50395
10136
62679
27869
89941
26886
77060
17584
20527
58435
74756
22133
89294
99951
12970
3570
72366
10153
71256
2429
72319
33546
53665
62472
77966
51178
43023
44413
68813
51670
16711
66603
7619
49619
16913
98675
60820
29279
25789
18585
64136
17727
12210
29805
13900
96717
9722
29336
54405
71221
99885
12359
22860
43053
96259
72562
5324
60313
53162
40502
84604
34789
92702
40363
71947
6849
12973
37180
99725
56853
36206
84092
70845
87790
5806
1091
55854
69579
65295
49204
16224
18883
10155
77501
58890
25474
21598
6083
81454
55690
98387
96625
1822
51595
93842
21109
91842
42855
3879
16148
37647
67398
16830
28572
58268
16832
68341
48913
80038
56823
11395
97861
73542
52588
93570
10445
87472
22939
71405
66317
37447
49400
47696
82296
50105
42418
31332
96527
45836
76334
90464
62682
31001
89538
12768
5183
26873
18414
13613
70476
79218
20983
40097
40570
88906
48633
47470
75290
99526
54250
30869
3141
16811
29941
37258
26122
85467
65496
91734
78629
3470
1606
51883
41063
93586
65314
26084
67641
45795
45341
58081
58942
44635
58816
15781
33276
33671
50351
66012
25818
31407
91997
78836
14130
51257
13397
30610
23918
70975
39933
35943
52433
67696
35823
83826
16857
86459
25364
58162
37661
51835
13564
9797
57511
60320
28855
45694
63841
55701
63761
67179
98889
99075
14636
53625
8106
43033
48519
42139
49917
34336
88400
63126
14892
60374
13920
37158
90574
32652
76927
78444
19064
60422
36787
76294
58220
67661
61947
97971
5849
38927
83830
41566
4943
32703
39008
31126
53290
24071
39595
1085
29182
7250
78482
56426
40999
49608
95512
75484
82372
24919
27891
30775
34681
81305
41740
79214
9434
43816
15136
20205
4623
95530
17502
71417
91109
84011
2547
11257
85236
98448
79442
55265
67986
25605
89462
42140
21568
71631
40327
58401
27343
59501
24212
18547
62148
94323
89058
44873
9794
33033
91837
90778
59769
28005
97938
48374
4264
66877
89502
97215
26557
13364
87081
25372
17961
20166
31649
3975
54898
74938
68096
81746
27063
62607
34220
76821
77748
79361
52421
67253
7081
2451
9808
13405
33410
1909
55135
28978
36675
16264
49498
37320
94210
77106
98732
81711
96746
91231
87981
53258
76602
36741
78243
68559
24614
99464
15657
31043
49978
4475
87555
74277
44729
74530
87121
83613
2522
56874
7055
4530
23195
33955
20664
65290
50326
68013
7781
44477
43605
41574
11182
33271
67497
69635
93997
46869
12879
33889
27403
34310
47279
43087
56842
3082
40896
18713
31666
99788
97580
99054
79835
32307
48329
38664
70131
912
61269
4972
1966
95919
19109
31576
98157
19869
26446
11172
86725
95110
94092
73916
28684
7201
17447
97054
52939
65737
65050
20343
80283
4440
85754
60379
18562
49632
38708
13562
189
83924
26135
32950
38028
2449
60554
72313
45508
78097
39682
98008
97229
80484
65294
72314
45132
50358
4169
39661
88440
22330
55362
48389
77046
26858
21677
85376
15851
38759
69997
24265
36338
53840
20770
91685
45666
76882
21901
78640
28189
77894
90318
55468
38627
81143
37040
26646
13185
67399
27720
30218
46893
4351
65274
94936
83603
7497
81178
82251
66345
12728
12769
67267
16058
11543
16103
59673
27741
68735
88225
1163
70885
92579
12490
47136
7562
22590
99036
44119
94403
86823
28008
35686
79736
59309
72238
83878
50913
66267
71683
67938
42838
52086
72055
24234
95143
13182
85737
34019
80966
69689
11466
20186
99838
11202
63571
94463
26006
61562
69792
5116
76913
78547
98542
71303
29187
21373
81372
65161
44403
81736
44078
31034
75780
65118
88847
99659
40932
39298
27984
18521
61872
57252
26055
34874
90809
88968
21053
47988
33474
67679
26037
75046
68598
20613
83532
63925
66450
42612
48274
36285
99802
79755
46144
57173
64986
30483
32905
76965
9429
47294
75420
13262
30278
61502
16524
75985
17608
77957
59632
44559
32409
28568
84560
35276
87884
28395
60159
82496
88965
2132
43597
72082
30896
16325
97161
49636
99991
84632
88186
27276
57821
77161
36921
34032
16490
38304
71732
31267
81362
22300
74462
40004
83349
22137
48117
57792
38336
76926
74596
65079
10172
23508
84063
98528
75917
85824
7666
20100
21484
60864
56471
13585
31253
71200
60562
76826
64230
55974
28113
59375
54913
9997
67705
19630
6457
43294
70417
71813
20571
90470
89448
41040
55058
46756
1649
32308
7319
92934
60149
76952
43477
79158
48534
11232
28111
3117
26190
84852
79456
26158
41374
73329
69414
92245
59765
60964
34007
49163
31873
29268
99429
28775
80827
23043
93124
52076
40892
30199
70358
54837
9400
36914
1431
86113
4950
38039
77744
90881
12062
82406
56181
26814
97911
28701
2208
99551
49419
91500
40344
88715
74297
53113
77729
8310
37876
16586
32515
15433
23162
65913
80739
23678
21927
29747
23813
54498
81009
43510
38356
2781
11501
82070
24325
96648
83956
84628
37859
16334
80288
65037
61181
26795
87158
49894
37797
87412
50484
77562
18111
41010
30758
50207
17026
8558
649
42423
38697
82787
64278
34071
22956
21074
11864
69979
83336
37053
77765
22746
7473
98880
38057
28881
78064
91130
52108
49322
46214
40147
37804
69337
58375
75945
66692
25828
18941
5094
56800
12148
174
65495
13452
48093
98084
9042
78393
45076
40853
79345
71284
28330
21090
81437
73831
29012
24790
59594
55780
30882
69119
71532
25713
28416
57253
62838
89820
49923
54857
38742
10008
6095
75152
44298
11983
3162
14228
74491
9249
71092
95874
87316
60732
72012
61117
11384
6143
22643
38222
18987
72841
69054
88260
81321
75327
29172
87837
78614
54019
9872
63676
46016
7033
55675
34618
51221
7024
92569
42064
20865
46389
9890
34571
61960
67654
61149
63970
43631
1853
28810
32411
76723
92651
89390
38670
93807
4867
69857
48464
18138
76526
24353
16119
99149
50730
46770
38886
12190
13277
19072
44138
81167
16689
17157
80379
20633
81782
43632
34132
46982
57186
79956
83796
16581
1939
2790
11037
32447
96595
84436
60534
52391
4651
11726
42085
80924
57069
43336
66072
57475
93910
66554
36879
29734
78983
92680
92206
66695
63383
7865
60071
80534
38354
40120
9819
75317
26032
48188
48664
58917
9717
85619
21101
52250
29727
11570
19283
29499
5001
94466
29157
65231
6798
10946
30119
38014
44980
61795
24955
73052
33591
27383
82147
63098
21657
42443
37556
63746
10974
75387
19825
81449
56029
61798
52616
10792
23219
74315
50713
18823
512
56762
94254
25980
48966
10859
44778
79859
92190
93333
1191
4824
83117
74751
68808
84698
79026
58927
4236
88279
19650
41872
79663
62038
33152
90140
69764
45777
72843
12058
97338
17380
39191
26797
31018
1284
17921
20899
61768
74439
49353
35515
78583
21329
10789
26714
46499
36519
43556
23072
52815
67982
57303
62954
87649
23653
27707
28899
83829
65283
93618
40725
61730
17548
45926
8808
32222
61820
96819
47172
73464
34583
72321
69023
50433
93975
90438
87804
29501
67881
38635
87855
26518
34319
31606
81475
73964
49968
63720
10294
63231
4446
26732
9754
16097
10223
97770
18394
71655
87883
92385
22754
65490
97016
92381
36814
88899
64625
96140
37352
84952
79430
86302
88801
15983
54739
31400
34218
4917
72691
40587
18677
5134
83820
24318
83728
89741
553
14037
22480
2204
82530
36864
61726
17905
82668
56727
6964
99473
21873
41563
72169
49350
13874
28932
27745
73241
42881
25
34115
81968
86656
77503
38646
75764
5927
82359
70560
88729
1450
59849
94329
72477
15918
12903
13305
81982
53640
48946
17729
91698
12017
39119
57279
78479
77972
99162
46387
28051
56631
31481
55900
4094
98059
11086
13657
50100
49067
30501
15718
24116
51074
26277
58554
32713
48334
60611
23042
65407
2532
78173
15308
33278
38311
64553
70526
51385
85140
60624
94023
68022
86183
96670
10038
54380
56053
81717
45799
94521
36164
40859
10054
72508
17301
5609
96192
92051
40138
20175
68927
39009
83746
87272
75583
12175
30925
25945
81403
92479
5299
33664
35833
82497
433
50852
23409
48208
41183
84265
48244
93739
2376
3692
15632
88834
41624
23
23037
36878
34113
76537
16965
60636
24511
39755
92839
91302
44894
3688
60083
30836
56749
15803
65333
9191
4285
6662
38094
87803
90760
72129
80539
29876
17499
4513
70525
27374
71021
54849
5168
17331
10680
58934
40471
67330
14188
1116
89776
15499
16456
90304
97829
71495
60868
83334
75264
12039
51447
89021
9801
30595
12238
48382
34689
90036
11732
93417
2907
45134
34640
99004
98425
69788
59687
4608
99192
79125
30030
90125
73881
88372
95921
72386
25044
12281
47598
48234
65962
22119
87120
78383
45927
50833
80144
32666
21330
21081
32150
96394
14605
23663
34035
66099
63282
34318
19443
41965
48173
52295
97036
12805
21062
95433
50831
47888
83821
51861
70230
22033
14959
59774
48199
81797
87538
26516
41499
58771
44804
40748
29419
18347
2705
97601
31678
62016
60593
62429
55995
99737
39082
63460
8369
75649
95981
12088
40446
50121
51471
32723
71719
92868
84614
53028
68999
20711
48361
20226
40577
958
7449
71533
30861
35125
41533
56107
81262
9336
20308
46699
74635
89466
58125
8931
93327
5831
69224
36574
96269
2486
23803
85972
66058
45417
25907
40926
14874
40466
47364
57540
81623
916
11213
70679
70317
66474
16876
48546
50595
23373
39879
90366
30539
17394
37505
89529
721
94711
90617
9098
57344
67602
21936
41751
46522
59186
96123
90404
9561
79636
31392
76139
88018
3205
86750
97044
96208
13363
52956
73439
27380
9896
54439
29222
92719
2906
83057
2308
32728
17881
6294
68148
73025
22401
57895
43602
42681
78143
15054
1597
25055
43288
39176
88647
70531
55026
77070
6117
55658
10849
17985
8060
56317
76279
93555
46802
95424
25453
12721
80493
80303
99749
88970
67865
15647
98509
99729
61720
28163
75786
3941
19682
86233
33514
88489
87691
85760
76523
66354
59504
36508
70443
43797
22302
76086
52930
37703
42643
49979
44583
55318
51241
36869
24539
19798
87447
8451
33570
16946
4063
21518
6543
14006
75966
55537
24918
12737
27918
31258
68859
32567
10691
46921
74506
25429
85007
68911
95350
94511
91295
77181
41178
3139
96255
53048
65807
3248
36912
29771
24998
92021
14015
67384
77757
50596
29139
68799
72888
25158
8949
68154
12523
99824
24068
47860
69378
33074
8767
80110
91901
89849
78706
69806
54112
78411
36523
35744
96461
97560
39436
30276
41999
3183
3913
76788
56326
85368
55952
20449
60828
91323
71183
44591
16987
32207
70384
36355
69726
57346
9214
70881
66147
2235
22270
73249
12864
6386
98484
69234
69107
20440
5994
90313
57492
80393
79198
45332
76135
26162
60194
11975
65654
69077
61
21445
48861
8237
49413
8415
12984
27178
27358
20665
33629
49735
47717
30139
64254
74054
19232
55065
98681
99457
17721
18203
35194
48256
67062
98438
22227
41761
31994
83491
72210
43114
10072
25189
52258
56405
93504
83234
58145
41292
47109
36942
63634
97699
61223
88526
4531
85641
73476
30622
88751
51254
30044
27433
42431
37970
40368
15622
98393
38258
28822
23177
95811
64398
8117
82294
45552
90575
34133
32143
32987
45138
53253
52929
51817
85363
66662
91290
51334
62082
93919
89155
46828
20529
45012
80581
14391
21444
7011
32326
95353
94957
52723
63345
21100
66610
65080
48408
37073
54513
67848
85845
29994
39496
26370
24602
69217
91328
55320
28059
3502
42621
68199
62486
89270
43550
40342
62046
31019
96245
69317
43300
93928
90511
91718
7576
42033
89659
4592
7342
24049
26555
717
54229
10131
45366
61991
56019
5449
5991
15395
9829
35481
27132
68532
22994
91556
85805
98030
48977
30594
41265
49027
93071
47085
28178
70197
36024
20882
36461
24159
17751
41262
75662
57824
35348
73786
84497
48029
99159
8092
23772
74066
81688
86173
32949
76248
10397
76368
20853
18243
97088
8340
406
72974
77774
6555
34298
90689
59290
32484
45530
74930
94394
69569
80135
20427
9823
83264
21246
86811
55097
828
71014
29350
36542
97059
48335
78190
97093
95829
44202
75647
66826
58020
93449
25193
26424
64577
36805
21325
63527
88419
83024
73305
24612
10175
73363
35059
64670
14578
5376
93955
93289
31451
7144
49503
514
7591
46961
81679
48420
64887
63574
4291
47316
27309
88126
88810
97053
63654
30868
75408
49887
10600
73415
41328
51720
54169
21875
82510
38
79742
65412
73352
60291
10421
29469
15232
63863
87650
20725
32289
74904
22490
3079
50111
76683
87002
11406
23100
81412
8887
57247
11254
15170
79875
85653
33378
97632
43700
16843
66436
5280
64716
71621
68516
97473
4982
18843
70249
51840
34290
81417
16960
19491
97802
33928
57990
89428
62971
48326
49610
8526
67098
75620
9511
7444
86834
76313
35113
96060
99311
12176
95495
22188
91142
83816
14445
73324
53287
97878
85520
52844
86806
87488
6364
15520
16533
45423
24675
51664
55718
11614
85062
53376
45354
24659
25533
98403
61750
51139
20985
37232
32599
36612
22347
50038
33039
8224
11636
7289
73610
31442
35339
96761
89196
92144
22559
95980
7854
89419
65742
5349
95039
78053
195
73149
17178
26913
74735
28718
35440
20137
78310
59108
40009
70543
80377
75895
73909
45073
82076
72353
44701
70260
98373
89471
27790
40235
31500
66517
52566
51742
54778
53733
95907
90428
81592
19373
99709
2366
41856
89615
12412
24348
96775
17772
57026
41012
45195
83162
10315
80087
17733
74407
44749
59150
29877
73624
87124
70044
5078
10756
30184
31463
66731
80273
91510
11555
85395
4419
24600
40951
1139
15248
70423
78066
90903
91168
31860
73755
36913
94401
57854
66566
32547
49450
28208
71049
7720
63206
88159
3171
41796
54357
40681
63917
9565
58913
29326
50755
13365
29067
84653
42965
1021
48293
66211
76899
80408
8172
44736
62450
66398
95904
66095
63147
83523
13084
52322
92833
52555
34565
43534
47353
61323
2424
26015
96095
30352
2657
45476
37181
50248
96137
64643
49645
16955
58055
51367
38874
29165
84613
34144
21709
72176
8870
83008
60822
36437
13270
65281
95032
48622
99364
24528
80974
95989
12154
82055
99042
47931
57171
53843
45274
47498
88170
76499
40478
38241
17156
46466
91850
99402
63910
9900
11039
61491
44902
1440
47939
27407
21009
54571
2115
8563
2198
90643
28162
91492
86804
22599
41940
48299
6898
2666
72404
45249
96084
91621
88590
44355
97023
62393
93959
13356
10098
11919
56280
62185
38937
85374
38374
58796
33930
65910
64392
56505
80764
3255
98792
36984
8195
22619
66621
30120
5318
17586
89496
57028
16448
92005
93018
47201
91722
26787
43962
74441
18982
28401
47089
7423
34892
55204
44852
64082
28451
76656
63247
24878
8267
959
91009
74953
89168
15125
43951
27084
942
20707
2137
98221
83094
81593
9085
14099
1538
87652
12343
41777
30507
99982
13927
28352
99728
19792
75802
37528
77099
47909
50268
64877
66362
80897
97515
51532
18558
36820
76816
84765
17973
97958
2912
81297
54254
13020
76495
4916
43777
45353
64338
69823
50442
28797
81162
21612
65046
78830
77340
69290
26401
75393
49688
63941
99781
97813
47502
49569
68941
20973
35605
41019
70235
52990
49294
78922
39880
18494
15250
47596
90468
46057
18475
21195
48800
33531
56121
38128
66378
25102
42171
50897
50915
2945
50657
28223
83377
85378
90024
28030
63363
67572
79591
9049
13962
32027
88135
18253
50454
11825
95030
46344
87006
25638
92201
90740
49205
30196
55361
28010
34441
88113
96179
33946
1182
94350
96629
87894
4562
9202
7833
20368
60121
27348
25514
98888
84640
22164
13506
31541
75061
31314
68902
3168
87395
71503
3304
79818
32257
81946
33069
45418
11748
3450
40146
937
33533
86184
66511
85543
13079
76880
68969
40142
13778
10633
91665
92370
27479
26140
35527
79587
79670
97284
97656
86140
68960
63116
75900
59836
48328
18828
45830
94916
574
2713
62636
72156
20807
74058
1628
84183
72093
22089
39284
22452
56563
82749
64642
93364
7095
71743
65818
51247
95793
70500
91451
85573
62051
10845
95417
65002
5597
95182
94747
70918
34282
32790
58964
26027
21556
37987
33138
36442
2542
23572
47265
10490
61449
85258
21304
91163
14089
5903
92717
33741
22370
85787
28265
63295
78063
25431
65869
65306
5366
43898
48302
95340
60187
82983
12983
13319
74539
38578
35087
34962
53994
64957
33231
38147
11263
50597
32115
15585
68163
86767
35281
602
75998
58031
62865
63850
31695
16559
2749
23410
34995
13599
25815
93141
40673
18328
90944
96612
27062
23518
84213
16217
14232
97114
48356
74095
81076
31321
47452
37246
23439
94638
98254
91287
69402
38032
387
93451
96414
61161
35424
96928
92829
18514
85853
13762
81339
9583
42682
19534
15301
33798
83079
63245
37622
46545
58904
77742
83156
99512
50630
63212
85960
80750
74622
14229
56786
57856
47430
47741
25967
57718
92443
61760
3770
64362
34548
17540
4572
94965
65993
6880
90370
29297
23952
57414
67502
22755
76215
44020
25496
46119
55000
33400
97479
56991
37286
83018
41603
59930
18434
85816
19575
13129
81586
21292
39487
96938
4038
12147
85803
67389
54658
39683
43257
96046
62273
78372
67907
89912
86314
79538
30933
73557
44056
20216
69793
38693
42376
92795
9826
93810
31733
3947
45624
42946
74467
55407
51913
5137
87514
62291
68548
51131
37711
67316
927
94842
53835
42641
46778
56367
13961
42392
56664
3581
47358
94216
54619
79653
12852
40058
79338
75875
20752
99296
61226
1093
19360
81014
88341
86695
5074
90224
82306
80881
74074
82821
22403
14007
89758
61275
76364
16386
32276
80968
47208
2126
97021
44756
99109
90229
84280
64814
75033
40801
78450
99549
17920
59085
56552
91769
42811
8744
64666
91596
87232
13703
28397
70686
21328
73845
38879
75510
82536
93674
98872
57638
79821
2946
29620
16557
70717
86675
9464
32519
4801
72331
7894
10577
99719
88688
79392
55792
97273
74321
48141
72079
55579
16823
20755
57691
17792
96615
58976
3558
92089
30251
42563
75993
97015
51566
51960
14946
30895
6581
8162
56587
14836
77021
24467
77031
44831
77923
54654
44518
77539
97600
19757
35046
25274
31205
80133
14844
64296
56248
31316
59736
39259
43014
40850
48641
82528
30002
70267
9435
8756
25212
81080
79433
61969
89343
20842
9177
11695
11962
6980
16418
98455
6850
80102
4108
56772
51647
33652
68528
20553
84756
76436
69619
38673
11781
96764
99007
22333
85193
9145
10489
97730
36631
98007
79747
70847
6686
69149
77555
31157
49085
43726
39225
82032
84039
56509
66123
52310
38092
52212
5627
64201
69784
59941
57088
39382
41038
70520
39939
32909
6679
25447
33953
56929
22983
15138
1491
60685
29144
74928
24475
17460
76409
77281
82341
47989
481
95494
78261
92339
71662
64945
9018
13463
17182
938
62762
84578
31511
4003
68643
41729
7110
79251
292
48279
75934
6789
75431
40450
8727
56449
9234
79946
35023
19410
63050
96575
76375
41621
96874
80586
5257
18797
4839
78956
85058
64607
22046
65403
74237
59960
20105
44876
80423
20345
2131
17504
70566
82028
25466
68170
33699
41509
16014
40253
67331
26898
17923
16885
1959
88632
82779
24798
20204
24678
31600
81668
14813
139
87553
99513
17862
157
74257
4510
24449
50070
29925
90014
66444
79930
14773
29227
39878
85414
93623
24395
32343
88605
70034
17899
56076
38861
80190
51005
87857
51330
91743
71898
28327
78809
92404
63889
23655
41124
28140
71530
79765
91137
97989
61110
67002
98262
51908
22487
82169
75751
38513
59475
65868
74433
2525
10568
42510
98476
33319
8038
24312
73502
36137
589
64562
30820
81242
43211
48230
75248
97281
8442
44878
1546
83004
10534
70941
17637
83080
73473
91279
10924
63207
50576
78810
12848
56492
14975
64662
55017
57267
61816
21494
79546
63682
77684
99377
49082
64742
70343
25171
20276
81360
75294
39833
93425
67087
81527
71181
20073
74247
94540
72906
53703
28049
34097
98021
31920
18632
63610
34755
53926
57116
31346
84679
8118
33608
86370
39770
78823
86150
6692
76345
33197
92978
18553
41209
32796
45345
63329
77086
46692
81432
3245
16753
79586
19347
85128
31366
86497
17159
40122
2249
9140
67896
27113
35959
55884
83653
26622
36223
37124
88716
75062
33922
94960
18592
53375
72630
90160
71599
65347
9265
55534
87860
40205
62385
14260
83498
55067
70909
65783
7071
93828
39161
49148
24676
50148
33686
29868
17048
22785
49761
45565
5423
7922
83580
60919
86936
83351
14624
37462
28546
14028
45479
96536
73637
70497
71807
75069
43341
80783
617
80386
6897
20781
94176
5062
50196
50291
1861
83604
69211
3522
80664
4767
14819
94425
69116
67851
96986
19678
81013
79598
33206
20771
57074
8759
61735
20254
15454
117
53525
73511
58787
80106
66200
35661
34987
38527
26074
25116
57806
8959
16526
40060
30397
9339
6134
56488
86623
19313
45468
94324
91092
27540
93715
24320
43202
3094
85535
20927
13328
86256
97929
95248
70860
4327
92580
39614
46087
57165
35519
21379
48494
29825
6047
10002
45201
43421
27440
11523
30611
98267
29542
12546
88358
70579
77724
99611
27026
6600
98274
93654
63615
809
90193
77274
16154
87234
49410
26729
42040
36520
67404
55709
52594
24064
57238
38716
69052
53940
84705
54727
69949
66501
58071
10051
11569
25275
69742
57118
53595
34378
24706
83285
47081
44528
22366
54985
97072
1605
42619
75252
1935
31669
19637
60572
14303
48796
97386
11003
68004
10032
15007
24813
95198
14459
55634
90056
6549
73343
13245
45510
23407
88206
40382
98432
73578
98834
40083
21537
21742
28257
96744
30562
33623
83827
52841
1314
21447
58665
25264
51804
12433
10337
99262
37669
35716
30929
52229
79666
52896
21183
43372
3242
66581
61825
8966
74621
21145
91399
84134
64640
52285
95049
70261
3719
6012
92336
58377
33170
36947
72074
16227
3007
42122
40583
20847
471
5799
81909
85971
49700
64058
86915
60903
84603
22895
81519
98708
30924
7552
79879
68019
78554
87854
75245
91867
19789
24177
61904
24397
9787
54902
59489
24498
4181
75634
21033
67835
79766
28828
55890
23182
48241
21565
76175
57008
40676
49245
77369
69700
21979
83741
1376
52447
23110
42814
90546
85493
40799
70212
9472
52273
50870
35929
26816
54341
99530
96731
42895
2601
68919
77216
26482
28236
49309
57789
13372
14483
42822
10957
13211
96896
40431
50557
9753
99987
83946
45761
43441
32594
76013
91198
33149
10361
24280
2368
66965
46708
20793
89266
39198
36480
38470
44486
37235
79539
97260
48777
11437
49235
92341
82584
57434
52084
64184
87620
55469
34793
17055
72605
4893
7015
46646
57657
54590
3830
45194
69493
29373
61884
5776
25997
68602
46270
69072
42505
95751
24007
85450
85322
78820
37247
78860
49872
27495
70556
96932
36517
8514
6859
29848
95896
69123
25120
90145
54342
21467
71727
15929
90658
75001
51335
10576
44719
43295
70928
68542
17058
50017
19057
40623
79867
69133
56943
57170
38858
14778
67594
66956
20146
34535
79365
67518
64157
32740
56895
38972
99348
67388
29588
74219
31458
87750
68875
76151
93951
89336
35303
16864
38376
60957
55625
1885
43609
80211
91747
91674
22621
71903
20730
14017
69858
16750
23011
49973
67777
17268
46133
68396
7226
10982
2779
20879
10497
64307
72222
55395
14614
36822
93505
7170
79405
92397
63713
68587
75947
68641
97609
39507
19535
39408
62909
13959
31090
14026
43489
24567
95466
55434
84548
3428
44935
46192
66689
85389
81466
88608
95930
80711
46901
71790
16037
55893
89674
29804
8251
92158
90361
57043
57179
58677
16733
68894
8688
66327
42486
27292
2766
97565
48227
95950
68760
91548
39774
31312
32419
20360
40092
19040
86030
93334
28661
63407
66575
39395
91258
62806
23232
35210
64389
23818
12919
9397
50197
80918
8124
56301
12278
46318
76945
68695
92226
26876
52331
62413
15784
8021
33103
59503
26716
83928
3309
25238
96130
99082
51684
28870
35298
2289
31317
33663
25913
1580
1009
22329
74760
40973
8151
11941
71222
41231
20623
83933
82540
85276
79079
39512
92501
79822
38612
67721
26914
76316
55351
23600
73065
2232
27204
24235
52296
35037
99200
83892
8169
8317
74089
40939
75545
58854
95647
68349
29017
54168
63487
25567
10206
6560
82839
44247
81298
62347
63737
1775
47106
15346
94118
48224
11362
82916
48080
36277
51076
50969
27391
78062
79440
16149
43661
98760
26556
81084
73491
63198
47066
36146
79710
78148
17710
1466
40186
75746
663
24978
93145
87844
12075
23188
29430
59171
11273
10827
70507
83006
92991
61047
84665
14080
31745
64544
4202
28912
91307
28197
95249
69373
18577
52375
76245
5147
86646
54076
68985
58254
39275
91748
25639
70007
32628
57873
18788
79095
52392
88821
32681
18825
72852
67958
51110
15178
60770
13394
14054
43660
3878
53251
40121
6831
5669
71352
22386
40762
7505
64258
38340
86906
1815
15683
68838
72467
38828
52863
32999
26987
58997
21616
47243
90050
26067
97924
7136
96331
70529
55683
56852
52613
98569
29765
33876
91345
7362
71792
28770
51939
96379
86629
19450
17877
32801
23498
17107
13180
64517
76263
56495
98250
33030
24928
66645
85759
41663
59914
12059
95242
69572
81798
41283
23679
88028
41994
35190
69750
33225
83389
14878
27889
78234
94811
4207
73927
73188
77168
25362
88077
48837
10870
83406
6495
25951
17049
25147
48877
19746
37203
39192
53448
40453
55359
6713
5759
71571
17638
81329
77327
13844
99122
15668
58629
71772
6162
51127
1062
73574
67649
78031
34633
50045
36299
78504
83445
48459
55738
66593
3300
98787
76689
47734
76085
85710
96408
70604
33831
93682
12676
29900
50549
70198
72118
54162
12998
20439
203
48636
41354
50297
96750
21034
6129
58073
29046
76835
4668
35559
98868
14250
37713
72011
86564
77784
56178
92460
79415
22264
80675
26386
30531
26504
72520
4708
82614
57124
21204
23336
9888
13010
68767
33441
6630
27959
28283
11468
38980
15316
74114
6993
61461
97514
40924
19274
98800
20763
73000
39978
66674
65011
50747
96230
50884
1390
3239
63237
98412
69760
16077
80416
97172
63472
95949
96959
57740
20341
65635
83592
8443
90735
79750
97936
22027
46299
77492
94920
13553
16463
46176
52147
73939
6027
85365
14948
86095
24772
10299
6397
68318
78938
4431
12583
25972
47082
7116
56992
9763
42084
41998
87760
67935
86439
89372
53889
43153
1516
74975
83125
21275
92412
38841
130
61501
14018
8923
83251
61733
71354
93035
28425
26966
91724
24825
48514
30456
6487
3670
15364
63047
96328
54542
40579
53065
32888
33811
72941
48934
34489
518
19572
61224
41479
11804
87766
608
83560
64909
7265
72865
40082
45933
22693
48600
65722
77264
53568
66039
51008
4396
52680
52567
45046
48006
92283
18663
95657
90541
66500
13134
3797
87875
63651
4191
95
67040
17838
6394
43221
2949
59634
97267
18822
80439
77644
17740
90018
11786
34162
99962
5583
90761
87110
16556
34036
82488
26728
27248
4330
83893
4622
58217
85714
7080
84
24214
42340
13497
86554
15309
36013
22319
25313
37772
62435
57121
90467
24168
67754
63950
9348
59464
49187
87400
28164
8009
69895
16209
49445
77985
122
52087
62580
30823
86073
37467
59137
80521
15088
59847
29200
59276
97399
13379
79975
24575
19454
21602
69300
55046
74328
95866
61804
15018
73239
82335
21913
46185
15782
37910
28135
62605
64469
27611
12636
9908
50720
88911
60138
27764
64951
82493
91490
13629
47583
19106
94075
98304
52385
39202
62068
27474
12150
67080
36702
88309
83118
72606
41064
29575
48679
31443
11753
37558
32212
74686
50832
20141
67916
72185
55173
77335
40008
95927
45391
87679
48182
95796
8452
68370
229
48555
35197
35630
62634
6497
24579
8539
19019
18703
52970
11044
65320
59821
54003
12041
50566
83061
25411
81685
61234
62741
85422
46840
55391
81318
87226
56382
15092
29566
73609
45906
70262
23573
16639
55364
19437
84141
10467
95630
36688
66962
11321
83981
56659
83426
49282
19486
71313
25532
905
41712
89300
73210
87753
6879
45715
35094
57205
40062
93217
99474
41061
64855
97726
55535
67805
53011
4220
72902
99231
6998
89771
81336
36747
65580
23935
30216
85046
71196
2226
25877
17215
13166
89119
22665
40457
36788
60037
10690
28730
59605
91091
87989
70533
61328
83396
33512
1088
9798
51207
10584
13546
76987
20520
66891
43639
98069
40447
41884
19890
40684
67841
49295
17077
52348
17490
77548
1109
29685
76207
30751
45048
21215
46799
8803
8308
33632
59030
15970
17606
56619
93454
81253
2975
81292
93100
84150
27061
58054
22902
16051
43745
77393
83778
69127
76483
632
69296
20388
23670
92997
88319
75686
35232
8690
78337
45087
18664
17676
94763
25719
8739
8554
66584
76336
55686
13685
42467
62638
92550
41601
7516
74156
45298
69587
64750
43043
39170
93312
93155
22318
43722
11686
20038
71501
73412
96059
25722
43030
43624
17291
65671
42271
99349
7281
55848
56833
88432
2306
40191
89786
51942
69207
12981
68823
40760
8447
24821
41048
82797
94720
7765
67368
40196
10987
4015
43412
51665
15141
53092
57690
23528
81425
34712
36283
63176
93516
52069
77337
28708
78104
82119
92877
17883
68835
88779
5599
21522
36667
16328
33327
9642
94437
10650
90417
57847
22455
17906
37291
11244
7389
45573
86152
84877
45238
59638
47490
20622
19735
37329
35079
756
89404
90995
71116
53254
24207
48871
2785
48847
33787
54411
87299
61632
22478
65571
5069
57891
3237
9134
4978
45452
2383
50424
19874
53106
25812
9984
63600
82435
58563
6324
24556
41613
10825
85856
79071
16331
17779
17234
66913
51461
50
46521
26798
87331
23009
31011
23769
58204
91584
61358
71375
11060
54506
16985
45101
54937
28324
87074
69223
69090
11532
38853
63543
19783
27513
68730
84985
23922
35819
3862
45942
90213
81573
50515
77669
95122
18001
36686
5427
92551
32263
12786
59902
70242
80117
64050
80634
67568
43856
73978
49421
47503
98762
49292
39955
97995
49546
15649
86537
13717
61638
97108
35234
44550
5613
50553
61737
19850
77302
93825
79640
34769
80796
48565
42384
6272
13053
2847
63297
67949
36443
86765
74235
68
26118
87924
84898
73495
97992
30536
78113
91353
47103
49927
96636
56984
80311
90071
55166
72964
27945
14193
85491
22631
46018
75129
93410
68117
18746
4104
5685
14032
66414
56338
54231
48992
22848
9262
11372
29022
92438
80164
33156
5827
79576
12574
94495
50758
67529
92030
28964
97886
12333
65127
7542
59544
9954
70967
31688
39775
18108
40125
86984
73940
63201
22461
53155
86994
82627
48529
22369
70377
85840
95668
35982
65308
19391
82857
77871
65316
45649
66235
66407
64321
76305
38217
16449
22943
91189
65710
5436
63442
30747
44195
78713
19464
79509
94015
25405
23764
13109
94906
38810
76822
12700
8650
62821
69195
22527
12418
69265
49825
75958
60546
83985
3041
28209
46457
64401
3189
65898
25039
76309
96698
66321
54270
84917
54410
38275
80178
18400
84215
42926
24507
34012
78976
28883
93110
29349
37888
11294
72872
52548
78538
17378
82928
91873
37512
47065
69728
65682
54425
81077
36624
96442
3807
45108
13458
14181
13588
42201
67507
17239
58565
1951
88373
30157
72302
15919
8037
59147
58747
4474
54238
5837
394
35158
51601
73177
4949
34278
74954
68981
63387
62918
61002
66785
52188
91154
38218
63663
91443
26997
93753
17280
30871
39028
55983
48222
62817
23998
8314
22192
43882
52320
94317
57189
22645
26447
11590
31795
19014
90905
92478
78399
83954
65228
53683
84656
38944
93014
16851
96560
25351
79274
93136
86704
68311
2983
15016
68530
92706
42913
68554
72957
5488
77295
79265
66897
5781
58894
17826
88677
62447
70380
50990
57785
76435
73068
84112
57403
75227
28948
99059
96061
74749
54344
7754
2353
35186
6924
52338
45165
26727
45890
55004
74958
29519
7283
82283
97604
87084
39067
55713
93521
23856
75919
91656
33173
75103
4005
55120
62623
35387
72973
58475
25406
74571
62617
56547
90246
75682
72601
55887
50238
1761
92295
74956
89257
57418
38122
26094
8664
21821
80399
12552
34033
89141
52393
54789
16968
45819
93640
21339
28643
14398
74007
90762
96282
78150
56894
42022
68797
56206
42961
58774
55997
35688
81845
42073
2103
97078
4723
77939
24727
1635
89017
2482
45812
30666
90410
42112
84773
39222
14090
17995
7165
89222
15703
95331
13329
61833
65476
53226
77399
16223
85104
96669
27791
61134
21737
66748
38345
86590
12391
98567
48440
35962
6709
42512
23402
67192
59434
32653
58925
70259
71389
9623
2842
58230
58344
72235
10483
51268
37743
39461
75238
5248
62839
2014
51829
93773
85334
53500
2286
27157
17463
58999
66985
41966
64899
85173
328
37539
43276
173
90471
10443
4663
11850
85768
80124
96921
76614
58036
96131
2590
87972
20020
71588
57095
84431
90911
19883
58302
37482
42537
51935
24753
68852
66678
67790
62937
82158
69926
85695
64797
72573
23703
836
29675
83088
30969
20806
68364
72162
93304
74887
72258
85830
87890
24296
26231
7167
10247
99519
19060
73903
26662
13787
63729
94733
75567
49036
79913
73350
12652
92977
94095
60051
83864
75915
37013
23408
7733
24036
86775
63744
97380
68933
67672
97057
46588
11896
51976
41314
79707
91781
631
46610
57788
20732
51972
95223
83492
16831
6102
23112
48186
53971
31730
81881
65931
81032
95898
25142
13905
38801
20531
75428
27811
76251
27868
5607
84966
30873
40057
6593
22358
94705
48210
36487
84967
54000
51646
47357
13665
21044
35509
36579
60676
76227
13722
5216
39798
74795
71388
15902
59313
29769
75572
64496
42907
75916
18712
57428
77511
6455
90385
77649
45095
41001
77214
13931
86867
63481
47528
56294
67886
83768
96840
50010
77003
30164
66818
57703
6009
91225
23549
90477
48694
23137
17630
51633
80062
49310
78368
83412
88035
45998
89963
34522
96435
3566
56739
75837
14104
97283
73010
98806
26308
12796
32590
86065
74605
83941
10446
48404
10726
22666
23129
65856
70602
3886
36429
37011
22718
25525
58722
72049
48344
41056
62371
30187
65841
40705
53687
36602
11910
43474
15651
30061
21994
46888
2990
99479
16253
6359
95176
64828
989
10578
77792
12938
23859
49379
94191
94958
7233
17569
7482
62620
80344
93620
66488
15303
92335
86179
10173
83319
51081
19359
76355
36861
68392
14275
39874
83208
46567
72440
85913
80904
58210
28588
41807
28254
8926
44517
87092
67609
35981
29987
3997
36764
65582
39428
14785
41391
17338
58536
24492
87845
19145
7699
34833
97324
14059
7743
98522
40108
95826
61137
34374
88832
39516
1669
42870
47277
37265
32923
50855
36235
77576
97031
32247
52271
75883
33315
94286
40593
73538
47153
23032
47304
84512
65109
63086
58669
2750
91488
60350
96384
42534
85019
37719
66085
35694
26632
32075
53511
23298
49340
93134
78225
53520
6742
97096
96485
59074
80112
28293
78628
30283
11511
76594
53337
79428
32294
31584
46164
87085
43469
35000
55992
16120
38228
86986
62876
13469
96789
13671
64679
76876
89711
91111
95373
92132
63673
9572
24196
19658
61744
10820
50338
79373
68769
35177
40599
41723
76178
60264
84153
14988
28013
44470
20008
55042
70156
71892
24860
31932
38074
12851
41914
57900
29090
5882
9678
68968
96603
86538
19870
83715
59834
84807
63405
56415
16835
2721
69644
56161
46069
49084
93359
48437
1568
47651
95367
26550
35830
11489
18099
78386
72413
5124
43732
70193
85620
33735
6471
32998
50658
69202
42254
21471
27138
93790
39566
85393
52382
40420
68700
24729
39830
496
69219
76192
33804
57164
96087
64498
2201
19427
98091
73095
3387
25316
96329
48194
59062
62721
74992
38261
12365
2350
40788
76399
44338
39472
19479
35699
44506
4624
70365
9805
16967
38713
79232
43688
4277
19993
7925
5256
2176
45593
66834
98677
6841
98733
19526
41208
32761
26951
41172
61439
86653
61340
26774
63678
1528
57794
10030
36865
47687
43022
38391
28042
31844
96300
86109
22148
7912
45371
81252
20968
25009
30274
95044
27318
12971
32068
56719
41096
49081
7295
20462
74541
24888
6425
46614
442
48865
98108
31762
52523
16272
33768
78597
8091
62776
59234
22424
63935
39342
27236
70603
98855
35829
24796
70517
35906
99335
16616
56489
79364
32750
41273
70530
72285
99510
79939
15627
56358
19221
98768
88531
29534
2278
82254
58831
8903
76379
21280
24308
13646
49132
78919
26730
61644
65081
48823
35946
88079
87903
37500
33909
55600
11658
46834
54424
68108
80334
72813
76919
76459
27364
85706
70432
12741
40756
49981
79840
27697
13445
18320
56068
42829
30807
25848
5483
91361
1490
80891
42607
50414
50611
55301
83230
29784
52066
98229
89909
19424
77759
11424
18844
59424
65724
6621
70844
82339
73663
50584
32232
72868
48035
59597
82014
30949
94247
29653
12493
13196
76385
87584
71540
1011
31529
31179
41983
93117
64613
51602
91085
50533
53233
45139
64141
29194
76566
70937
29915
6521
41564
44687
71798
3945
43453
1075
8734
33006
79163
52543
61493
55336
54812
46243
11214
67797
3408
3073
68399
86365
15537
12279
4273
90883
29943
79106
52157
7307
44714
95987
47263
43942
50336
30879
73531
22126
60220
48994
78630
93315
99331
46758
72703
38453
31218
60272
14062
13169
8637
72381
14294
73278
2586
27830
3323
83761
70419
8072
9916
12581
63598
62430
38731
26053
62353
44385
3037
70828
27750
46174
86435
63306
94449
37031
91862
56888
79846
21767
94802
60789
23865
82256
3968
46764
11491
15194
87755
70154
30769
74540
67374
26279
98131
78623
39423
20056
39334
50381
45696
5283
55497
55584
15985
17663
6445
7404
94225
25315
19133
73288
7668
2043
96449
26120
16358
3708
4464
40802
28786
13089
25872
9458
39915
70830
97655
47428
42499
19237
77643
64590
5240
61360
36528
97997
20213
68561
43061
7315
64846
8778
83700
35790
97441
63666
87259
38195
23454
95581
97916
33649
84502
99795
16685
62491
53271
78954
30235
53839
99792
55613
6084
35751
81943
12293
81189
45178
40761
78455
39726
87722
82188
23013
5448
391
21206
8247
68977
79806
19052
87018
7888
34308
9045
31785
55791
5088
99044
16908
35785
32678
52360
79447
50814
50460
89101
64419
6663
83270
1442
521
30346
80065
14640
82573
36082
62223
28802
69400
53521
94550
44206
36919
98716
69233
97790
64954
44738
99204
84016
17080
30828
1718
38062
74805
36047
63560
3087
97066
15284
58900
88357
58627
23063
61917
9477
54557
90119
13113
79075
53079
31581
39389
2349
62833
35588
63855
75153
80572
39760
45658
36817
94379
95752
68415
86489
64476
53243
51214
770
91575
33905
39323
51940
88401
33792
41005
19307
27090
562
75404
32985
26537
55417
89991
71715
76093
20808
1142
24060
35454
20065
64615
42010
54884
17896
6508
77526
54421
35055
79685
7305
38353
81942
84761
21723
55057
53295
60934
85490
70127
83353
6674
1185
96881
95141
46103
47415
14980
60983
7971
16814
83224
67294
50801
44566
39895
73049
16169
80321
51798
63609
40312
31927
58957
62592
16543
36705
94524
88265
63551
51093
85012
56534
56678
63748
99052
79625
6933
99314
64883
60016
49514
9327
94616
71868
49606
58472
30627
14601
62172
50468
92729
31563
12054
52921
54752
74151
66325
59628
57845
59449
22241
40964
39162
23393
54258
51880
39569
91704
16332
37489
60036
48582
83101
75423
94335
45889
59474
80147
83196
49740
90792
7285
72380
4409
19222
47084
92093
79168
28297
28266
35380
34592
55684
57727
44692
88219
77386
49816
61742
93200
49924
50785
31315
72231
47847
58560
28222
24840
68354
39573
65705
63409
22743
79912
14399
60365
70442
80845
20095
42954
7199
95733
73580
76717
3741
79843
61495
58373
34120
42226
22780
27243
96452
42424
91915
92198
89966
74902
38099
88201
44833
18341
792
11546
71484
42489
6863
16724
51379
43989
20790
56714
7595
90320
34508
90170
49291
91843
77682
6368
33919
96557
39388
15789
30415
62036
28690
9047
98353
54784
83758
59141
85753
26202
86988
26404
91904
93047
2616
57241
56347
44361
1998
36073
24881
6929
15955
21699
18831
40512
74519
15206
11802
9764
39240
85397
59161
55652
4721
8565
33844
78862
8430
6370
4516
44644
88263
41840
46345
84849
25708
6672
81641
94003
9501
31404
94048
79735
14866
90640
17563
21687
17750
5730
77549
41062
98576
59924
33863
46194
23371
30239
41896
69922
45498
85936
28002
85110
48092
53200
26212
99932
869
34850
91950
61013
66295
77772
4602
46920
53473
65319
65755
21333
71583
8691
88934
98287
42803
83637
95686
55255
70114
28534
85122
67633
29281
4466
54818
57875
88045
9430
90655
55858
48451
94669
96174
46263
66046
60832
26934
15010
71725
20736
50364
68505
7995
76133
39944
39480
70375
3261
4745
28191
84621
28927
56257
55909
69862
9649
53814
98256
64309
51866
50573
48249
59767
31524
54521
53730
59299
17265
46285
58161
77779
13683
53382
25397
54125
53654
23806
39795
63380
20926
97240
66423
54335
79984
40322
30085
61994
80503
87145
54462
24417
95013
89819
39712
7090
83626
43630
6741
31177
48120
33894
59527
79564
53955
93158
63364
62522
61772
99196
72655
49861
78335
65357
20325
24758
15896
71707
41214
83297
94242
96121
66254
7059
95547
27216
94860
79494
41150
45695
12701
98973
79594
29211
39519
13184
63691
71873
76860
45587
26929
22183
92626
64675
81072
9154
30781
68686
59956
74193
58196
87510
40185
61024
9632
86997
96981
25611
66667
98005
8544
8194
70416
98295
73072
91413
80203
23300
52265
62212
54332
62695
14
15619
17062
69959
71601
11250
46933
61684
60193
45647
23875
66721
56129
99371
41433
23095
4676
23203
32577
31970
2038
34049
20748
66942
63144
45723
86530
38710
24889
65291
58645
18906
84146
49188
65330
43638
39369
26087
8817
47903
23437
93723
28339
42666
4710
8566
19435
81238
49030
95728
54417
24227
49578
72283
233
2251
60373
99080
37407
37160
73752
42147
24288
79726
75847
55174
90834
98013
53527
19432
43171
11901
47659
63660
78636
69985
98004
43242
24454
43984
74667
85917
54712
51325
79979
10770
50390
34942
66547
60458
57345
55016
33295
17639
76117
91414
40326
11630
77540
29979
53755
1280
5767
46208
67392
700
4890
76186
3330
29053
24848
82581
37926
18596
33785
5943
7352
91998
62069
5175
83552
72948
42270
72815
89077
16947
69006
3806
40335
55218
55328
92465
81269
32835
79677
37149
56525
92516
81367
17004
45825
66154
48501
64387
64348
43401
73434
54714
91570
96951
57654
38417
14145
57530
36473
51168
71572
43799
4780
89299
17399
48295
23814
31239
56854
24619
585
3406
56915
63565
32336
50901
84947
58325
91616
98620
39326
72983
63488
61311
87021
94979
82342
77277
73793
22883
99120
74720
37136
47444
28181
79039
88843
53649
39036
28519
73467
60960
48727
35621
84571
4380
47851
64805
44479
57389
15168
75930
95870
12099
56005
82463
97582
62382
31518
49555
90460
84291
94930
63437
7039
16623
84926
46506
10470
18059
78911
42076
72015
92710
83073
56817
70364
19866
28803
62109
865
47672
14384
16572
79004
89239
50742
83585
34545
45424
76770
51926
20809
6124
56031
41111
82351
56050
24393
94876
18021
41845
109
52078
59535
11268
2963
76907
47212
63631
93908
2723
29827
6375
84395
75216
62590
54874
16486
10836
27808
95321
58066
66417
31986
7013
71810
15334
7111
61727
5090
13400
31638
84913
71864
38832
98866
27465
42611
28508
85388
32568
51914
10509
85542
22504
45854
55180
35995
69216
70450
28924
8219
11348
39286
25425
15148
11627
90958
7117
76220
11131
47418
94278
65648
51064
42854
44004
69204
36419
26986
25439
84976
12264
84131
19954
75388
91300
22946
1108
90679
96624
38249
99416
52727
52030
55740
17424
12725
44131
52907
943
55604
18458
24707
26713
98885
47274
15730
15553
56528
82890
31173
45580
30768
17629
43610
67578
29856
59919
80389
19927
41176
45814
19469
94492
21661
74497
81468
54187
41235
58198
92826
95499
28705
57327
25294
57358
35423
290
19473
29327
31473
713
30378
99172
62724
36216
57411
84584
42998
48069
60942
78202
27650
96693
77333
52332
38849
17348
29700
59754
45002
87934
41912
45363
75479
16604
31368
43387
16474
61765
94498
86353
84816
48215
66464
75710
51085
84308
16101
79983
63680
45575
20621
20103
12638
62641
5998
24011
50241
2096
39474
87920
49127
25995
42736
60069
41373
68091
72502
57227
42732
87213
31514
55902
67810
94080
72535
99339
82402
98194
88916
58264
37436
600
31681
28345
6290
29528
58011
81858
58184
63511
39749
82318
76244
17228
54828
59049
7680
43111
84669
57715
46989
10035
43903
91920
12511
84441
8397
787
54556
36408
1647
52237
44857
59312
38104
45182
12044
95985
58199
3075
86122
85051
63749
11025
95900
75464
1737
59451
86709
71884
19186
3021
8852
76775
77910
63813
54682
15317
82262
50087
85065
38442
94781
91267
69747
76894
31299
87915
56137
89701
48618
67880
18739
48704
20443
94767
48286
86663
44309
27302
46105
55442
62985
48348
53252
65192
73529
50799
89018
87228
13485
33089
63411
71001
7483
79514
99187
12199
89200
71201
97112
87369
40272
45768
55222
8022
54749
46690
23906
15997
41977
30783
58059
10265
63071
23547
94820
34532
11143
55603
54314
71470
1556
86409
39797
49501
48491
89052
19994
49882
47051
40168
62217
36380
8530
47722
47806
73136
56864
61443
65304
96051
66839
20602
55396
4704
17314
7360
21792
83620
2417
56839
87828
1682
99738
35765
14479
39262
30242
20642
63791
84518
92304
16178
1955
47158
25694
95988
15381
15543
72792
34774
79235
70619
1348
22655
89896
92326
93566
78875
98060
22363
41864
80832
31718
68827
25608
83437
22163
60638
64700
34098
31354
41650
19258
47329
48680
2299
52136
38746
23530
92547
78651
87042
3858
29687
92792
39829
95035
11216
83017
81648
5770
98449
43689
4382
86701
28466
46637
6509
28287
45254
20951
21114
34424
97860
51505
77144
94221
62296
35706
12547
99451
5512
72256
97167
19624
51473
95289
59840
57840
10503
36532
5894
58752
72859
89818
50337
45111
77853
899
24119
85315
73287
71659
92270
89287
8127
10106
2633
78200
46226
88685
82228
44843
17368
12320
65246
12371
55452
43366
44228
46744
62755
74973
76404
13750
44107
79794
62662
14029
34104
25246
26109
27965
89264
6834
10909
80543
98458
17304
23842
69397
58628
66152
6809
85373
14939
39828
42574
29909
91347
26484
23382
52529
69364
97242
6385
525
37119
77863
30931
56872
10015
95278
24694
55940
94554
35185
42157
7417
21093
53734
33636
84918
66333
25146
67704
43724
4544
91178
55071
15535
66941
25027
88868
25028
39238
34515
4119
21727
64654
75344
21780
39719
981
41917
10064
39025
17885
69645
556
58172
62949
93936
16472
19640
97914
18733
6563
21267
67042
94032
60654
93681
10080
87988
84331
75353
12485
98051
99626
36317
63370
85999
76299
86730
80820
50230
42971
26630
23036
87593
70202
39564
26749
58438
93728
56676
42758
91521
99832
26080
73471
62158
97180
97976
98584
23627
35562
49487
47974
31979
31430
67172
59575
95883
23729
3057
17866
56724
69467
12578
41795
6349
32244
70322
68227
32611
63224
60855
47155
1890
63995
98401
1678
37083
15031
50042
39003
45118
98766
59940
54446
93702
51573
15228
36447
62681
65551
49751
41891
22390
49345
41137
86838
36742
49667
40479
67317
41579
62294
30305
87378
99336
5503
30921
84905
48522
28218
723
83810
9025
92759
54468
45992
50216
88870
65244
7004
7930
34439
45818
8921
49708
44436
84619
30831
44290
25954
76881
70688
89431
8011
40303
37001
21757
25234
44291
88952
10898
84778
83122
51999
12479
3360
79954
64316
77977
64756
97635
90446
88015
72479
27570
13432
20839
11420
16440
58653
1722
32202
64982
40968
19053
9094
42751
2323
52074
11611
85837
93056
63823
53096
62458
24443
61073
40290
16489
60020
10429
20904
27020
46355
92098
49625
69816
32908
64833
2917
35581
81243
49622
63061
90811
49320
6606
51279
20516
9895
24649
53645
25311
22281
11387
59917
77589
870
217
7414
11557
14899
21615
9905
19955
55472
85149
22908
22102
17872
90888
22423
21760
45731
76972
44606
19075
59699
16745
49581
61350
48711
78191
77510
71563
84706
27874
67473
314
41188
19398
51929
28273
1823
53387
80257
87152
26342
58606
28167
14417
64693
68379
49231
74918
18381
31025
87204
5833
29321
37275
59038
11553
63132
28901
83393
75811
61580
56582
87061
62948
47342
35754
19662
70840
67657
32851
7950
6475
6705
67515
53306
37579
51820
53608
60958
21768
6087
52521
73129
95426
28658
51267
13996
33343
93381
82709
3796
77645
97630
76453
86592
57446
60542
37614
6345
10494
63477
25015
50691
66202
79960
18482
96668
50063
94054
92769
32623
56774
52429
43007
87552
11196
7450
56598
353
74527
21264
8141
62738
88054
90178
210
76708
99554
59868
88390
58552
4420
11758
93130
21695
18324
59706
13974
54023
90526
37830
46330
68922
60420
66966
16031
96399
39735
50415
42606
58399
84586
1732
61835
5260
56981
17199
37533
20208
55152
71624
20892
18119
21489
59848
33342
67514
6871
23953
69153
99527
45141
46117
43905
21517
13757
73438
71666
89038
62245
78523
97276
34796
33856
53465
28340
74386
29370
28342
26349
14495
70581
75533
10318
84921
55609
16542
78396
97953
90691
34739
32392
36647
24941
67825
93485
89255
49130
24147
31076
19679
83891
53145
13669
61357
27183
70115
46261
72810
93867
97136
91064
87672
88893
78715
80242
54497
49715
67571
28487
60050
67819
34749
72989
18944
64125
45685
10508
62656
4175
39121
50651
97115
18303
18379
65196
88828
1610
63057
51000
5909
9549
445
28856
32259
10592
88003
23907
54825
19540
15687
3550
99588
20538
22306
38131
54041
66649
12328
85519
5484
83360
56605
2190
39743
27528
51869
6756
97504
86799
41236
58234
84869
68564
71703
85417
20917
55244
31450
68832
49974
88610
34634
6034
60740
87080
1590
64255
16536
85247
35497
89382
91129
47426
99251
36199
88331
64932
36524
23341
39701
39763
20903
22439
42277
56156
37864
41481
80400
36938
61931
64734
35697
85275
98775
35131
49670
23445
79921
85952
12392
263
22551
4841
87028
24472
39590
74646
55206
80473
50996
72692
20241
9306
91134
53015
36538
34783
91254
411
92119
2191
81295
14943
24746
5934
1986
19699
73600
88078
31658
14824
58119
70855
71385
76359
15331
11982
94846
81963
93532
98380
60698
17172
96156
51163
36557
57220
71291
1753
24810
54279
50727
58231
16376
10635
94880
30470
74478
69573
16257
45176
78711
86009
83712
79570
326
86342
56848
84214
41296
50178
22073
15455
65736
40763
18807
83679
86490
85770
94387
21381
26668
83764
63518
76713
36502
50278
2213
58772
21952
34381
59724
43889
75927
15747
51028
7340
59596
70631
55494
40112
68271
17542
29467
67567
60463
29006
50904
50439
56596
81257
26273
99886
32768
11409
96782
17605
70396
41119
27172
95553
69042
49243
38743
18515
1086
40507
36407
18758
18141
29383
77133
44449
47535
74577
99216
29429
45883
3793
34728
39597
12307
48791
94156
37787
55251
39651
29600
64990
45979
50387
35268
53142
80443
32090
79694
33959
54073
37442
41676
13267
83506
75913
18887
98072
64874
16041
3608
23562
76977
58167
21201
16865
90394
76912
80202
59852
41568
63586
50169
13998
95599
55744
13283
31925
40143
79471
24565
50864
11031
30849
91021
5586
28789
12380
61951
74725
36916
98227
41832
51803
5359
14631
10930
78467
36796
78059
6412
64697
49595
53899
60392
30376
34527
27555
7864
50183
28516
94149
50503
1720
57971
75911
69773
76948
21450
30443
67353
49136
65822
99655
2947
90710
34068
31137
44551
75820
41468
1869
54067
86956
52264
87162
22323
52422
51767
25757
49757
18092
5020
27903
84480
16802
4911
40491
99995
90588
65073
31208
95735
35766
70647
32855
7386
81109
95209
88976
45406
53749
19162
20717
56090
99341
31187
59282
83630
43515
10803
86929
74278
36692
23787
51075
60395
74888
76586
20744
61183
38535
45453
52986
83161
50856
47275
99720
89009
78303
12518
94009
72706
90148
4357
16783
38396
58534
84192
88046
17811
51120
19419
31908
81860
89567
14480
35374
14502
6528
38558
88365
3689
59958
75329
89675
82806
3788
18563
43312
44732
1467
12810
4095
70962
35871
29264
22843
50035
28371
89306
3801
83222
77818
68774
29322
14273
56702
70986
9793
38807
67530
38615
63848
95938
51611
56616
36823
51083
91424
69925
96729
62076
31180
83789
79435
53862
66306
62516
86377
30074
4962
16647
20091
43826
90506
39253
5641
10984
56542
97002
77638
8326
94104
83303
11222
48373
82735
40827
56028
27346
92092
10828
49247
11886
6785
33584
22273
14574
90383
56781
77701
3742
34350
21350
19284
65623
21468
59180
65651
61710
83124
37367
61577
15928
3669
76843
96117
15149
67902
69309
49748
86394
91213
5395
93324
4543
8218
52911
54069
70935
30173
42354
13978
6671
73007
7488
9152
27962
26901
21016
893
87125
28665
33012
67304
40087
86061
30573
43452
48350
41491
15982
60114
88675
42015
58115
56166
35229
5432
67254
88601
42511
63894
71799
44887
64161
98044
62651
39924
5596
73654
42924
28288
88640
82297
47393
61180
93028
8322
20152
13388
65030
52377
28315
76771
34649
79679
18528
43766
70045
16680
31462
25659
30741
2819
57405
34048
44524
6336
9848
9282
52129
58127
73123
7007
43588
77263
73208
17890
8053
94334
45834
40243
5245
26046
3329
54553
21753
86265
11291
8152
18794
82368
41754
22136
29382
67944
29563
4880
20509
68360
16300
82446
62750
66590
60777
5218
45281
76095
37179
21428
63005
36720
18744
32391
43253
84494
47226
57864
11749
9746
31691
92740
61755
16834
80494
27076
80694
5510
2086
88227
48821
66010
39174
96689
22855
34696
78724
7870
9799
92279
65741
31412
18968
43218
87891
92220
34409
47546
5889
63200
67167
12081
32844
801
56792
25572
79328
30004
77605
62572
51934
96809
85525
92570
39539
99229
39356
90705
52380
13140
83416
15162
60664
12936
45936
51366
68579
79869
85689
87140
97709
50270
30194
33594
10268
22661
41121
73887
27535
39781
60
80999
96335
97113
18507
69209
85674
60301
75487
41264
26331
56462
53482
90482
99144
32438
86950
22984
26434
87859
57212
62397
84378
71587
46293
29381
15566
52561
44508
38720
78472
45511
90333
4342
69164
57398
51933
21540
74063
40190
27538
14951
4026
21031
89243
33124
470
55409
92781
44018
1296
96352
2334
5439
1470
59198
57296
61689
96510
6614
36181
7986
74037
57085
53410
94215
9427
43832
1331
6969
94870
99351
10100
64594
96385
86328
49839
44015
97395
3000
53470
37233
61915
89520
1742
48110
48640
77350
19332
24814
33106
91088
32139
30937
310
82729
62835
32810
32317
27272
18208
79479
57597
17371
54584
74134
82385
1902
12802
58736
29115
34432
45221
28495
33704
95087
63996
4718
39333
14267
57018
74337
98693
74340
46707
62565
71212
23899
47020
15213
65208
33282
56168
16157
6930
79292
61639
78471
94353
60831
83154
3455
76699
42202
10058
24789
17675
5858
58003
91493
61186
62318
39632
56314
77497
37901
88189
54663
45653
11476
16406
50223
18029
43765
49770
70112
75886
95410
31901
71828
34418
81603
99290
95322
94415
8145
30568
64153
41021
60841
35239
529
13457
90602
95613
53898
50746
57386
97216
27011
48875
49441
39058
12077
37010
75719
39642
34451
23635
68436
97459
62232
74951
88959
10388
56322
31501
18349
52191
96848
55381
71133
59335
84449
65389
14328
88134
67759
78730
24203
59650
56036
60626
42815
4787
29463
76760
60328
22823
20356
46053
95784
48370
46859
25207
408
10541
58649
59403
53365
56728
70539
4460
84118
28990
14579
35236
3176
17025
68515
46619
9298
82795
93970
87417
93500
88075
61533
72726
77880
59019
19508
23597
82273
94719
62575
48387
87984
17724
41408
62644
58255
28945
67527
24484
68329
91593
65234
67018
2129
45971
177
58076
5795
94473
94741
85996
68693
32081
35278
70060
32131
32327
29946
98711
36397
48995
70136
61625
97763
72554
72187
87977
80370
9604
50425
95849
77323
41597
9776
90750
17942
8920
56813
73902
93552
22397
85021
46256
37306
15382
89695
11762
83461
9750
39801
61692
71692
2874
46905
63221
86186
34354
17120
66385
4159
34293
68366
81606
34274
51699
57062
69948
72164
45774
86063
44781
26280
71558
15488
8723
60165
91717
82037
26804
85884
9891
43058
72899
71205
42993
26692
40282
84326
41955
51128
43748
57722
8671
47890
5370
58085
58164
56369
97061
28585
32425
37887
46233
2085
57309
1752
65300
4390
70576
67631
25014
5362
36925
62912
6736
58531
38580
37582
49884
90207
80943
97237
35974
81058
21928
97568
56010
44519
80241
97366
47100
10548
77908
62882
29193
94823
86617
38156
33462
49921
5638
3520
88325
29632
57686
10314
49998
81054
86345
73528
7334
45683
11364
76909
69966
6788
19094
60303
5965
70315
91468
23645
49656
17101
96122
12084
62789
29134
87469
4753
86665
80790
92798
59302
20399
8924
82841
961
14926
58259
13345
22175
53027
64791
71424
82647
47581
75275
79069
60466
34639
82442
17186
9394
8385
51879
44173
44033
71741
44769
65082
81366
67007
40211
39900
5632
3567
24058
26985
71162
75291
65416
70092
82323
28896
69830
69880
96363
77600
98893
89816
76440
37408
86321
62244
42094
71266
65402
93059
64739
86721
84546
24122
34315
93537
37130
22463
68066
35994
60405
72778
63056
98122
14854
9361
77532
92194
14077
37749
9956
26900
15420
93142
73678
55511
88478
37858
58040
77895
35240
11469
48417
52419
93499
39117
17455
78959
97309
90064
20866
72170
95677
33180
96296
97932
95107
55558
46717
1073
84763
39358
56465
96177
91682
98585
56844
72136
89444
4090
85251
35172
61799
48347
31107
69258
54030
15392
21120
53699
29130
2968
11051
15192
28650
72171
25559
58272
17583
38722
46412
57465
74625
13382
32759
55850
91141
63658
98905
38760
3995
25485
38233
53128
22003
28904
60877
67664
62292
44028
74035
99897
91297
2254
28450
73645
58360
89491
5045
88353
59978
31087
15021
52181
85877
92234
9381
91367
45325
36107
85508
25560
11583
62112
29665
52982
94757
71547
21883
79042
50073
94948
40635
79212
90375
77137
11794
94485
49460
15157
93109
33189
89998
12229
7045
98426
8027
9091
1882
67875
27844
78835
81565
49384
58150
32450
90676
84311
30252
34659
73073
92607
95835
55369
66140
88258
59450
64702
2824
45016
82607
91010
78488
5294
97144
66996
98201
31870
45562
53318
46949
57750
41794
50128
97692
11738
6633
72937
2539
90372
60703
60592
90983
12975
70786
77085
73565
98090
24984
8333
23820
19823
56030
4194
46948
83500
15630
2782
24175
42432
40351
73446
78197
77936
56814
95957
70657
36670
63641
24640
57416
25344
80483
87476
90218
72632
1776
24936
37067
98359
7835
93596
18042
99839
64198
72511
73166
10018
93991
22257
38730
27644
91133
94981
689
22140
38984
12621
44485
48176
23308
88641
9567
54896
17708
56759
6738
71008
42896
20769
73279
1128
313
46971
85250
236
25458
19613
66553
23749
27371
73834
33761
21478
67431
54486
37863
33341
34534
50065
36672
63787
77379
22066
98860
71088
88058
97482
32819
59082
84662
42894
33725
85598
81939
30121
24315
26200
17047
4646
13162
54560
38110
49777
6533
49599
12109
9355
47046
47457
93111
84958
11230
2393
87938
29851
34116
59560
89622
50570
12284
90138
55393
27506
37343
89453
3623
64218
42105
2803
89999
71104
62810
39670
54050
44501
20661
52143
6098
93707
69371
47130
57444
47167
25862
87775
86068
2398
68926
31717
77678
81576
47495
25403
82163
94203
3909
52597
11392
42781
32302
7779
32924
68625
41339
3353
70512
2197
73653
34693
76729
28679
44665
29829
5877
40566
33077
86861
37927
69918
27094
85284
77618
96196
60988
86728
9519
81079
65601
44080
91346
70006
66973
87617
83563
42735
93475
11551
43840
23380
67284
33259
91778
35390
2202
62746
72483
35660
49253
64217
14591
84703
70852
43665
56899
91980
67814
8533
46615
8057
95218
34558
15947
68393
65578
87401
32265
86925
11947
32918
5768
97387
47576
28993
30313
127
14472
94587
79925
34023
74364
18770
59950
88811
21392
13209
12881
75726
54244
92678
89969
17828
93426
47448
28889
747
59254
93104
56407
66112
80093
41752
25110
7236
68727
53393
69193
96544
99112
25650
7063
49455
31855
49366
89147
31637
94778
51615
31882
1362
60077
23934
29192
19472
99375
78621
36786
89152
70471
33358
81155
55387
69348
26530
70458
61520
40227
10590
77704
34397
39292
25676
29728
21788
5426
85878
23400
46693
28390
9493
18586
21885
31418
55429
53891
25107
92744
61162
45197
45395
79834
98338
85623
39694
31178
40268
2898
74442
66397
55207
95503
86478
84102
42561
18423
18961
16596
41938
58923
3233
59880
98642
81059
24993
26735
70080
10140
38525
69187
13512
9647
6777
66070
20768
88000
8261
52682
38007
34562
41629
92741
18539
6342
95590
51072
17404
40441
79438
63286
37335
4987
29697
17603
42213
83508
92721
57906
21649
85286
39935
4803
84977
17684
32193
37392
88745
63504
60207
8386
87007
37775
16295
21869
9928
25303
96056
79599
87241
88825
69035
76320
62946
68184
59639
68419
45907
21042
88026
94756
21029
3548
67016
25595
26368
41737
36830
97610
66801
74696
84837
85869
46338
43093
96519
22252
59659
89114
81859
55516
13752
40536
89039
409
3516
62311
19554
46068
77962
15901
94577
96719
94178
32536
7138
23044
49597
87242
70098
76408
96747
69139
34506
44697
46494
69166
61787
20392
53963
16185
38642
92878
35192
57162
23449
39934
58250
28607
58727
87494
26720
78792
45629
71142
52945
70321
84375
19984
47770
99624
73975
88111
79194
75042
63211
67714
98467
87530
15122
15385
23956
79437
90384
94975
97870
6452
55523
74182
66503
77122
48728
35333
2654
12896
45728
21793
96143
26590
84798
3490
57512
48904
25321
72604
40887
45665
67564
75691
43970
26414
74000
615
5786
49696
39398
11394
39547
19738
74743
5138
35600
71513
76751
73496
38532
488
97954
94927
14909
20810
22061
17271
56440
73106
42154
96342
84358
38983
10398
37112
31386
71734
17337
43771
81865
67051
79667
61535
32564
6286
33737
79633
61179
17084
35817
50434
71632
46054
25030
54253
37321
45324
9691
75953
14474
76801
62159
76620
12979
6402
78291
52254
62355
72587
66391
21541
83441
90785
80434
54080
37103
66848
84059
59858
64303
41681
11218
46621
98341
44677
21060
78600
92125
43879
36334
66061
37014
58778
76496
73737
28092
78769
67479
19224
38210
60378
19181
33613
18657
86580
12929
89395
88043
62312
102
30608
1419
14960
46904
8974
11958
69702
27316
52605
71154
55167
6784
33296
90412
4627
21660
14162
55371
35107
69114
76487
23140
65824
60686
58654
7507
26540
43897
51030
28400
80954
6330
55453
74413
25450
82593
58966
62470
84700
86498
32758
33534
50541
96828
86505
92403
46609
28474
90479
22861
56522
76437
56611
46710
62917
43545
95994
19673
86209
78849
67283
48561
63008
7370
70538
38219
65550
66816
38592
39411
2194
34731
18541
71443
19931
24742
44994
8138
520
52685
38648
62588
1143
11714
22427
15638
32039
47247
28171
68578
16570
32911
94599
96124
6973
20577
87429
18406
95455
95887
78166
31558
56018
6348
2371
69322
31365
40415
61612
3681
98672
10078
33945
47501
92345
1050
27651
6829
38588
8297
1202
58623
6906
30033
81951
14121
6326
69856
86354
83410
36142
46686
57103
61549
80136
61165
31006
52696
49764
3348
72280
50763
76253
73001
98233
38158
90374
51528
95413
43040
2921
39295
5391
14956
25831
12119
59262
34417
89629
75586
78199
6035
63136
79473
88217
53055
38658
56682
11492
98668
51436
36911
49495
34955
51980
99525
26266
75716
54617
73564
35193
43121
61092
88122
94035
37935
28039
33936
33093
64098
19423
19951
79638
30756
27832
74752
34898
65047
51423
77925
85160
51537
48104
10846
65608
61061
55002
47613
23943
53013
61530
91055
11579
64408
24532
15738
8051
19088
43804
73953
17687
90133
45560
15265
98687
76173
79485
79487
96722
63208
24851
32767
47614
12189
34675
15374
16815
59162
63075
22115
71750
3533
29275
72950
11643
19096
77634
86491
44172
96088
20858
76249
81402
47443
75654
98312
50376
10562
51363
77768
95707
34648
94245
71056
61121
25977
86737
65714
89712
83002
94993
12270
12428
76281
79226
79103
80051
42337
97909
75794
64974
51119
91605
76944
88036
80535
54510
20230
32413
94937
23211
44113
36699
89871
38042
71861
18474
59350
48162
20090
22122
66266
75483
2916
47375
85233
86812
43339
73291
85844
11687
56020
60014
38346
43038
47032
48889
92687
62253
97005
90432
16640
36106
46981
61463
64367
591
11411
28605
71856
24991
15104
46255
90454
67615
43210
82774
2149
8205
10436
89413
38925
56691
30459
55804
21783
18047
12375
68483
41686
81273
12965
32894
99384
51585
43993
91135
82765
23898
823
6043
31515
8596
31770
68069
70769
56579
54111
30564
92332
29169
76666
90012
86523
87315
43946
52002
53852
61246
49448
98831
58928
98982
67427
71990
19509
33550
11248
86046
37659
67233
58402
82026
98943
90312
36266
58599
93784
11720
59285
50700
56026
21065
3132
30275
70274
60953
47853
40591
68152
10903
84019
27904
95445
23837
79607
4013
88343
67257
46388
50920
67942
81583
49362
80644
97718
53944
44968
80007
17086
71825
6131
57276
96173
65108
85115
37398
12532
75785
42775
53091
74606
64078
4533
14678
61022
6376
79115
16349
52718
96427
64592
26536
44585
10769
84120
18401
94542
60774
96074
33273
41276
98659
26132
14308
12733
16395
11724
52403
20506
95174
15355
42644
50825
61119
13047
40904
98755
70748
77435
3559
50769
99383
92514
36718
62589
49008
29818
25042
66144
5871
32101
62364
33488
82517
28574
15366
62507
7583
58682
77359
93649
44977
21666
81320
47339
601
29389
51598
20784
45309
35373
39393
60634
85168
97792
99403
42355
34631
41204
79010
64470
77814
57914
79085
49742
45920
9065
78745
23832
28522
26462
318
5956
3896
67197
41671
98346
89962
73510
93787
72447
51297
12411
88727
34919
50879
59629
45425
92543
95290
97024
55772
59341
29364
5022
73635
87485
50122
81119
91167
37516
24718
72503
50149
78900
30860
28851
11186
26718
50816
81204
88958
82269
53600
73682
88491
31555
25822
48250
4241
20759
65374
9260
92114
71158
93254
56803
96283
74192
84189
49652
43249
28616
88749
92468
36059
91848
10731
7982
18872
21733
17592
33799
86425
8665
42043
23891
44534
49607
60421
85144
75450
61807
84422
73368
97498
95101
50403
17983
73310
45245
93981
24802
89630
81115
62778
41689
32410
81666
24015
76131
21012
86801
34438
41661
7954
61450
93958
51177
88247
63482
18348
81304
44966
9616
75185
73868
99475
89290
11567
92871
78429
44415
46556
2135
79011
10308
70663
68264
31182
19049
18857
67783
33408
30047
82229
3654
63704
76080
41129
45122
6695
38273
90174
36151
32771
56186
2280
22012
9911
70252
75024
11519
49966
41680
69889
74324
98133
3362
66431
67650
40381
83776
37325
59878
86689
48022
42408
67652
34082
89920
36836
97228
14702
81727
37627
59106
88395
19176
49719
94470
63096
81778
17643
62410
23111
10855
45467
65763
509
66931
77624
6358
15436
35679
83185
4174
35674
57867
87151
55433
88912
37530
2574
51542
39995
92583
9675
68083
15517
17489
86591
60147
55145
86202
20227
61243
72239
28764
23717
84868
79371
43711
25821
60117
66019
31846
41862
57921
82030
42565
76541
36595
42351
85237
66315
67321
95280
5794
12300
62460
58529
77860
63031
74674
32252
68732
36496
84781
53661
24720
94293
37636
71005
71689
44259
21625
58236
32645
19078
16073
12129
45399
2219
11151
36431
8042
74325
41517
68692
55836
1066
6558
95755
76792
43709
69096
1119
15413
59281
46153
27928
86611
62333
9982
61337
20463
6694
6870
37774
89377
44483
31676
16529
78489
68103
37175
161
1061
26395
87605
94226
7428
76941
62699
91779
86507
95612
24927
75228
605
5269
21018
69366
55116
27220
99128
52517
42769
68388
58440
65514
68552
56518
77504
43862
7134
48690
24160
20971
74473
38178
51785
17496
62503
85704
90674
50878
14123
71674
4238
220
81540
63675
64150
96462
99359
32338
43209
38059
58667
80660
8249
34166
86969
16128
88980
94750
69055
11215
92809
74351
70929
43222
83444
14957
32972
67142
66981
29372
73591
15383
72148
31661
48663
32253
35675
27953
82227
97262
36349
40708
93888
91366
84710
6013
37273
52105
16582
36833
88154
77176
72326
75074
96403
48033
57932
4889
18527
65183
62391
64729
80107
8498
17191
91760
38120
59683
36113
83904
18963
34088
34323
815
22276
14620
48345
21853
98248
27796
55215
87959
94280
91672
32925
26314
73723
51451
96029
71515
53529
44024
31564
35160
74747
53462
92189
83557
65846
57695
67085
68450
40183
88093
40697
46348
81610
27117
82153
76963
7231
48160
68398
38740
29719
82629
48298
42306
19339
45323
8200
7472
92143
42921
21458
60419
17977
60129
184
72568
71348
69785
60055
55696
62739
23596
6055
58222
99524
43231
87462
23616
66127
46951
5620
89385
24331
58829
96831
44906
3901
81998
43244
94830
46861
60663
82953
61402
43049
90527
69836
74093
68684
75376
26944
44482
75577
94016
16774
6564
4064
80940
17564
7272
8738
22169
10473
2079
22955
74878
86550
69025
4116
88874
51961
82905
24613
39949
45441
89702
21084
88484
73429
98187
80852
35514
96597
82770
57757
35426
75826
85431
17041
88630
13261
49456
94783
10732
84799
75427
74271
83595
6247
54033
34560
62514
83534
42331
65491
17038
95435
46375
21862
95702
91176
78698
73397
17122
85987
80433
83914
49672
57714
18628
33903
81533
27077
97544
38331
2849
56788
80806
28507
74924
28318
64678
74989
98700
93430
55930
19129
28974
80562
28408
88095
23714
34960
55068
22189
16292
87141
62579
29482
18724
72960
42063
75693
1563
49018
74138
62081
16510
88420
49382
81245
4727
13495
77672
14427
77734
17416
74022
97501
78130
80979
83350
48880
28343
68376
97522
30118
5039
23605
60579
55445
3810
39385
81354
56143
49860
50697
97346
40983
97008
85511
57563
8137
72172
29183
26645
53893
9208
67831
82172
31381
45860
31131
58740
91738
99612
99700
36459
25161
48752
73306
19330
97275
78051
62030
8041
44970
20668
90722
80615
8692
35282
86078
15347
84643
9487
8699
30189
23074
73492
23974
68988
43744
81741
46129
15214
41748
50847
8659
93664
94397
92660
88679
33280
36853
27355
36541
24131
20436
75566
28219
53499
72542
64226
77558
59745
1517
84119
9901
37370
85153
81890
60215
39729
48629
13556
87991
39457
70896
74549
87519
3461
73687
1282
77931
86627
70475
74511
94961
19686
49347
79076
86810
68580
95864
87895
69568
11632
52805
98225
69597
78046
41546
29154
25473
84098
11227
96220
26775
89074
52020
80193
70408
54587
94282
15811
98112
90503
78389
13863
56947
77215
40751
20718
92147
18280
24142
66032
57298
87254
65859
39504
13941
86048
65143
29045
25003
29344
46267
15003
13541
33929
77421
41125
78794
73042
37704
41146
89288
10394
49391
28884
42099
18530
46365
62090
40128
98107
1553
63723
28652
47943
27251
74929
80815
51669
92320
15254
6037
5522
43547
95128
82678
55610
27577
11369
72128
13995
66988
88426
25903
18105
71757
98845
56690
98811
91854
64585
59702
26234
38332
8527
34950
8074
92249
79955
29595
32466
99777
16279
65692
10961
15588
86539
57791
34013
82568
23511
30754
70167
77383
74668
77712
7647
9030
86134
6399
3123
3475
86904
29635
74515
16180
56184
54734
50072
90719
95355
70016
56336
89927
92406
65546
19038
47867
42406
94629
54028
74187
78755
72298
94025
91202
54511
75092
63331
16273
59103
34662
65326
32364
90117
67779
19784
46720
25038
30515
97444
79443
71639
79104
19337
49435
41285
89647
11965
85486
65446
22285
77406
93577
5726
4536
64614
69262
18275
3380
32839
37752
78564
53960
29276
76530
91725
96548
95303
40484
18359
22446
55217
85538
76457
31897
65332
99488
62757
16495
826
70069
70723
33687
48072
69944
55951
32160
1604
90255
19367
82080
44757
53446
38004
46941
97139
92813
33311
89904
2868
91559
77670
13087
45214
93987
93680
52219
54891
23385
40086
59169
27255
84871
70756
93658
49142
99766
80958
16428
24886
50482
33340
52993
67407
99520
62801
57506
31937
39523
7243
26821
42293
68328
96330
9100
51350
13522
46461
35116
77432
37768
86002
56032
15002
83001
50779
50335
68320
64659
94875
75864
59839
74353
43458
63960
58106
42698
21208
53497
81928
12344
1852
71164
71418
77502
11591
80252
18495
52450
13661
3028
44580
52913
99542
53434
99026
59871
46277
27884
30810
82302
8716
74342
17176
18951
27191
884
87525
2056
9491
86168
8683
25095
52025
42875
10201
9399
50157
60080
44821
86158
27399
3090
80004
80435
61879
95650
85774
50463
25370
34730
11696
10303
51763
20442
94152
1974
11157
25368
25515
73183
96701
41501
54292
11084
95690
42316
76463
53975
88120
21515
60233
99960
6754
1315
69349
19999
21798
41126
44889
86271
73304
62368
69169
33732
28648
14413
36585
51677
61828
50960
36125
58824
47091
34109
41301
16956
14758
52124
81919
37904
14180
76633
45277
68909
28160
65269
43864
64740
26403
38041
20851
4247
6518
77426
98960
39669
88397
742
1832
24056
52463
87361
78364
35583
51559
9174
21424
58079
75183
3268
46428
95730
46661
11898
56590
29384
31971
78936
23538
92848
52189
44357
8406
10900
29056
63261
36690
84142
36403
89844
26178
26699
27312
88306
22546
82724
39534
87761
98712
29023
84663
14803
73341
7008
16022
95276
2109
87097
1169
65907
30832
46562
78182
95839
40412
60567
73968
35788
69530
40857
85789
60013
69538
16642
59381
96850
37288
1082
82140
43072
39716
67537
85791
87410
72808
65494
7958
55157
34607
12393
92950
18502
88176
60956
72333
43863
56227
19557
24524
85725
30977
2888
49986
25412
7684
14236
41555
43894
76079
99374
96337
75068
69284
75671
63420
77022
707
41860
23637
23486
92896
46223
79320
75109
54808
84715
1908
3115
686
1821
36946
30039
50119
90085
19594
87951
56001
33480
31944
51620
86300
30978
56750
43403
31516
89869
25790
36282
37974
93705
70502
22492
41413
20096
51197
26227
24963
23970
96847
26888
15871
58192
84143
9224
90105
79942
15626
82900
54172
41077
63672
76045
39141
13266
80209
63382
51814
93823
66555
77764
79932
61220
84053
21391
93005
98514
94777
37434
59539
33141
12271
79813
46262
87815
61101
68310
61718
39416
99850
24230
91235
42947
74809
68445
78818
89527
79715
62779
89690
91613
76937
66764
85246
75832
73955
1234
40298
4459
70770
10613
68232
57728
12421
62140
8164
30411
67170
79733
55471
47647
76382
74001
39476
66702
82272
24577
64071
12715
30424
46472
88434
75333
83687
74103
48503
6658
95661
44597
21678
69535
44657
54443
62017
19031
97566
30679
69501
50942
22050
36115
60756
2730
82093
4225
94412
15034
78731
24719
76931
97187
26052
50555
93385
12123
61353
83694
75872
70774
91256
42812
82947
52280
68007
72577
69073
90249
58133
67115
29476
13934
50355
14764
44008
54623
79070
6861
46911
90934
24891
18892
33344
30683
73530
25204
21088
14338
58311
13791
22139
72970
1653
71486
19056
76975
23101
81772
40308
8139
53109
35389
65505
24462
81706
11407
36179
88143
14686
34426
39980
77981
83150
80213
2813
89887
11036
68594
83418
93915
87574
3448
19536
68267
83183
6032
29484
59935
65126
94091
85752
57500
80305
24686
84482
63062
28169
88977
21103
14367
13538
62103
58471
54783
48843
36438
76165
82413
10647
71697
79213
50620
25705
88808
77131
88102
56055
30816
1794
47820
29288
22352
73822
25964
50195
15660
48700
86383
86536
22594
9535
7382
61143
45693
32398
79578
40359
34909
55284
79903
93524
82518
61641
25173
48598
9207
25092
60199
61294
63013
97826
74390
44618
56389
40513
34952
49251
47551
21593
45343
16870
37696
47818
93514
21286
72445
3557
44664
68082
57092
71786
70630
50475
47881
76020
69980
57496
909
91282
5084
61457
94585
89516
61537
72052
84247
90986
85214
29394
93838
75177
52370
95151
65125
58777
26656
81554
40738
59763
29582
13137
46379
88924
11142
68355
2735
96319
12904
62374
46402
89189
12110
6291
5189
6198
31112
52871
31645
92642
44978
33312
83475
34500
35334
43614
92898
23202
11095
49169
14630
73292
30054
41485
53358
65975
3457
64386
80486
44420
84271
62603
2773
44605
27032
96683
90980
65690
98651
44642
26848
28290
85950
11775
3271
23727
22694
47250
14375
6872
43155
42638
53622
22640
20498
41978
563
14509
31433
13692
95583
33186
87660
70859
27203
71441
80992
82564
2415
22671
89316
25994
10516
96825
28868
92670
59610
86954
70763
83621
85742
6884
15832
23677
3882
31424
14770
53764
26678
58336
94446
58838
80512
77288
36097
69851
66921
87322
74190
59859
7412
43622
85637
11700
44225
21136
27218
43378
46767
36413
78565
40798
49077
53484
25921
79121
41224
28321
5217
81348
68563
99893
69377
45633
71698
78260
38072
82783
13627
66710
53085
76766
14555
66987
69576
75023
38289
85130
3903
12388
72575
93523
13130
24297
59668
10713
57587
71297
79462
60909
94829
4442
26661
70635
32130
22601
45639
41611
26861
95743
68206
49263
97661
75477
83346
30712
65221
10710
67883
77661
73346
78236
28807
12815
12527
46304
84533
71710
99413
90416
14100
17422
99678
47102
85301
15996
62437
16164
21738
74712
1526
21716
22782
4968
66580
27554
67279
71660
78378
80138
44570
33357
5213
55632
77865
89945
51229
40706
60039
30843
34518
14043
89782
20823
63362
86305
69045
19420
75838
16215
98453
58568
99482
29607
67111
9781
18014
73115
64461
64827
30012
19319
92263
93932
57049
97851
22407
45533
30689
36007
37939
77364
38993
40361
57517
3065
48136
90239
27173
8502
14817
43418
34936
58077
48341
46496
56223
71265
27854
41924
47542
80047
99906
38290
20431
38891
3390
50496
48103
2966
14981
82612
84644
36401
45081
81470
4817
39873
75135
38992
55921
31628
63214
77958
89965
94124
30116
9252
62785
69612
60531
28929
14769
59741
84128
58070
24066
41425
60135
11015
98539
44896
800
45917
70668
83245
98990
74124
97252
60072
24078
52813
44763
49368
70079
39721
85345
23464
36135
73999
93367
45873
87882
53169
670
72952
97985
90337
94793
23354
18109
18173
17211
23356
47405
48284
91687
3634
37193
56831
43298
89968
10678
61902
71912
20485
43714
76737
63485
62968
88581
75729
59626
24763
16076
95525
7707
29073
94884
43598
68486
58853
1558
98184
79953
67796
94307
73036
13545
35436
76715
9807
37869
99171
44993
29833
16715
61922
32744
87814
71445
17453
45520
70372
4932
65195
83579
15476
15827
24616
61920
54392
1981
98092
61436
58624
21835
98883
15817
75162
46718
46274
30034
52458
48668
52749
29541
42650
91257
16743
97491
63003
36956
81427
85756
77770
4389
22707
18273
7918
54302
29400
93673
16481
77457
43656
54649
70760
82353
34447
49040
15434
36651
43440
51003
41439
62288
85733
20088
20776
43203
16021
28991
22919
13403
51534
42224
97080
98707
1667
10046
22552
58805
82388
39097
94368
38621
48320
64777
41984
49730
37699
82850
43542
92674
62773
15872
19952
94832
4251
5061
54039
76744
90850
57844
60151
7704
94059
72968
61279
65120
61104
31915
10358
61729
95745
58415
83759
22732
71485
84094
21159
56735
2740
35105
79012
98851
13516
50272
51580
57128
51498
79130
72149
32952
81153
90895
50303
48647
11774
31709
91382
11565
65612
1310
33350
32102
58357
81866
36237
76772
50823
85755
65978
53756
87763
81672
14831
17296
31947
79561
69537
19286
96776
72835
21698
18009
3906
88152
80885
1985
32641
86450
13518
30013
1956
35248
65521
17401
30307
3523
38996
6152
77404
57759
31902
57989
56565
89791
9253
9644
10273
25249
33977
49049
49845
61474
41615
54366
95473
28973
43646
91044
38804
6604
21573
47434
3785
13580
36674
83963
96346
26734
45083
63505
35133
61736
74518
5963
57222
81175
3280
11638
62902
44699
9151
67889
42308
49429
36265
58707
21502
41139
38343
1243
19803
2954
13577
64003
49476
43999
19887
93594
79007
59679
4354
80306
55160
59542
36707
9964
39324
82338
9713
3328
4210
51356
43516
90831
63969
22789
34073
85639
72717
59454
25157
86667
50370
65372
29592
22166
3996
36776
77599
62561
81838
44589
52740
52158
96550
4975
23561
44541
42973
37212
65099
25195
44626
58686
69672
5809
48070
83121
44812
64508
60865
33426
14691
64004
67619
57952
49195
19345
68365
11059
21662
86315
92329
47484
82370
29273
46860
18224
36322
3528
27855
20739
42103
19648
28363
54163
8485
61953
46831
84840
4591
4085
78733
61865
35726
94945
68899
73489
25709
69282
68527
98409
29433
91145
16769
7689
25010
78653
47485
14757
9322
80289
39588
73522
38284
62047
3479
40269
73184
59574
12932
73777
66081
6620
40315
81902
83909
44264
87885
99852
7884
36628
55689
29971
2022
2110
41821
69688
40123
79324
55102
9356
26639
43325
43798
99841
33802
25518
49517
89127
21072
13821
3155
27415
66232
79721
67093
41097
12543
92027
47565
91028
96369
69570
15912
54851
35475
6120
21279
18779
57357
6030
75760
60427
6024
79461
80859
71267
31853
38661
37301
32
94252
51246
87928
2694
67272
21904
68959
36575
20982
73207
27208
45456
59740
55817
94687
15087
95688
59130
9945
84473
89725
97152
76797
34765
49013
73205
86698
99534
69826
83074
63709
27586
37911
69585
84149
19774
72602
39467
23718
45551
11878
77467
3839
50867
71329
4521
45878
37104
7970
35419
62290
91107
61923
78714
11872
41993
40742
59802
99
61258
71368
70138
28967
94300
30482
17313
26457
34329
7972
88693
94724
51032
5297
91735
15396
82632
79786
23328
89802
63780
27921
50838
52049
13600
1309
41578
27002
25971
40045
13295
88418
82548
59787
36897
59845
35446
29802
74118
50638
48321
20372
98875
30101
52811
83483
61503
65345
58619
62168
28358
94752
61012
21629
96583
40897
47146
43191
35103
97137
90644
55055
62765
30286
10693
42378
40500
72900
53436
40912
16127
92803
51849
77793
54431
88411
82437
64368
80050
61634
9580
21963
34990
54707
94227
48260
11905
79248
81710
41548
17871
45135
89752
18545
6499
82613
45623
56481
96975
6391
18780
84433
26850
93487
68596
67445
69439
52559
19623
15343
3136
73390
22097
984
16977
73243
6852
94888
72744
89461
81149
35591
93027
1506
20084
81376
23275
66359
26611
14050
15513
73780
33897
50380
94073
87005
61995
2106
88047
94922
41284
47419
26801
43062
61280
66570
35937
4912
87460
35007
21656
26154
12474
59440
52819
86875
9873
10877
84166
39064
99040
73323
18990
77499
31049
14101
76773
66009
48825
15583
61704
6867
97199
54570
82760
29928
63659
11970
36654
83588
9428
53627
9767
38636
42050
98283
48765
6811
65139
19539
16593
38822
45021
30614
78674
4165
2681
41350
82307
15842
76575
79268
26808
48406
95812
37854
87415
47087
36098
56474
11480
22092
27284
54372
48724
96708
95891
73196
71847
76547
49135
41816
30875
32096
35532
69345
70125
42550
55877
38264
16265
1704
72461
88146
32881
79639
15618
77405
4359
8408
41099
40538
64147
30259
83487
60094
79628
244
81969
95227
15481
68824
34559
91352
97537
11812
13702
69325
12910
19522
53802
90364
83388
37806
30368
91497
42251
6092
26794
23872
20036
83984
4406
96478
71094
77952
52952
86039
27439
81280
79066
30890
60559
64063
88109
60445
53604
83188
39855
1132
26343
37971
34404
75800
31498
59589
38512
44498
8555
42917
24979
1259
30451
15
33825
62129
50153
72563
34923
93885
78016
53532
70052
53821
65987
41470
45848
32280
23827
91990
49725
81671
81875
48379
10403
7018
90737
40875
84127
28530
4413
64110
53157
82662
63270
53179
78290
98935
50699
73458
22459
20597
5071
55402
63310
85028
78018
76597
19148
88787
89581
9564
22406
76905
48884
3431
17204
59894
3635
57311
72287
67623
14680
99501
29360
33756
7553
77257
14833
16005
85935
27929
48705
72422
54867
22023
15946
93901
10389
82321
4739
3445
36469
86416
45401
25716
28182
18861
24679
62415
96089
3859
25866
43788
38127
81078
89475
32196
98797
1010
97942
72858
67108
51974
39567
91910
749
26879
27738
3982
92585
9892
68276
15475
75364
51541
4904
34912
31147
94170
33989
97667
57138
70639
91733
69250
80459
97232
3877
55461
18428
7701
7395
98360
2419
29445
33931
75276
36818
41141
31303
83220
21578
94700
57924
84811
26151
53232
40817
91884
69868
93373
22682
98386
87961
88490
4048
23808
33916
10781
25563
6724
93930
26353
98251
4361
74168
63354
87477
98686
97947
53425
38448
73403
33258
16316
19753
29627
83644
83288
40576
54662
50290
11069
89666
21890
39963
67786
52063
63267
82711
83082
10313
72403
48780
15924
42679
19201
29271
96795
64371
16079
67234
17167
39968
29560
13517
73702
30207
3596
28611
62910
75304
62790
53884
99691
26348
72103
97092
68111
32376
71305
83849
64037
59043
77625
75869
52810
31162
89917
50175
46563
1829
94911
23781
63191
55474
33985
76670
12466
2145
7713
6836
90528
45209
77598
90495
77395
36731
57263
76522
86618
55211
18165
94736
7367
1583
40703
99143
14163
96142
77115
88387
47610
2879
53466
27176
53856
34183
70076
91608
39084
18279
49844
80447
31748
11080
86162
33962
43825
95418
79384
90799
4353
2896
53384
84207
46606
66522
27005
90662
3286
94343
62183
33783
34459
84505
5865
89813
15051
17287
93265
60933
4280
56125
26606
42295
17932
34609
89231
1548
68687
7274
96415
66268
13552
32421
31921
69142
34014
53545
58562
12350
46035
62011
81047
32123
52809
88269
71306
10901
19776
5988
783
12541
10683
25467
54526
87341
48091
9163
87541
33884
1346
73318
12635
9186
27804
2864
2604
16996
17528
60945
48771
35337
23541
46895
66224
14382
37712
35309
27914
67145
59331
10812
48428
9889
3841
20488
28090
88539
38434
92362
76038
69194
60018
20018
96914
71781
87784
36136
38856
48928
44025
53583
17468
99291
59134
31201
58797
54044
31364
96275
27428
37780
90496
1743
12425
71036
1494
98859
61878
68474
84541
36453
15661
47348
35022
53148
10339
24114
40569
8535
80448
80125
77903
18979
38402
12483
63259
11769
64424
61706
1070
30985
7525
36049
43274
20663
30464
75978
50495
31742
39903
65581
40026
51729
19925
11318
15729
14291
74474
35053
20016
98987
81795
95177
45946
27881
88830
31839
5040
34737
16387
76606
18694
54914
50602
92760
87792
95945
48434
52153
84655
23324
23751
90452
94360
67849
7196
71578
78718
94768
43235
19690
87038
93857
9667
73031
41244
95186
22173
67662
38960
84170
31782
15279
83847
82562
28931
34263
97200
30222
95204
19488
59487
66904
50243
23443
57142
3729
4898
971
74742
33087
40234
95570
15167
18692
69287
68593
96703
72783
7901
94291
72828
56806
37140
55565
78027
56886
10275
18126
11292
33329
25649
71577
19007
8132
34373
90776
90015
7572
89136
53159
79383
75549
99675
91124
84109
6173
63752
73521
18971
93413
6720
68739
57981
30481
84328
30504
74069
26304
41477
81299
48575
97406
68344
61962
41182
40876
69878
2133
11289
68413
78775
11453
87024
41304
99682
54155
3525
20435
14070
29604
41824
8221
6520
85245
14095
43995
90957
30926
80753
85749
17616
73795
75976
17281
21790
52408
67428
7154
56255
12977
83583
27949
38976
95734
74186
84843
29345
16034
80186
10519
28131
93647
282
65740
60295
95441
34192
42297
88275
37753
59142
56562
1434
67354
36627
63393
99243
35844
58909
4595
25647
95118
76953
46745
47590
83818
79120
45326
79482
55895
56409
32975
14964
60870
11609
4758
72849
61919
85416
22167
8336
97513
95232
6747
88008
84885
13459
74507
83507
48632
80468
31324
6367
97556
38001
54777
37000
42446
6623
44126
85034
21618
26596
53422
33337
58391
44088
72641
81068
25651
34416
41909
83311
3179
66386
83742
48592
86297
73044
1429
7896
56733
70782
55926
47322
67101
78214
47692
5775
72678
55937
18930
22481
60627
71096
27986
9660
32901
62396
14859
48051
33146
26508
86783
17745
8181
79764
94739
4799
29640
13859
83015
31593
30523
81707
25693
76587
22879
63683
47990
23374
62934
77831
18833
14669
9958
31035
18937
80502
66768
11304
36936
1868
14160
75860
89097
10393
77652
12124
83888
44504
26519
32686
28685
12766
30576
6681
12780
73628
50813
70367
20579
17464
73296
24533
15258
31113
76624
87596
11224
71564
20143
38820
19669
83996
91001
30326
95405
61276
88761
72768
15916
32630
19949
84950
48223
62032
6780
66771
8046
42299
41992
39444
27231
96626
82944
75164
31197
38012
24183
86461
8246
85106
10760
6466
1905
27575
28897
75648
17525
88898
73313
64710
15893
74788
6328
62992
7646
58576
94758
95817
68621
63391
52125
53827
79368
55874
78362
88469
89534
86814
65617
49058
55353
28788
12027
98219
81927
90063
55483
95544
41962
41502
61132
60290
90134
91579
12265
37629
32255
65170
47719
82830
18723
14654
11032
19889
14788
25990
59553
4204
12327
25281
2511
48566
21253
8814
95058
48863
65114
45716
81819
55144
31828
8570
31052
42699
81979
40423
64964
21439
81651
38414
98153
51556
71436
91710
47833
3778
84938
10324
44325
94098
87334
86324
77695
87771
45659
56732
97823
87805
99153
27310
61075
53741
42604
81436
96434
63853
38048
45276
82577
26475
50582
12717
3939
46570
21693
3201
48128
16962
50862
74338
12382
75407
95789
89542
34236
21852
5455
28156
88255
66393
95772
6900
23087
88938
60260
35391
46964
13676
3999
75373
9003
78798
95344
22361
75278
46979
39207
64129
29741
35879
9610
38717
75743
16042
58371
19452
19556
84600
66990
77821
96119
72116
45457
59394
50734
91657
9304
91321
10885
64712
48018
18981
88059
49246
12940
86440
44903
2406
71249
63541
36873
62523
86204
27638
92183
87505
90505
6506
44688
77149
2585
31003
61838
25930
13841
32622
51480
27780
45088
852
85473
65844
66489
10257
55567
27688
73802
73483
66029
12207
2791
33042
50887
51245
6200
67274
80616
2617
81511
39072
80260
88666
94532
82941
8831
73836
9099
89857
17233
92422
61076
21856
87636
59222
20959
50598
34657
70468
48148
98895
18390
32826
3864
46136
74853
69080
27969
62139
92856
66557
23794
98104
51052
86895
99307
18707
29062
47933
37400
83087
7721
6270
54953
61123
37948
36488
53845
87550
1297
16297
255
77317
43247
54500
50081
73685
90349
85290
39731
89640
38382
71744
98799
53558
90607
9460
96118
77087
92552
5822
40296
13133
43311
38027
72574
89793
13358
11410
92308
49738
58096
96664
33637
50005
30540
31651
97570
95272
91301
81395
7103
90749
88504
91438
28653
76000
69275
47181
59493
42342
34784
69685
2227
69068
40594
6261
16230
10423
41667
85928
44429
13765
27894
85548
79929
66269
80059
55566
68400
73180
85645
83496
58903
10935
86339
54608
69699
23412
87419
19397
99225
93609
72166
76818
46458
78649
17190
19104
27815
73934
73966
7436
59160
75738
75750
18
44159
16059
84542
64359
81815
23995
80991
50212
50361
17869
13727
48282
43996
92879
15180
80879
44546
16855
45948
83855
611
837
28984
36968
18761
81780
52926
9597
90343
83600
95439
6887
82386
672
3111
2459
88724
91089
54350
85885
41725
49434
47373
23937
37644
28018
9486
30657
36663
83456
56531
91136
33938
93969
28213
39644
45462
63835
88689
51796
73231
44050
3951
55496
2516
28598
12046
44727
78896
51010
87946
37921
26248
76443
4979
98812
11708
40378
59384
66125
81170
38199
39747
44275
30059
54001
41865
90258
63956
91966
73696
77848
42452
1814
4792
67669
43175
87256
84566
24589
38610
5697
49360
32147
89651
84697
29737
24544
64566
22638
43659
57933
31493
94666
21754
90235
17365
16124
41778
34624
21240
57647
68728
16966
69235
13155
49255
25505
33917
98863
32022
39022
48450
40066
31457
99344
82917
13492
93036
60288
93939
90047
96676
62929
16353
97402
66122
51886
81675
75795
10662
91340
88453
45957
74822
89004
32834
11978
13954
21269
79611
69305
79803
16609
78710
95312
90363
4607
47735
95419
91475
11964
57939
55892
96077
74818
92186
76748
63590
14841
40555
78890
91482
69313
22810
50992
88501
10814
54199
88949
61671
70815
16718
16741
54996
98979
40842
74119
55260
76924
41755
25711
27551
18480
59968
37431
92532
8720
20193
24199
41221
68639
38430
34213
57304
93084
4571
3944
9941
99988
60628
43410
3685
83976
81502
78110
59118
40094
38399
39704
31275
50933
29842
46650
5690
36054
43927
85261
29176
63240
24642
16137
50556
65909
50776
97351
68570
3854
42647
666
43590
35447
26499
1715
82636
86527
56324
32035
70150
78622
99357
48246
67771
30913
66324
44451
34176
98041
98825
82558
60202
94959
80035
4176
61050
79267
84769
86560
84596
44567
89610
68425
68591
42706
12215
75936
26026
21995
1560
23180
18219
25334
22538
37542
55616
96879
45041
75581
94713
83720
81187
55235
332
91031
17256
54230
36400
33479
32215
70064
7842
31472
58551
72155
52908
31801
27145
78149
57848
99223
14038
14596
18639
12469
43737
28362
65733
17894
8556
99100
7361
1711
17554
86262
97190
53651
60102
1080
15429
23040
1326
91402
96931
94988
96049
87835
6421
22174
24754
30168
71808
75141
21984
19499
54573
11355
92646
98167
6069
61048
785
96971
86155
94184
42919
99618
45590
75809
3551
82976
34840
37491
43955
60245
80625
24402
62436
52807
68191
14544
89579
79549
73781
85955
66126
3537
76143
10981
38146
61166
72446
45581
45207
34549
88229
34818
31867
67034
13321
16289
11293
56140
31069
46392
61260
42794
89206
21505
97127
34216
85879
87
96071
13973
96315
66283
61237
27813
54708
83777
32762
36673
11485
78012
50854
60742
68884
83421
39972
50365
98653
50088
99787
74329
48254
65586
56070
21530
67049
92989
88092
98374
44629
13017
30641
29887
98351
25833
10586
20133
38570
68246
20537
58615
3062
84511
43623
33095
2348
37615
7327
94139
20735
14875
33767
41883
50892
47264
6667
11848
92754
90841
28781
66971
70411
81763
18080
20266
48612
95215
29124
10254
76727
39862
58308
29780
35536
76877
93706
89987
66042
17132
12916
28872
42816
20779
65172
96861
23993
60721
53504
37267
14881
96592
35047
2841
7411
4261
72639
59188
711
50068
243
49626
9344
84205
61914
42941
27820
15377
64636
77066
52211
20106
36977
62903
32934
12160
54323
45697
46115
69436
63018
41557
42595
54478
27122
12967
54179
54173
50624
92117
64118
7296
20049
41536
93851
33463
89880
87627
4771
24899
64824
5880
26977
12744
2370
4896
24130
96081
41921
11996
35710
94455
84318
20421
64818
69916
34372
75378
34215
44899
16052
867
41371
436
19963
59132
21584
9563
98361
66381
63039
35305
94416
98078
37276
75831
65810
90846
25133
77328
23661
85666
8543
90086
71802
1038
99882
23570
7077
83645
69212
51344
5525
7498
93399
15351
12102
45852
77710
31781
98578
37172
60387
84522
59037
33627
3587
338
35085
99443
74483
60465
60337
14589
65384
59120
11066
302
49213
62117
49938
10642
10559
21864
59696
52163
80465
12642
24558
13721
59823
55931
38653
11810
78332
84240
2650
75894
32082
9920
39079
62737
513
56196
89861
79940
67908
51446
91398
64757
53798
1657
44101
55278
32509
44608
57214
36133
99746
66752
15012
99953
46319
7540
6396
14283
1300
97809
15064
43918
51056
19712
44458
54152
11183
24295
67005
53976
27937
14783
17618
65464
50984
73880
88398
75775
55938
59417
33381
32323
13307
4386
42280
74217
5066
96972
90752
46081
42990
10651
20974
37637
57870
3025
30342
99189
89806
15521
72232
73579
47222
9111
56569
57708
94934
79319
24027
78079
27550
68031
97611
15182
82603
42701
57098
92257
70884
2621
43525
77153
87975
83401
10797
853
52695
76861
59073
64072
71400
86512
17767
78799
39135
25706
40800
80327
25488
15769
91112
81435
3811
78774
12719
78659
77994
84043
46150
49919
20869
7125
7467
54645
30511
46910
85572
22258
71342
13574
18962
88375
73587
66930
16243
38077
89
53335
93391
56041
74166
80387
64070
19715
39971
24667
62635
1626
5517
5886
94424
79466
52170
37415
98175
42285
54374
62731
61524
15268
97280
62990
15345
28923
86260
45049
47774
85692
33449
99463
89164
52524
29390
82963
7448
1763
1872
7288
23740
40833
14547
77076
27762
8216
5863
92014
44114
67836
65336
3545
18466
77616
37940
26738
87270
12691
57603
51333
17208
16906
51603
33246
94076
81563
92417
13126
78179
83386
62157
64637
56782
47424
99564
94150
87648
24377
40197
23133
10714
14808
29025
37965
50284
91363
24246
87273
72638
85482
50016
12709
4355
13827
36351
11481
40324
31117
82936
62982
93898
62836
32345
87521
26155
80475
73455
71756
45258
43451
87131
58252
69266
16734
2905
30260
9938
30026
38683
82882
75057
49285
42522
62250
81389
49587
2840
40856
23938
14316
89280
56406
44335
57231
49876
17712
47538
37845
39730
32800
86846
45727
37575
12702
27615
2310
5907
88012
21168
39898
1713
91123
45408
52000
99545
22198
16775
4180
42169
5746
96578
73651
37257
82877
41781
31345
67765
51358
17972
5518
25750
58117
87684
48758
16633
56595
93021
20153
99365
80083
80784
42613
7105
66002
26560
59521
61051
36824
3519
50708
84313
70649
9902
26764
95929
94436
38413
21865
76034
97619
55757
15164
35146
22796
47848
33773
1789
35793
49178
7290
98177
62161
36483
87087
45765
63782
35547
34341
1747
84259
20958
21309
95535
79972
17545
49323
79228
93427
78087
94491
1270
58907
96238
51150
66863
56393
67057
90885
73573
63687
69646
92378
31646
5037
74808
11377
56444
27833
99703
39791
41448
52369
76622
66720
1620
33660
49308
19970
37344
92141
31191
16878
72805
39287
34625
24994
12790
48935
29637
39608
79245
4670
26824
40544
75734
42013
47335
28035
84204
40132
23108
63734
64447
75880
11085
5559
19033
64346
96923
30380
66364
92820
40109
70656
21546
84590
9871
15802
31370
20405
80385
98769
29540
12633
4596
65874
56804
44986
64211
79751
54958
6722
65921
56065
10634
52171
91020
71333
41869
1399
87565
23033
85069
12644
47987
86514
60672
30056
98738
53004
41429
92373
34473
40187
69560
36218
96100
33766
92662
28415
25245
56791
97258
3228
80716
70629
20969
95102
22731
40520
49411
2998
60180
2372
57668
27863
82053
40265
14634
69940
11361
16043
37561
41749
61698
58661
70425
73907
43281
18991
49307
1820
56832
93966
11374
39154
37962
68796
86247
90842
68281
22836
71824
6211
17864
39256
38811
79877
43891
48047
70234
62263
36085
16174
74345
57852
78619
52754
36926
99156
81112
89326
94968
49574
55330
24413
17102
54018
24048
11969
59912
23852
208
26750
69441
20586
25073
57363
87759
50107
72471
24845
10705
80754
23706
69758
85510
86352
34238
84158
27728
37144
37829
39568
83276
51402
5736
4941
46903
4018
83023
52179
63377
78013
11125
28227
82184
85949
39840
36854
1710
27849
71638
53299
68236
72119
91223
29111
70171
7622
72130
60678
98474
9816
30302
2989
74155
59494
28331
96504
22699
66303
91013
39359
96367
61148
58394
96991
85318
54395
46632
18416
14287
61618
5728
95873
30748
57613
83223
75027
179
91871
83140
11129
90288
29562
24953
51099
11435
29993
23750
38565
62211
95260
25127
78067
41459
15795
12114
75116
98325
10782
67176
78078
36514
6796
4344
84969
19802
17137
96440
86971
25679
65991
33875
87146
73167
51387
91888
9700
78309
36811
55838
58084
56588
21315
8930
17631
31810
15700
51196
69777
2234
85630
76256
37594
50922
49848
50069
36598
47671
49682
31359
98650
97679
55153
69727
9845
6971
47001
41318
63733
96041
55422
45025
5741
44653
39145
45941
4450
83152
52689
78371
61932
19032
56785
72987
69093
32464
49025
94603
58721
11252
60231
98971
94909
78863
89678
41854
98128
93160
36048
62939
35529
17654
58598
54276
51552
47171
38185
91636
34605
4102
50682
45748
9358
23734
51434
92735
95136
5970
87734
76058
28194
71242
7522
37929
99212
57384
55730
43482
69805
72295
57419
46872
84971
86270
44594
32974
66951
26161
56395
96882
18765
94692
67757
62797
21296
38629
65072
45521
29885
99892
76554
71412
59072
75380
76312
57522
92855
47437
71569
50123
57527
23613
25112
99958
80307
96413
81443
21775
83357
13822
11752
6149
69246
23779
25801
13834
47456
58299
73890
33060
99408
47213
19138
27124
18351
11187
85454
75372
85020
69545
59206
92178
61270
88515
14265
4318
64510
54537
35779
42943
47784
17878
6512
2875
32088
28136
37025
55762
87669
3784
78986
15689
86072
54355
77290
4391
6725
59613
14289
7257
85712
26054
86642
15394
21978
63044
88282
83092
86825
47411
21043
58256
75683
13487
53807
66461
63111
58572
29849
14386
68009
53986
17840
52533
48502
70084
9508
69491
87879
24086
38523
58768
30454
10242
85361
19817
99848
43206
83063
77146
40898
95593
13055
36716
92331
88442
74332
7804
19860
25879
54768
19826
13894
15256
81284
22128
28959
2146
72183
43901
61409
58553
81785
89957
76214
37707
27840
71722
64135
23387
10392
54545
31609
15574
85446
47115
35351
12224
44607
20526
70374
57710
75319
81854
64525
83586
44785
53726
52448
75580
79987
58289
36446
80224
93974
38777
61972
75954
85513
6268
81907
64858
76356
87769
38398
61111
9398
68221
8210
72982
89332
52765
28434
66901
7394
82800
87385
27455
38400
3055
83402
9316
37764
60684
3501
14239
37885
88827
68161
85434
84553
14876
46010
93446
29410
35587
19511
15492
92296
74966
26198
3701
50288
28482
91673
71270
32137
7091
19002
56133
47670
31938
47914
3694
56704
95658
51810
755
55509
93128
44063
87585
49168
62278
36213
48207
17108
27196
64925
19340
98485
2505
56391
1938
16608
43337
23372
80253
80738
5021
17723
564
39116
50876
26415
66957
13441
17686
39071
53777
22229
62022
16451
79994
71770
89809
76697
68637
19896
30086
70787
67295
24298
39455
91429
23592
23084
28768
45093
91928
35362
96784
18362
86349
77357
50000
91808
27442
62675
71948
98718
67681
28695
4302
69995
67028
88933
29986
59571
96806
56454
13966
44091
5056
95054
97303
46607
9677
51041
7966
15544
19035
38963
31264
93783
10856
28934
53762
77522
98299
63875
13826
7566
13105
7738
44555
67928
13396
75444
58496
28392
4145
93240
98246
5372
14910
43580
12889
75018
4707
4626
52899
26103
92066
39666
44507
61242
78996
55075
373
92213
70363
75132
12385
49654
88646
75680
72921
14974
71622
75337
34505
56421
30660
25936
31778
9661
94053
79401
53869
71820
21332
7014
81896
42125
50924
74789
26253
81665
60936
1772
80084
6860
90814
63755
4364
80608
38763
29119
1648
9576
86820
7001
9990
59988
98298
3618
34661
36347
61254
70366
86901
96772
18285
75244
29392
43251
29399
25902
6816
72066
78139
69312
91567
34536
82054
10014
37789
19520
76021
32416
28864
35196
34795
52357
40528
97693
67020
28215
64687
77617
86822
60608
88425
42343
60930
53546
68946
1334
89112
95047
80068
83623
48684
17775
95648
71838
45930
23785
16690
22733
11445
10177
95577
74700
66373
1378
72818
90981
75113
891
28709
48493
19457
85644
64518
95842
17078
86741
65604
77473
98263
91230
10219
39892
86531
84906
79311
15323
4546
40986
4969
52800
12146
42968
50218
93308
89275
62759
66219
24039
89547
97915
9594
50310
19974
36066
90180
89148
5451
91339
67643
11399
3029
19124
61506
38095
62552
44905
67056
19379
17126
8344
36896
77783
44125
14211
48086
14165
66805
82308
42705
20222
64222
87192
38757
32319
90743
18250
74274
22596
681
95589
54219
67416
81200
96846
5720
37770
61301
48929
43141
55240
36215
77487
48872
69263
86288
81340
28207
81974
39213
35259
13520
8358
24250
65518
47858
65280
85203
11721
24391
44971
28876
72636
40913
81920
47363
35781
9719
75087
52575
24638
30811
46154
12056
16283
60665
82450
71110
83365
20390
65167
46339
85257
71758
10434
85582
51289
8653
29174
17561
4049
87271
71605
35175
92112
92874
32299
16836
53935
29493
10266
83146
34320
15477
27103
96974
89925
46464
94642
97750
39773
60979
45635
26320
89744
64619
47977
96732
51114
78573
26543
48313
36448
8337
94828
71050
57139
16872
21085
91517
4081
60323
94803
62468
23622
39374
63699
92016
49415
76685
624
52636
46760
51200
32988
92975
44055
36893
55594
26643
44163
86142
79857
72309
2934
79989
37861
93697
23981
60817
71255
47916
14452
95831
74967
88094
87333
27393
75267
97451
69782
86866
31121
40424
78754
11761
44222
11513
48312
66284
3542
2049
78975
73952
4999
43833
42086
84262
42302
90409
18413
60522
86057
3980
60764
98498
17834
6410
93633
85678
94195
73097
55754
11547
60911
83295
33326
57860
95565
36320
24082
13420
96743
36089
76266
13811
86854
67395
95621
23924
45771
57761
22428
59447
10743
295
67409
31428
45211
55185
90671
16939
37820
70327
79788
77410
53452
13380
85769
75390
55878
64059
90223
75779
77071
67081
21022
70337
89943
55800
42767
62349
57224
33513
61214
13524
91080
79650
22524
95002
80861
82655
92811
62101
3616
99576
91678
48933
33369
93067
34252
16871
72682
44059
81231
8115
5261
7242
95392
93822
7800
92817
86166
85385
84661
47492
20117
24219
30593
14128
65837
43106
5158
14826
62246
80025
98968
31347
10742
41122
98074
54806
23543
96889
39976
38917
36620
74814
90222
87223
48403
70510
57299
63808
58635
73805
3011
67862
30731
4230
94322
43921
36671
31728
1195
54562
78944
78216
41478
27301
19765
89833
14982
25436
89911
97898
17886
73060
23775
40410
62441
76222
67871
59530
28176
52901
4664
87300
52670
30338
54503
7682
5208
28624
4994
12755
90921
9545
40637
50353
4234
74109
85931
68298
61905
28539
70090
38634
20702
3084
56768
71793
10724
68545
9457
91907
96312
43226
50224
31020
93480
40905
67798
1841
95235
83896
51525
57325
11189
80973
68496
38844
43695
72513
24858
72603
58735
23506
47500
23773
47086
10298
18793
57488
57237
18125
52195
47141
71446
32612
13131
87402
41169
38531
38121
18148
88450
73003
75582
4498
72375
80028
68167
33730
53785
60353
87185
44229
38436
33971
7434
69063
41170
44465
48962
85647
78943
20874
13146
6746
93657
52231
84177
37825
25501
60493
37879
46442
28196
44411
87998
26423
88169
30538
23621
54718
37198
80339
56089
40042
31636
61291
35435
35338
40292
73144
75594
9078
8942
67332
4606
36694
92491
83272
53383
8757
3698
96516
61534
92531
44123
79133
65797
42058
65998
99615
96677
80262
80240
95380
90675
18918
1026
34153
43668
30474
56155
54318
65086
82569
43262
77480
74144
93460
91792
63388
68816
94640
8284
12036
48683
10725
305
3536
57484
50166
68644
83077
60963
33987
22679
84902
42026
8619
77529
71189
86930
62233
25623
55896
98272
82008
87956
82639
76752
42840
4042
68144
65064
21037
12856
29190
78923
10196
46544
85468
42005
17636
68709
92223
63138
75861
88234
17565
65240
5751
73569
40652
52918
66757
99629
68473
58765
38100
21591
13436
88744
53513
17435
90928
67347
49890
57980
42546
71800
93670
10862
33028
65851
32297
14893
82095
90406
11286
6147
80455
90278
48391
53906
33457
58873
35685
30150
35663
27034
55451
85612
79646
54190
62243
49464
75769
57478
18421
85317
92292
2521
46950
51242
68090
15894
87413
50676
6366
14016
82022
80930
80046
39442
93061
88719
8183
24374
54697
29359
8422
71231
48907
44650
66741
41637
92824
2483
68404
33226
56953
20777
4738
4206
6125
77969
85527
23514
60087
97468
62086
14562
34090
9715
48591
52154
94686
90126
57828
55759
78901
95483
84369
53712
39780
18185
81625
13884
74981
38827
53198
13029
92250
5989
79827
7558
45396
72146
67971
29509
89042
29749
56425
83344
67996
48001
50745
25026
46362
37605
41333
69743
15210
20434
3158
44052
66735
13201
6541
85042
24088
57678
35593
8617
74447
68141
26493
95548
68302
80067
80769
54607
2725
64779
62553
39836
74721
45938
34821
3045
6770
72241
50936
34490
60200
64106
14711
91373
29695
35877
41380
12577
22597
75160
17356
84779
39913
63129
37874
29922
6680
86367
16756
63911
72590
11022
19708
16744
13945
50420
52232
96705
54364
54212
51424
64690
36386
95979
78741
91205
23759
6609
86900
58945
66714
99642
96837
30040
35783
80407
74517
50617
95291
68667
64018
47568
95505
9538
42362
62389
16007
62442
82700
99726
23022
93030
15354
63822
35956
31827
61616
73360
79688
18218
18730
76849
56392
55715
77736
13997
88662
49159
12947
42397
66624
25970
20458
43292
9143
98813
55733
92928
58697
42019
13982
44761
60425
30457
97555
85933
19614
53213
95416
66206
96133
74496
39805
14979
69511
42059
52186
49409
25420
3402
48817
50715
21092
26759
23130
15514
13159
2352
99687
29374
89036
51794
60826
37381
34546
39033
93501
28157
58419
39710
55669
23671
69113
77448
11243
26782
79926
16612
10518
21829
34906
62845
84290
42438
53823
77203
94129
64340
34131
89420
69620
89589
43457
94096
73751
96970
53046
39498
52034
62930
78068
31272
60526
72501
44529
97550
90772
59715
80322
52501
29983
5668
66825
45474
13614
52048
87516
29357
58825
53878
10625
12688
85342
85993
56442
43985
54782
95462
34861
49941
50550
93638
44156
8477
49475
45234
62824
63845
56450
58730
23748
60712
35803
92025
74663
84528
99585
70105
61083
4905
40612
58726
93470
15992
81315
77761
818
42130
75110
42126
69531
29874
32313
99827
96062
89185
97835
9373
31243
77530
73470
81518
32557
48075
92108
70494
93458
7317
66761
82768
34429
88598
48228
97715
25724
560
6235
6395
21772
25823
34030
77047
46335
41014
54074
93206
6418
76709
66747
98727
35147
62357
62050
40202
45369
10826
25966
30898
757
54458
99516
9559
53864
82195
80880
5083
55590
71282
46128
18796
11936
30130
85060
35748
27121
83135
35950
46106
74961
2986
90198
14924
8093
2596
1253
11115
23384
54512
38152
94509
92625
20733
83982
11193
41852
5591
13147
74677
72709
39652
20057
25589
20795
368
18560
54583
99872
31300
76720
34079
87106
57733
14204
37060
86444
54097
62377
91411
24634
49203
45375
91041
3714
32446
71279
99215
10603
68198
19278
28543
35468
53208
77872
80216
81452
16285
72824
96068
36061
69410
49946
98454
71853
90179
18633
56681
92353
90195
96324
25566
18364
5548
816
93294
86110
33645
62591
67493
61052
83545
46702
14690
99302
49331
30953
87856
71963
56701
95352
25219
92618
94676
96685
1135
4831
61682
33762
24202
85851
24161
69272
86185
56219
25704
77937
1903
95851
82479
50120
55533
75355
64375
55781
67163
84440
5201
12438
86231
65151
13019
88704
78352
84046
79289
82007
81916
54634
28480
19212
87832
58834
76857
45061
58273
36044
87864
64220
22917
70203
56013
88999
98591
77042
58463
94296
22820
8741
28610
85986
24067
31070
85052
64865
45597
50215
22521
50096
13163
22673
97574
74703
29140
61155
55292
28776
55099
62690
73371
42470
55324
79693
43715
33355
18097
34484
18452
71656
38024
24460
98776
55121
6407
85033
17527
26375
7601
10983
76738
54210
87453
62476
67940
1833
11922
24868
88772
9574
25167
67365
26806
53970
86123
74544
9720
92099
35144
67070
97333
77659
38946
66870
24784
12966
79809
19632
84687
21671
77390
86511
30513
21370
68972
58240
44401
12653
86117
36802
17809
37531
3971
66550
46218
1543
22784
627
86240
75573
90599
74314
4414
87459
7294
48638
70049
181
45725
6233
77403
60150
28995
61546
27148
64915
22245
98293
3942
55801
90725
39373
27560
46787
58069
53368
39282
52994
37199
38528
11671
25700
16534
26430
7502
72154
39131
38622
2996
63793
63072
47839
22468
97645
23692
84079
39822
44366
15066
3368
30534
46852
17481
83051
44718
39044
7445
9937
38192
28301
33883
82799
33112
67629
40712
75310
28715
81692
69967
15866
14111
33650
55746
13111
78814
6226
73337
62905
93540
27126
58414
20218
20086
92248
19544
77827
87262
58616
73270
90821
95925
87036
33833
72359
35900
28251
43074
36858
90693
41438
86548
73928
64616
74373
98951
4612
65472
37599
42188
1632
34420
72928
8
37020
59998
31711
54275
68851
12955
1097
432
53916
69318
67373
60208
73998
75410
52316
17843
47861
79690
8742
67243
48175
95641
59383
94022
48910
27533
55571
64235
10932
27998
13063
87175
46167
51758
20046
47657
17600
544
92832
49858
6277
74385
83831
11866
49695
55098
80982
22312
28726
50513
34304
23005
13101
2869
28270
72763
1514
51338
36074
46269
16475
8868
42905
16725
14843
97780
17964
43330
59159
63312
72615
67744
71234
52515
64660
80432
57366
28319
3511
30646
42966
85394
46082
9197
14715
48009
80595
51494
22196
68166
83561
45721
34235
38778
23047
52405
16874
21314
97920
15295
30592
1702
98313
81414
50002
80155
4468
6800
77449
44031
90815
56477
51102
41258
91439
40200
26005
76812
15815
91087
37294
60851
71676
64860
50937
124
15759
23239
10657
24110
88648
57249
94789
78734
56843
30777
41950
13213
82242
18200
61759
57865
25500
81683
40443
87495
74085
50891
58974
31081
20557
36884
4659
4110
51709
83454
12051
42030
652
64559
92954
36745
32502
39697
79555
72833
92028
60558
3932
97994
90837
88191
24610
92123
47913
75265
26208
52097
14383
61138
34893
81088
71018
63981
2653
48507
38557
64066
48383
55373
82327
84790
83479
84399
89608
69762
29424
80332
83246
84992
29428
75546
32281
13808
33057
35246
41901
50589
18756
52762
18241
78458
68546
37208
70513
29788
29427
25634
44010
81159
30774
42654
57369
12697
32527
88969
12662
67483
82143
78271
505
53212
44944
74222
70819
30133
79773
84201
73247
85887
27185
42231
4772
57277
46568
70676
10171
93112
65955
13718
74776
68961
96065
16344
40338
78723
98925
13558
27305
15342
19782
51467
39630
38596
88784
93387
50373
44150
37081
54653
24213
75301
80218
16057
21265
15444
68409
62854
33027
40051
4731
17673
73622
82500
57486
28284
93431
98613
55
4517
94482
72853
24132
30917
40238
33819
24447
78566
57021
29521
67043
59959
57749
88571
67668
71434
94374
80623
42346
1531
55048
47604
85353
58674
22950
19020
46603
93299
48195
80886
54981
76138
59116
2964
38101
1724
61486
30968
84536
7923
40668
16622
90032
34702
92357
16133
33241
87377
91987
24364
64547
95449
37751
62725
34627
39834
92475
54888
85976
21319
76119
77377
87577
66536
5526
88110
51808
92910
98980
93258
23658
77934
54814
43146
8762
99597
30048
14202
64068
54416
86702
97903
51824
78019
82950
7108
93592
20563
88964
53995
47827
38816
18590
98944
67898
55136
72677
95903
47718
5174
59732
8940
56725
40997
72354
70901
92576
66567
26324
23516
15867
92615
75817
53664
95092
84496
70096
16541
51486
77164
15888
65871
60384
59215
37472
1228
20981
85531
90037
55415
52796
49300
94630
34701
13923
87500
63844
69197
77982
28815
32890
47427
74070
47713
44743
65566
69427
83823
50943
90003
59256
73640
61974
60045
67768
63204
80661
64457
19188
44382
37524
68030
30984
36239
92776
63230
94194
42635
19553
80071
30280
23619
77482
4886
73840
14551
55200
6762
19788
89418
22904
93318
51562
43154
93452
5180
44472
46416
82210
88038
4214
15052
99745
30296
9384
18146
18212
78024
75478
52998
36286
22105
9062
11
88138
65070
72382
89361
95531
31405
10181
46670
72407
27864
30690
11270
55066
18969
60407
69245
5788
48458
45499
87957
12618
41274
37230
53151
78076
80163
46095
89378
45523
38136
26722
6351
59860
6920
68748
25226
96507
79838
84923
15917
36470
95881
32571
55839
84488
37931
64749
59850
99619
15071
86382
70961
57936
14377
92539
87044
34093
66102
10067
47412
74916
72781
83321
96666
39799
89188
1862
30999
39570
92772
58012
13447
57546
69977
90935
23378
68526
37984
79583
27751
80672
83943
43384
42791
38133
39660
63955
60749
57166
53409
32041
28702
2006
47284
97388
20955
78306
46584
93044
99259
24762
16621
34270
60552
11772
81703
33590
78563
96791
92347
15112
80180
69722
9933
9370
61182
55721
23251
51593
56304
93274
15816
71592
72920
52220
40843
1913
3161
84025
97832
92216
93698
45270
90789
99407
27776
31824
2550
74059
54092
83033
17363
63022
28065
21745
14622
25190
62809
55774
79421
11486
34733
84423
74487
92886
30645
9330
2453
66822
64628
21222
81585
14800
73315
71791
90956
54872
19751
46337
17556
65285
42220
23277
86374
66532
97109
37684
15742
81861
48831
48073
10132
22305
65404
34410
28125
61459
90654
50200
63248
65707
91533
25166
21748
71579
47047
89071
8290
48471
56935
99147
73041
93699
17823
45792
8958
48264
9285
84543
52512
82478
69435
80113
49312
75681
89575
49017
86451
14339
2242
88518
49747
26250
3876
6718
25338
64502
19476
48673
25773
6414
9498
4934
57973
17769
52541
58931
89699
45074
60650
18845
5732
72337
677
83654
25182
34001
99226
28821
6133
80931
93403
5661
51884
63603
69943
88049
61948
82349
9372
58389
89087
22360
6751
88913
27995
29954
8231
93604
78100
21324
12118
92818
18939
65296
7711
19969
64988
49364
94172
65500
51672
67011
73022
28791
99260
38624
64140
15352
85032
59502
41406
97921
66360
11597
33116
29977
7695
88349
26932
37600
7817
72851
2288
13566
9646
50348
97789
37727
33347
543
47112
29623
86912
15075
61231
56342
13656
96790
53236
39532
50417
85371
95382
1349
56376
81762
63814
85053
80759
49357
61796
71238
59193
92900
56171
2070
39236
26575
57078
9671
59002
35181
84771
98582
81961
6580
77442
78094
75056
52026
38455
15624
11477
13361
72037
83518
86224
2572
18800
62978
63952
85336
32754
98350
70041
72472
67065
79700
7052
90247
89631
92306
76651
83690
84463
60474
6128
13836
33202
60472
31053
71339
4027
48567
88880
54456
52489
58559
9425
5095
63751
22309
89722
29079
29054
72466
75988
48273
9762
17735
14285
38486
82750
11168
8571
68507
47110
90299
74062
5303
6468
50057
55493
92367
35026
92495
55012
48426
48098
27906
43085
48027
21273
35411
90931
2518
29793
1946
16479
91105
93039
96297
6573
61413
96021
52490
71806
37625
61380
85798
30219
74307
25349
42577
54312
18531
15593
98524
15036
49418
87527
51591
28985
74183
93573
12890
78145
69342
3804
50794
49489
49470
56917
65123
28827
67640
8797
65785
6453
98336
40417
14765
16879
46627
39681
45808
91034
32915
50325
56744
34617
43972
82878
68976
37518
47070
56846
90570
28263
9517
61845
91736
41706
78626
81184
63238
80310
17420
95991
89956
59414
17615
5433
92561
28831
26703
27536
37234
64328
12141
33869
51641
76028
8785
21209
48248
1403
18741
11068
16998
92610
63705
70351
9342
1391
12775
76850
9055
79997
31454
86199
66774
5708
78879
75909
45851
74175
55911
49466
22413
81483
4523
81820
38894
9796
10581
17925
46536
8799
45729
96219
20512
915
47745
26051
40210
38286
56412
26282
21211
75247
47527
80578
48112
18826
22723
82660
52255
25078
12158
45811
75898
31238
66275
61924
36828
62467
76619
41949
55617
77336
97105
64684
34148
40574
27153
3765
58918
16439
88613
96423
44637
76432
50961
9542
98137
61290
95423
14828
21878
78181
2051
36352
29044
50394
70482
91177
99063
49769
67924
64286
15227
62568
64460
279
87102
30372
51690
75877
49855
81697
28158
52737
56695
92724
70506
28947
96736
62493
51966
40546
45596
62378
10182
87502
71858
67091
57640
35608
65077
49785
1844
4279
92427
96582
99230
68614
39927
2743
33455
92268
82424
45280
70151
93850
44160
63134
79695
45160
42949
96911
36337
95212
49759
43932
76982
49989
38170
64290
21397
64930
48740
99326
13044
16214
63891
34316
17143
87463
32512
88507
7330
95040
44957
10306
95967
9596
16241
65440
81525
2081
44586
94557
52802
22880
21580
87437
8196
71610
22058
24253
72664
94935
60996
96551
85650
8482
81905
68130
31384
88211
15569
7031
84506
56887
44140
21758
87899
62947
17125
14366
34668
73076
29831
34022
42071
50204
10685
23624
49437
86088
98835
92275
73797
55987
97867
14186
37474
57408
48200
91158
72464
49904
22261
90322
92342
57576
97919
2476
60693
4866
375
56430
70031
93679
33579
86606
67740
76351
24375
48304
92794
65943
76509
56818
46773
56812
71738
92945
94365
97663
87756
86586
33205
5783
68027
450
7432
30062
93727
94619
27116
82998
8030
12286
53727
67182
68590
25022
4306
15117
23682
9227
82198
45628
84962
829
51141
47810
18846
45187
61867
98783
41222
50694
16504
73152
50185
73020
81513
57507
8278
12394
20575
42596
72827
15307
54079
76700
12446
33800
91531
88224
26860
98513
13427
14613
19233
30078
17206
36835
4250
22275
31274
54288
18544
8148
51645
27207
66850
42820
79018
76580
15005
49852
60082
29967
33789
15531
38560
54476
73175
56879
63947
34992
93213
68809
62131
66814
1845
12069
46195
53149
85736
29426
37898
23897
92298
70009
93118
89407
22756
42721
78902
18255
38297
11771
49089
77376
28229
57370
61866
5554
78689
97077
89321
40733
90122
53183
39459
48794
78886
39204
92512
93127
85622
87799
38982
60948
64494
36804
15616
50999
87597
24149
47257
60008
32743
72112
39211
74262
71721
95765
71263
73560
84602
38501
90734
44931
47973
57978
70588
46798
12941
6022
45614
95440
9619
60482
14444
77120
17702
29674
58105
67077
46509
77940
80995
97651
86103
82392
76212
54774
46882
41430
27966
99761
86740
57622
67041
38165
30444
77309
90371
26179
10227
57818
43123
20350
74925
86509
96865
59119
36943
3969
41449
98639
36159
52328
28485
18772
14853
58400
54347
83978
30546
93246
66402
17350
46478
85206
41782
32437
49004
36241
62767
2582
35681
84520
58648
33158
75039
15263
45067
13977
57801
77184
99751
3078
92197
85415
90646
91807
34979
11642
39648
26100
77193
72748
16554
97425
1475
19411
28833
18753
18947
76608
75080
13210
6341
33440
49378
27233
96280
8607
69536
95954
6643
80686
64483
25131
18782
72539
8255
87602
57115
1980
2664
43184
20026
29097
37204
35275
39158
15470
78265
63606
86992
72444
30073
90166
39446
52928
74306
31311
29666
70253
26673
78829
90941
75045
74828
6312
17588
19428
32581
78445
45956
67193
53007
55624
57570
43678
10799
19941
42092
45526
39006
73499
16003
80939
71247
48395
21884
12055
79177
30182
36365
30600
48854
7941
94612
60306
85901
24938
54899
33781
90853
80105
14449
7920
91466
89952
74631
48564
99661
60108
47493
80016
71179
90057
76712
70643
72547
80366
16808
42141
44271
35238
32981
26278
29813
45559
47508
98952
53636
9233
46803
59107
13774
3782
30420
82377
49207
80892
59227
14923
20890
88849
11161
92899
93269
58350
38744
95022
18897
85263
32808
86771
10460
22289
23876
97225
55661
42002
43392
83597
58178
49975
41083
67161
42323
86234
60917
6304
13429
67436
34190
9181
17127
58424
38959
46247
64929
81570
98814
54043
911
22385
2000
33228
53222
68779
50729
40656
73730
82115
74937
3615
5688
85117
59477
49922
88240
21694
12559
84455
98024
43720
97728
24633
85982
38765
89128
14477
36604
307
9923
43243
67215
30560
27865
94115
78982
96009
96422
34676
5330
39538
50639
7212
86225
79990
50940
36180
81790
59716
16564
60715
39015
15332
6031
25374
24285
20887
84551
76067
45869
46555
33887
28778
76511
95267
29051
39138
24228
38734
43819
42485
94782
36090
4055
27095
84689
9588
1923
97155
28553
57453
14357
46894
35989
19980
90578
28880
68896
39875
28268
28387
13369
54031
17948
97843
50516
3700
90851
3645
3580
77116
6409
9329
5515
40016
46712
89443
30687
83269
84186
85838
78056
6476
58456
92462
49396
11099
22416
84074
6118
23738
14151
76308
11145
31099
59408
93890
19815
19245
20451
4940
53721
88416
48915
91419
95306
28513
80585
80926
367
42723
54876
22925
73235
20075
96982
41980
78536
61757
66595
44965
54572
74053
5498
63984
93161
98067
83800
70772
70814
98810
87396
50896
42964
42835
98553
10723
3955
71383
57636
33099
44520
79938
95244
86622
49999
86759
47958
48337
30865
81799
66410
31219
75015
85438
14190
37473
93482
12793
43492
66007
41335
30110
87816
48107
94142
40849
27777
24405
65832
73824
4378
60549
52859
40516
51152
38409
9601
49268
38711
90228
87812
16491
99460
79484
4993
11063
53897
98280
78717
96937
2455
51984
7500
89092
19259
82397
1691
11808
52540
45912
49074
88193
29058
62203
69847
25395
29577
82611
23666
7823
28793
32342
96270
4992
19374
18383
59219
46825
4379
89523
97007
48096
80154
26874
95915
78160
81392
28134
84583
67352
11530
15179
8354
58953
12548
58687
12503
23330
18445
3052
50040
84848
6186
95749
42375
35178
4296
93163
15505
89501
2340
78916
16402
52315
4335
86090
9536
29257
83524
60984
55514
76418
65576
99496
75589
2826
38509
19631
18653
26941
63438
31929
6893
1386
72589
80176
30707
11768
20817
34978
48609
3101
49173
17434
68747
85881
78579
26458
8425
65401
2784
82374
27235
56332
26623
86845
77629
85244
1211
6138
6380
38265
57626
90260
92431
23587
3024
76750
23491
65378
87665
676
99369
73221
7932
76344
28580
85137
57795
15864
46984
1265
7248
83281
2553
96457
78529
81954
46878
63899
92266
56871
76129
13906
94814
33840
37756
34139
51287
98819
98892
19801
39493
63114
30793
89513
21702
50064
94771
89303
89554
74580
93887
20323
92390
97928
93
70490
64610
67339
55234
63712
75821
90973
11467
90419
59623
87338
23606
15547
14527
34848
18331
13258
41763
47773
61871
17971
52226
40731
54892
98326
36010
53094
55570
21242
63197
34423
38314
35654
28738
29776
2209
14078
82955
3468
86664
7210
58739
83629
39361
69227
80942
53997
28956
72225
47952
20889
9516
48259
76915
42338
75460
7402
80350
11656
39837
67582
99091
73408
27705
89459
65904
62758
33925
33105
65711
75165
58839
64236
35018
75788
72028
67029
48058
50895
36719
42672
15409
18330
92278
66773
49573
61088
2046
82024
11460
25522
11823
36055
26112
39607
36475
73365
32001
19004
80079
75904
30225
38776
40022
6619
35157
56309
26001
91802
91522
71223
29136
59612
31469
89380
1736
7384
79470
28640
46726
63903
57630
57519
91209
74559
38678
33248
12720
35161
94212
12985
46762
69754
87677
78137
87958
64415
52763
23253
35755
15181
1629
11452
61335
26095
54176
8424
41004
95217
7263
9934
65696
33171
92637
22389
65860
94338
89745
47980
78694
42549
43834
76939
7514
22248
72667
29740
3674
52303
68656
71551
62922
64097
30942
29817
50696
26702
5311
35933
34125
58206
95111
49653
12112
15570
1764
53083
95776
60424
85764
26564
84729
63479
61764
8077
89139
22769
65966
97086
26868
4696
65122
94277
54508
85615
97814
43747
82274
18662
70117
67806
33604
69657
65204
17023
65697
60748
40073
30518
11940
31721
14716
95257
86669
36821
44279
27856
8228
2714
83302
88492
75481
22125
82389
10188
71904
27746
94160
97608
71620
43285
47075
34512
96607
29061
49711
89048
57803
92726
18269
37404
91737
95460
66602
21778
42374
89494
21082
64465
86520
46723
83147
46783
92299
81357
18583
21305
47111
53069
85023
52207
84964
45148
63415
41657
58313
91014
98431
36445
7642
36410
59173
75379
41599
49910
10526
26916
706
32690
86924
40688
60760
87247
3987
50446
9418
18975
16245
69941
16799
40304
2454
25895
69100
99825
34570
89504
92071
58459
17650
89958
13706
58288
58874
49788
96281
62477
88025
9598
82993
62242
74231
77124
64815
56124
69237
93902
1464
10307
28649
20908
61752
16153
28066
87667
7019
89750
76774
9867
63271
13922
39686
65626
80858
32736
2540
85199
15055
61888
56692
12122
91639
74710
21558
40517
95620
45411
22910
52222
59511
39370
69029
43978
17797
7410
90746
79278
38313
46620
15573
82102
17066
15979
15043
58131
84069
82491
9843
19100
5003
34791
1701
49113
71363
8379
93415
33641
65323
26063
89064
47379
95604
40219
63789
33467
18391
89568
96660
64849
51728
88032
4151
53193
67204
8518
98477
66656
41492
5462
66077
49337
93082
83060
19006
66556
45698
80166
19209
28642
69911
14986
59367
73721
62099
4322
67226
73092
37105
22087
12180
12070
16729
90940
94328
6534
21874
62010
89755
94305
35794
5157
19749
83076
30522
66401
97083
63033
71672
32798
383
5977
67402
5752
44863
47885
67884
53414
90715
14058
57280
794
30854
55978
2260
15678
78341
37692
67689
13899
13240
21710
61658
46721
78781
20097
65502
83697
98772
59080
73223
31071
59658
72425
44739
27970
90744
56106
65353
98042
48681
74052
57684
27569
59473
66155
62548
30839
43728
43807
12958
740
95706
71479
40821
90990
13297
95159
89804
24688
67046
50167
52477
36493
54721
51023
87595
75922
57623
76335
43305
20556
4372
11589
53927
73572
85580
11108
22554
97067
26150
84674
96681
41217
89533
78539
91922
93766
86998
62268
83323
47924
81936
51123
74516
48407
199
70726
96004
60010
93961
95262
71218
96524
38815
6601
86266
18837
34436
9318
17391
56860
18611
39560
94248
23783
33283
25680
92057
59984
47060
58545
87164
93894
28104
30374
48745
41340
72335
50089
51390
40778
64185
4505
75918
44227
36582
25017
60995
40137
41700
6505
25111
19944
47494
65504
87919
11416
35888
39102
19964
72058
66292
69508
69236
6220
26341
11140
99073
69468
13867
77635
2991
26362
43613
46203
79743
41932
44891
51259
30001
9734
49190
48252
23700
18017
12953
35549
27556
2450
66225
58519
63228
16610
10437
11329
42477
873
5345
43229
40989
78895
95070
56504
48718
59343
15878
41331
80348
35315
51067
13150
15862
18039
51415
6665
64433
3890
66606
80652
83470
13889
49060
11119
94187
29680
99689
72193
68458
90245
22067
27618
85504
3813
84483
44395
9000
8277
37560
53782
10112
91217
77151
23255
90976
28808
58448
71957
91465
29245
98546
71473
19505
41532
91974
88696
46374
10570
83029
22402
98306
39625
23269
44047
12637
90095
6199
78762
85419
8343
15530
96887
40189
47210
66676
61504
77763
45550
4129
39327
58275
16681
40524
2052
13135
43839
9839
90738
97125
21111
97248
32507
97739
91839
97349
64633
6650
55852
60524
39734
88730
2182
42623
67459
86562
8071
98597
31327
36129
16611
83159
16210
94488
70282
21297
28011
33461
85123
13805
78040
78227
48982
1325
94907
59844
90595
25748
54532
32682
64418
5589
84321
54349
4008
69388
38898
39549
11114
94652
2858
50277
97340
4392
91032
95670
54543
41092
22142
9095
8548
30177
56808
81328
77595
43845
93808
14021
16549
11339
27882
50711
99071
68538
74468
71959
75593
1589
19543
59720
94696
60977
38181
5450
53977
1215
70794
67008
57
7215
40221
62372
24611
18201
69036
47313
46978
55296
78966
41757
29641
40658
79839
150
80830
18519
82332
37740
80002
38829
98057
97330
97652
94590
14292
45404
54381
60390
69567
92473
59992
42142
13271
74147
34723
58194
10204
23546
35631
18997
11698
17307
67344
5154
59782
66439
82758
15255
70320
81209
11342
7911
19820
15408
64250
86978
39115
42841
21681
69200
29004
23319
53760
23270
2437
39335
64916
17015
68506
84466
64847
75840
76906
8694
17442
45881
35029
73670
77811
28179
17749
40713
56968
21353
49097
94344
1803
59985
8033
38934
51307
99198
20448
25992
40258
10088
8600
4321
71259
74781
81103
57813
15554
94279
8099
45632
54467
60170
62305
94654
65630
2057
86004
76949
39381
22926
76252
16113
68801
69674
92259
41705
17402
67574
91861
98608
55502
76490
52771
47763
23316
82263
37318
43812
82873
444
72132
5337
868
34078
63655
3193
14890
70779
63685
357
87116
11516
64393
81375
88833
10837
37047
19562
10305
92121
36684
46945
51844
88593
43841
27325
69199
5558
18884
26756
3747
72047
42908
69368
13949
6941
48643
30685
1948
6790
19785
26852
53605
57509
96502
80640
21262
89879
24871
59021
32642
37384
2231
63401
72137
36248
27370
62295
24283
77570
12139
84509
85627
13711
68711
76657
46205
45887
70152
9426
85981
72252
90517
2180
68044
97319
76612
4304
6763
8098
87781
66705
5946
85607
20714
35233
83505
23644
73691
72085
83176
13431
19468
43380
18270
39853
13737
2037
14840
72505
50225
36932
2746
77140
42649
40216
98083
93585
74839
14709
67730
56626
88356
52878
65180
68836
66418
38085
95886
55578
71431
46437
4069
92804
30571
93718
81277
50451
32539
17011
65443
75106
82280
70132
56056
48750
57693
6135
43949
85926
57899
26468
16389
77433
63172
79036
60491
77110
1099
63581
13984
88846
83854
8331
27797
26631
82320
61410
9885
84727
46850
35810
36381
28968
41841
91293
31939
15402
52439
43530
56034
19739
66092
28148
91183
81724
97828
87740
20997
60635
58528
13768
10381
26157
40785
69583
39500
29968
14241
35123
84774
27625
63423
48219
7333
48624
19440
64711
32122
95926
25483
48043
39242
52722
62953
18774
67801
6360
49763
87482
90011
32849
33906
75611
72566
57473
24434
82282
92476
18874
10190
98538
73823
24557
80181
48999
52492
52067
33026
53281
82185
35951
61763
14701
35632
16379
79140
57463
61458
55020
35517
38724
212
62827
89918
20359
61521
79738
29533
77921
62701
82123
18083
90998
87033
20268
52614
40667
31244
53412
89347
85003
79977
72325
5139
7439
66733
40404
93230
41161
94294
92155
91054
84396
80548
14689
85819
87286
96459
80247
78307
42693
36280
90806
49102
52702
25446
67519
33263
32476
96662
4569
24461
85327
74335
54633
17252
72408
29098
67748
69588
67360
8339
18609
82378
43302
73381
45779
35565
20041
45652
51959
61581
20238
32248
87996
7447
77275
25579
84345
43044
18361
75819
54594
77992
9389
42359
4532
52223
67047
9627
11138
73507
22778
91508
89934
79719
84003
51045
49144
65959
9268
21670
30877
48588
66506
36507
56062
88081
4603
39959
67891
11162
37708
13885
61713
85870
639
59654
48121
21213
73811
45215
12236
728
12290
79073
71654
92174
84870
94902
32513
56446
10055
89209
70559
92470
65950
14922
87731
91051
84479
93282
77171
63158
21302
61925
3361
1549
68010
8449
60605
84124
27521
1916
42598
41954
18277
96993
61728
97488
14730
42922
62788
69301
94125
32601
10346
99325
78918
53231
20857
11538
33537
18196
15045
82480
54481
87320
93938
3346
13809
43493
54502
42717
81555
5655
81922
11606
54306
88532
31819
57886
71335
97853
24189
19615
64714
32868
38088
49692
34643
42777
11605
43988
92764
64950
35003
96026
83774
49964
46677
83494
29962
21123
97274
11757
1220
15750
32779
61863
86885
3642
63774
79207
1186
28913
98931
99273
35451
71150
53185
77891
60122
35308
72109
74666
97532
18636
26696
73214
36543
8501
25377
28329
86251
57518
93276
77557
19670
70634
86951
3725
62859
53228
62162
89735
90564
47925
78939
9125
60324
57649
39703
60972
40371
6656
24231
43881
76004
14768
19940
57223
21946
16634
63529
50525
45831
67275
23753
90729
94116
86307
19938
89593
81150
28674
82462
66519
34197
35557
89490
46156
94994
90726
80426
38251
17081
97472
80482
97169
41902
2330
11646
87070
28217
83257
53692
26532
60258
57721
47382
77469
73826
56434
20658
37587
84061
55783
93157
34488
71568
59728
94262
19676
37380
45801
72648
66604
15952
80285
52951
67187
96867
15353
19664
33168
2240
98829
32399
12654
10819
24076
71439
74545
52395
88764
52238
54866
67932
81557
99999
54957
13819
40557
66425
8943
49096
4019
84056
84927
20123
48290
38507
34486
24877
84346
61722
68169
5568
7758
24961
36358
10504
64515
7457
17069
38292
85984
59425
79032
25320
11534
45894
16320
54040
92703
47567
20295
91742
84068
10535
11953
98178
8356
16656
47817
13617
85907
66685
35025
75537
1530
63161
49885
61912
6588
76896
30234
13565
21375
72880
17963
46080
34578
17146
11199
59731
91412
94852
13527
28940
2161
89565
36960
82005
57090
70028
36536
48238
13833
80641
84925
24855
40136
74194
37589
9551
73178
84531
95850
58327
35594
18447
46465
79080
64987
33809
66230
92494
30359
65140
12906
56222
38274
98881
39993
91612
20700
42920
69188
36428
50841
4981
39793
93652
5537
37795
22887
70973
46468
72762
66875
65600
6634
72998
59857
61847
68791
43098
67793
21095
91188
77301
84130
12168
1571
44733
42018
57995
33250
97378
46411
70409
98856
39185
37096
91333
69842
81034
18702
88304
50623
85643
47574
44526
48127
83330
24193
4766
34025
12312
78687
11967
40695
7322
48901
10520
75086
93337
92312
90302
25606
67162
2953
57905
46891
89457
61251
55643
43479
12038
96760
6096
35091
19448
93477
1072
5295
84745
931
51765
18145
65163
39740
68547
63670
85581
65242
4397
64499
62085
20352
78625
84914
60808
47656
30161
27698
23881
74397
77681
90720
33214
15487
66647
23576
37296
38137
52149
35767
8253
97569
32251
72105
81390
5452
13024
20102
42960
47919
77294
73133
81988
48288
90668
97299
73633
16337
52241
17036
26568
46956
70600
39056
52452
32521
97668
8574
31028
85243
33454
77971
83870
37630
20162
31758
40054
98741
55989
85289
81575
85874
1892
35690
56352
7544
69634
35365
42366
96188
71452
2468
83709
46062
95351
67137
73828
87295
24976
14295
84421
56941
34137
16235
68338
25005
13593
97143
40339
89815
51342
94127
95324
60460
67904
21516
49537
97210
97543
76757
27333
72811
47057
79400
84269
53363
74932
67676
19494
1749
98976
9423
96096
33305
69229
90221
25599
70851
74782
16643
15853
12651
79341
91122
5497
65186
64626
90970
92241
68853
26711
78631
68928
39714
43869
70369
99514
74344
78240
59879
69582
90766
10496
65282
11459
68556
89709
54950
14753
43161
24299
83822
74895
11989
98988
89730
1207
73747
29152
43500
35013
10521
46776
15885
96924
49257
24949
79295
92017
56209
29636
7574
13290
65541
68938
97948
60530
71745
90418
610
83737
91436
24817
64295
76704
64959
4436
51489
55312
43524
9534
54464
97048
85121
80478
82209
3827
6868
504
89044
73698
10028
40527
90157
19011
80279
4199
2248
62057
58990
54650
92681
38361
44771
60788
1650
11544
76124
6428
71330
32719
9795
68482
75843
55758
9325
67470
32584
12234
94794
52925
3711
57117
9346
57126
76012
47620
73882
6317
2697
89845
88628
27733
16437
62274
24441
15229
20963
1395
68982
80390
1499
74504
64028
2545
8309
76257
25763
56131
86482
36200
5878
89427
20318
58376
88525
38584
96370
8838
3831
41585
65066
57394
38650
34849
60225
19837
16728
94671
83708
93557
96875
69252
22611
10567
15734
1302
51667
14484
86626
65545
67853
24885
94578
29872
71643
19210
26856
1273
70328
74264
27307
36573
41474
87041
75925
12346
29376
65356
22357
87948
32384
43767
63337
58807
14263
94467
62151
84412
68434
376
40666
62221
73002
92639
77234
65700
906
33194
76367
47012
39377
89403
68511
32365
73688
85461
56610
94746
3160
27099
39068
31135
8044
24586
6049
64267
90275
10086
72083
63959
72437
12542
51550
2452
46206
79731
4990
6442
73936
20528
73995
71260
18903
57676
41905
63792
42704
98570
19187
62482
62727
33221
90748
61561
80734
9621
44246
549
48476
39503
91944
92872
92565
78005
43742
94014
31063
45545
13067
72441
53475
53655
41162
69158
1437
4871
72385
17150
70288
36463
84866
52098
80037
8241
26316
46714
1567
18945
26291
28438
57225
28353
36698
31215
84574
97132
74831
97042
12162
51351
92237
34876
97806
37495
76001
32859
97647
66970
77812
42121
88237
46245
74038
34174
38552
95984
90162
69741
49567
17488
24716
90560
29324
20871
2092
21987
37402
63803
6641
56355
88619
81614
90798
27462
63954
38514
89273
74218
82129
58625
34658
83202
8995
24920
8589
93193
74392
12722
11657
4724
8853
54907
99552
12760
30734
69725
81070
42459
32787
45600
40963
78245
27167
57930
59040
70612
27770
83786
61515
30824
81944
69735
48518
45663
44286
14515
52981
45387
8370
45486
52958
17992
14083
83813
73105
16115
5266
31774
20491
3119
73956
89383
61017
35267
78061
80365
31138
32133
30375
78465
44497
93147
35187
81191
38781
28250
90549
68235
66079
92229
28977
56327
59005
61955
44213
41466
64224
95960
473
90357
22742
81579
35472
9437
81192
35920
23329
63389
27890
42238
50853
48572
40275
50756
98460
69976
28493
31599
18287
75340
38151
52109
97374
41608
91101
81638
93593
15709
83399
94151
87356
3274
63739
89676
90269
2007
37553
87707
90493
32879
78743
82144
6004
79451
28647
50409
51733
18835
99647
41644
89105
30388
96101
59584
8559
9160
16822
93977
56790
73603
93133
34843
81378
8376
68034
45419
63985
59816
47125
15702
62571
66686
15230
89342
22172
26008
81621
34520
88342
32848
54533
84406
26187
32480
60515
28094
99578
73705
75287
13203
51449
14168
80179
74029
39825
58761
35551
83958
71081
56073
10645
98692
46508
66853
99636
82075
16826
13353
91865
50659
72006
78513
70229
35724
99859
70595
319
87549
80419
5734
73141
60551
13078
82456
28753
60240
53621
25536
48976
92211
89900
2399
5954
35746
48802
10875
29028
20990
21388
58132
63413
32325
88080
93710
65821
7276
4128
89176
83977
34167
90649
64801
24488
44864
60097
54630
27887
99503
89406
56212
27587
67894
3008
17678
4639
82907
54388
61245
44369
82023
66968
62438
45999
59743
22793
96471
25975
77746
23672
9454
65880
33235
12562
55752
48142
11548
98464
49539
89613
82671
14782
58609
68503
14248
94520
52427
85836
63292
79606
29655
6130
58836
74263
22847
88178
30344
75002
5967
50106
99604
76061
28295
62938
18244
56399
99660
58558
75392
18113
29226
48257
92526
11073
46616
84728
76662
61963
69167
22770
5089
83660
3966
65160
36154
94039
24901
20560
6169
11309
52344
46102
65881
60587
81368
96905
11827
71511
20139
2024
82107
97438
39931
31249
35108
91467
48637
91259
14598
86151
69650
46311
93099
58032
67351
29643
67078
19
70906
60852
19847
42272
17462
58328
81935
40533
44512
5713
2386
28916
95277
746
83166
2754
82455
46771
62471
2537
63073
10379
1486
28424
1115
4874
2890
89882
34669
80130
16447
75833
13583
6269
99495
502
54016
73486
34128
59170
50880
2074
99069
18642
2297
14064
30674
72969
37868
18683
46038
13160
51686
9685
75669
2918
15118
7355
56272
6190
75111
58007
21252
73908
40413
95681
70709
87676
63035
70082
10755
77692
36236
24527
75933
72450
21969
81211
98356
54459
78807
89495
95221
79502
94689
30038
88408
84078
14908
67513
72506
30815
64621
67377
2245
51963
5153
25382
17940
79572
9232
75973
48433
37673
23569
10793
98536
40490
27165
60326
69982
47673
97176
95454
43528
21814
29259
68055
89705
54064
76890
59707
44627
52834
71958
55213
26690
19898
69277
82756
99672
50489
36456
96327
99343
24096
77192
23442
52376
24466
36668
52362
37773
39034
24823
74
62924
47160
53302
98394
87350
96292
35110
36973
10057
37796
80601
5103
26490
98186
13143
89781
83860
40224
86413
32007
32121
9190
32470
32348
60496
44364
75349
23027
47471
95797
10108
29371
53579
38773
89479
10675
87690
24510
38422
62345
2078
1084
57872
80353
55704
32138
61366
90219
80151
52595
89005
81130
85777
18098
89606
32159
39399
3771
76623
2001
18621
31603
50871
89225
57786
32226
12410
91003
94844
94761
64459
45733
58353
15818
33790
15732
89065
366
90316
81883
73045
74922
67122
46447
26884
54921
30585
42055
56679
6781
80574
48644
58107
41372
60705
91030
28380
16933
16772
19293
67989
50950
24197
68866
73160
70089
46122
55564
14865
31341
88404
40321
20001
57161
59534
45347
6318
84072
18046
17648
16895
22104
3270
33083
21640
761
91480
98822
7755
96164
98754
57531
82247
27351
46334
89724
6473
15458
64539
89795
81657
44408
62562
26743
76007
92935
48469
11107
46768
7815
19729
6608
99387
17173
49066
84083
56448
85442
16211
16665
26022
5815
44167
59386
3730
10369
35182
98913
2222
1462
55331
51682
79172
28091
52352
74659
5382
86777
24661
32829
32926
16409
47772
43194
85632
3872
91527
23483
66185
10282
35645
58312
62974
20107
56460
21755
27793
46743
13875
71415
58566
26655
90494
23059
78800
8494
22684
46656
42034
32135
5285
3513
95374
91628
93029
61063
31619
15977
62881
9110
89682
30586
11849
22293
25241
94117
56764
25688
8080
98902
43445
75908
16087
89915
91941
44789
39258
21008
29300
52792
9728
65468
40444
2174
78415
6136
18268
76635
68766
10021
54621
5274
74780
83541
22816
1279
75850
55074
34151
4074
97448
56713
6374
22235
32661
84133
80745
43986
23158
56972
81658
92553
84195
81012
94512
69173
75618
1133
46436
52079
31128
52854
42146
77486
11655
66403
31963
82972
89245
50905
50026
73300
10253
40874
77631
41734
49488
25435
20967
4079
49462
45040
30484
89265
70694
4473
72188
50959
99420
99923
20394
77973
89823
52912
14269
53072
36576
28310
63873
64006
6026
36245
96279
56608
75044
82352
75405
93432
72086
62412
88125
35952
97688
81831
54385
31287
705
7495
13
30558
93541
73772
66065
36944
98552
90461
17030
92002
53613
3776
45389
24480
23647
40133
28470
90240
33839
35081
55674
11378
45842
19880
54316
92009
50704
9670
23368
2607
79151
40305
61874
71997
16129
71851
40743
31549
19010
14189
45612
32609
92812
54034
30224
62256
75120
56577
67998
7759
92374
42792
73259
36700
54103
14919
39470
38901
9284
27630
23215
31100
23719
33942
48010
43772
62337
42731
86148
23478
89366
79254
10783
45867
6605
23003
94954
7687
67824
11796
72327
21566
75006
95627
56815
51658
99783
85855
52710
96063
13908
9113
19674
53984
59314
269
63160
4944
16135
5010
94582
24628
28282
64889
7596
607
24617
61936
93374
24437
36589
19477
42559
43284
57598
51219
547
81458
32813
61823
78784
3120
1917
21220
78491
81760
4679
31227
51062
51135
71275
68951
87057
5194
36961
38555
39691
889
98735
52141
16887
45824
78365
32271
38425
51428
93732
70473
10115
35040
22035
64274
52491
82091
3056
44250
29470
9749
13850
25305
47812
24317
86309
37469
28714
69375
28325
60842
84299
13658
58970
27257
13499
82315
99910
47002
11351
49051
34654
39037
44039
53932
17032
35903
63716
89474
58759
12381
83210
46000
53590
39761
92909
6748
38377
8256
64060
94522
14786
3238
24846
43904
25391
84310
73399
68806
10947
57248
56500
88060
61233
99589
64917
96697
39720
84066
999
93539
15101
18018
14025
28587
1662
96565
33738
61190
54058
49155
80429
54109
78083
74852
95342
88845
51009
66943
47048
16884
22916
80199
19560
75534
38821
43157
49814
82550
5164
62175
80356
37715
80266
17471
92474
28853
75285
43642
99915
79540
95179
64620
64985
66331
60418
85200
35609
84023
83484
95389
45131
28847
10624
559
80701
33307
51921
99873
61651
91507
29955
14138
18068
79116
73525
40208
95606
73957
73232
79657
56916
75323
19977
53025
19300
15152
78531
12184
37642
2958
51270
6048
41291
176
60035
7381
54862
52534
13664
16866
47856
54935
71264
79099
72350
25665
63589
42471
38083
8841
99561
92246
89885
20690
94008
52390
9994
90673
55314
31818
16193
54299
23610
88973
23462
196
63371
50917
97156
10533
80175
7702
21863
61238
63422
93665
79081
21982
74582
71401
64807
7965
69515
31129
15285
33552
57002
11921
27003
81990
66743
73376
23968
76563
10101
7221
5254
86719
78276
65391
83486
86176
56260
2130
19130
77338
55969
49706
8954
1476
84105
55741
4876
60305
93459
33151
93173
8537
44568
40343
32742
46356
86027
51661
82901
66388
47738
74865
19149
4028
30385
37514
16862
73452
19916
78811
89344
50909
45292
90489
28506
24837
37139
49709
48272
64426
60449
72401
32305
88168
64705
25479
23294
15326
28046
2565
63731
90838
59607
56128
87579
49198
41027
61426
64143
99119
68497
20426
19858
73661
51899
26147
40198
65542
2458
25256
52673
14005
6737
86279
98742
92628
35425
26060
11087
43091
44745
98721
41974
96665
90696
61970
61445
2150
40467
82092
46260
57941
23890
25404
24999
32270
44471
67531
20234
23656
6525
30757
67229
22845
45989
82891
90504
19082
30117
98529
49045
4216
62940
72043
94530
20019
13616
20941
49370
49327
54361
64128
6957
15146
94154
95170
34134
85757
90191
65162
42475
26194
43165
39001
54452
89600
39685
38036
5332
29554
91947
18522
48864
57574
1089
44659
76402
92765
59291
94670
19027
69986
52414
96711
25755
80665
60110
67290
31714
68565
83046
7109
50560
42490
47053
90849
97748
94099
73621
15762
58061
16590
89029
21342
91218
19836
89167
30888
31078
40654
14545
64121
675
90019
74005
3096
72700
64065
6423
31499
76634
2447
45644
68848
14996
92821
56849
87399
16919
92500
18879
382
26887
46327
19351
37509
69763
26274
80961
25855
52041
95625
12007
18478
80533
55935
22703
91819
41798
78268
8789
94924
53792
50440
32667
62327
10442
92420
71090
30767
85923
32218
50020
19402
53710
77199
70093
5780
93613
46703
78993
15386
81498
60329
62531
92280
81214
2920
2942
88377
24838
14950
35828
61184
4158
24453
48803
77580
79258
35273
4259
52789
86853
28238
7373
56779
73814
40672
83615
2407
56101
18245
55037
27595
53332
64145
8116
79615
66406
77537
64761
43377
36798
24043
11870
18512
74673
33320
10823
78720
99952
88876
4694
48804
32405
39627
32153
31271
12528
27180
75625
6935
35213
18603
68696
53126
99438
96475
98521
76640
51400
76016
44353
22496
39217
47570
24950
26869
98900
34751
54900
70594
11425
47798
1614
17218
14222
7907
61175
20822
33187
81826
60738
26486
6755
8955
81196
39675
60333
4976
18776
91097
53274
35242
73199
46438
25084
58100
78541
57834
23335
9274
59421
56274
82124
97710
10740
90351
15751
48405
14259
67616
78057
30010
9573
85693
59077
92973
35901
52974
316
20014
23883
67794
78855
56658
5353
68224
67340
30373
39140
16110
37185
53134
26862
39690
26072
84809
78813
12615
46401
67709
16403
34443
11830
67071
79961
94683
42508
10772
8970
19255
11136
22753
44794
36611
81104
25876
6539
25756
72438
55536
84121
72545
42189
79276
85254
77415
32886
67699
11388
1800
71041
44748
52302
86762
10749
87536
36682
9281
11223
93235
73912
45431
61548
35132
82515
23989
43352
89279
82771
3180
10272
56580
7323
55470
2982
57356
81041
82867
69338
44907
52196
85902
21147
18949
21384
85588
54009
7446
29287
53620
69144
74931
77714
92690
35485
36710
7568
45522
69027
88246
95924
81640
58897
29659
79976
42653
39283
85820
20351
16578
58246
93055
67030
44253
16800
16663
33424
1179
62563
52119
57163
44311
16351
89394
44399
86786
84198
34435
34901
4760
43907
3231
87871
13341
42890
55288
79701
69242
29729
45606
98265
46228
67887
81093
76136
10178
5393
21015
55460
88655
60058
46990
48354
30972
67246
81118
73334
47067
6482
86203
26068
18403
42859
7219
61526
3049
72000
59263
8208
14885
69372
92146
26865
54904
11816
75436
69846
65459
82571
54948
43677
68536
55830
39692
60012
56200
95425
59986
82555
24615
90917
96332
34538
83214
47474
93469
22477
11628
7262
14219
50764
8025
30944
55714
46495
98048
40140
39856
13066
67400
52979
39231
80000
39320
60064
82681
48808
98402
32104
93676
21366
26726
71320
78123
4716
33501
58924
48941
39817
12319
8595
96380
90700
4618
24520
65777
90413
71407
59179
46517
87916
33082
83212
33715
65156
45334
49593
20669
46788
22310
33160
38500
50635
41554
20540
89098
48937
70853
49123
43786
8644
4035
59647
64972
50701
14470
51305
68021
4371
74593
39224
88091
51442
97649
78593
890
64850
74568
18124
49867
2318
24468
55476
3627
40636
71025
81021
79696
19609
99989
8177
10510
82883
53296
17893
89841
10881
90403
92064
42441
87668
23243
3088
90216
19902
42756
86697
15419
65695
49990
15891
94161
69152
70949
93048
84260
81198
80264
33150
29512
25223
6023
40246
95696
42507
20320
50452
94043
1096
65462
26024
95325
79019
81549
41863
27451
45636
21574
38518
80928
53534
75339
50339
37261
34225
97353
67499
31738
23238
24595
1451
39623
88180
1679
58265
21475
39070
57427
33764
30724
43537
68726
12519
75201
75772
52148
65453
58769
7468
8248
886
30521
7345
62012
56776
1356
62307
42498
65924
10736
5975
49564
4080
84532
34917
53311
57919
96344
25521
61630
25089
41378
31467
85147
42119
50910
49669
38141
40237
36481
99972
4309
30881
46060
63276
34160
21233
40352
44185
79397
14707
33336
52418
73829
32544
69490
90243
13630
1857
62216
30057
32487
10790
25697
41898
25304
45758
25591
64075
69323
19948
62813
96655
12839
18669
49728
20064
88430
25023
50907
99704
59333
99065
50946
59576
15756
46201
14617
25802
96657
35295
34165
99093
97983
40330
21166
82855
92707
91457
63475
15974
93022
98847
49707
33068
18931
55525
83086
32695
53214
62321
88009
58983
29744
92716
51407
52014
22609
56388
18582
42410
70641
69365
21336
66932
26192
78973
1502
36458
19713
97159
72569
16641
65535
30095
8627
38619
28687
59007
68115
57948
98487
88085
32213
413
30312
29289
10135
5646
48730
90875
37093
35935
56667
78974
52558
78525
43558
12597
30883
99428
93978
29379
96171
54601
9102
78749
57468
28099
40389
31012
45327
71204
46873
62072
34682
1575
77525
29895
71487
64538
51786
42244
79244
73649
50827
24756
86849
5093
29538
44175
71118
36799
90100
29231
85090
75770
48202
57916
15577
86452
25622
66471
94645
63164
67929
55267
72588
20757
49047
89085
39552
22966
25873
22179
9133
6433
25603
92466
43485
69440
41297
25324
71673
30725
38411
79552
6309
89507
52707
40869
37098
77174
84233
1469
67268
36083
49743
65615
92310
70056
41216
32050
65540
7957
19323
69891
55779
81714
61080
27507
5615
13999
98239
732
28332
62375
46815
9155
2673
76645
21102
76872
97980
6053
52916
91775
93829
79937
13381
11335
48055
67035
92445
64500
144
59363
48311
96631
52175
43997
11968
44959
73380
67153
54616
39687
49543
44768
95205
46752
10420
47473
37968
36712
58200
96411
26903
29093
36256
73794
79727
75868
77640
87165
93032
22664
3095
39711
43207
36769
58427
34467
22392
38916
68172
334
20414
93881
75494
59201
2543
82371
42708
25524
83649
33079
94469
3503
10908
68248
29859
18460
26131
93388
72090
3834
71613
27404
21697
95742
10469
10297
16989
81514
87780
28525
20235
97397
5987
10066
43470
5125
42753
1618
96226
41805
657
33298
47901
40787
60811
73798
63743
29475
67860
50919
53326
31416
45438
88337
91520
48152
26505
1780
83331
15557
17860
81022
88174
31928
98901
19583
32863
80909
19042
11945
78909
71143
29267
64403
88007
44871
64949
3439
17154
27202
70431
36064
10189
87289
10779
93962
46777
20607
97212
50285
28368
77387
59146
27019
66967
39290
77318
88776
99866
50098
35262
39909
91058
33612
27737
63006
65825
2478
14553
79508
45394
67325
23427
63277
74893
41107
4849
22775
68223
96589
94085
45386
87888
27689
64087
70702
68464
66453
96466
43167
72922
78537
68093
86920
59000
34234
83754
37188
20274
12454
43461
73317
67186
98212
57281
24339
4131
80014
4525
64751
46943
8176
62164
76388
28746
37240
6749
2872
67487
42542
49238
39020
35307
10139
30867
7461
27427
10752
10912
55975
45543
77493
12362
38022
7787
77911
48558
83371
82366
61500
25380
86470
93906
29688
52684
52886
75938
88621
95622
47667
78331
69888
93770
88242
19294
39234
75224
69717
2886
47069
95782
19897
67666
35869
33749
56654
44270
19009
7818
25067
24890
25163
56559
51971
78952
64453
84287
8316
19998
80536
96476
51723
94315
18745
74949
93365
38129
88283
15019
91126
63966
25880
56093
4810
35335
98049
42633
26211
87748
66162
10373
39611
39803
70573
16090
92010
41393
76060
25430
75575
16858
16531
92784
64848
29206
65775
56413
75099
14066
78177
16629
30027
65842
20703
63644
79333
58634
3977
5817
84172
32977
62893
82399
41360
60629
67726
89051
83953
62745
56397
83137
13993
40592
47114
1492
95195
25150
51678
58412
20239
11943
84928
44179
87807
32875
82794
46899
16011
43095
92244
80877
35695
29219
91863
77788
81099
4400
49244
29721
73672
41595
98259
27608
68048
74689
23318
44023
12868
93162
24105
75870
29490
12566
59006
28938
67943
39434
33974
26038
17056
75226
32486
51125
83628
27900
60569
84040
74801
12705
25457
20464
65915
66883
88238
83256
87040
11861
27850
40293
97666
29601
20713
80013
97099
73632
67963
71895
61785
7150
12784
23480
80294
87614
63429
50679
91622
89974
47744
37811
3524
44133
61108
47023
17461
27548
4700
93340
12161
61517
54360
28696
44141
45534
52286
80872
61965
89269
45302
7208
58499
55141
25540
20289
62034
95645
31729
45714
24668
43848
5160
79958
80598
46370
39276
68629
62799
92340
89838
74394
10955
55945
44827
14464
15572
60735
9638
40203
41334
59056
34123
12666
41770
27604
63976
34419
5562
18454
66084
20494
38437
92523
11160
24921
59567
22065
99150
67266
76558
45702
20025
44840
70309
83206
92029
49459
10608
82193
84292
21654
75019
29284
18993
4401
95975
31086
29042
7795
93052
7664
17587
19599
7903
18077
49315
16252
82046
22840
33499
256
96185
2662
38068
4661
63099
9541
32170
2187
79996
67496
77119
54781
29889
93940
60512
39349
80682
76008
34283
36424
10978
32691
7973
30072
44367
17022
4827
24562
93800
38467
99021
57070
21937
17709
36111
73038
30524
62933
12021
19271
54514
72144
89313
90439
63484
77179
77266
28504
73706
90046
91350
7002
12754
22132
72497
70791
84009
42045
95490
15391
90043
49531
65
70776
4109
71992
50903
23771
8660
25325
74919
45797
87202
62408
53419
56423
45492
8405
39635
28427
57782
21389
55735
2992
1295
62612
12336
60019
80941
58398
45643
52472
9869
84270
4062
69865
39080
31399
25018
17601
87011
83806
54628
37655
17392
97471
4115
76391
29654
18942
1473
64998
60206
30710
7837
19694
86780
47883
95135
40089
87446
46766
68844
52681
49792
80501
97251
41212
77373
71331
86311
5592
49264
65786
49093
82467
99922
94131
45121
31062
35006
70675
26139
30846
1040
31580
86643
67269
31
88561
5163
80198
93701
19439
5460
76056
22598
17222
56104
95404
89045
42622
86685
47764
43439
36974
61377
28032
24077
20087
18546
21668
5242
272
35824
25062
71894
46583
89241
30887
57554
88656
18952
33222
39637
96195
66246
27350
7458
83779
18333
16798
62276
66369
31904
8560
49878
30625
7273
3651
49134
36726
42763
17040
58406
59289
33588
92384
55971
55742
46868
76111
3937
7719
82919
71789
37733
59685
61913
91098
58541
91425
75615
82408
81207
33540
32545
77230
5319
1299
68347
14463
14030
2603
33899
26121
15915
87870
38541
34519
39366
87869
80097
54442
78438
4113
97874
70451
65043
930
37667
64579
92140
35250
37356
13786
90848
47359
40808
71367
33391
89130
20747
99145
71080
82044
44715
52116
56357
75717
80566
47617
31140
37967
13824
63037
87345
60895
8346
22531
66963
88851
71397
95684
4642
6917
45361
78286
45475
52755
87964
8638
53161
57112
40605
13434
48818
61602
4768
77032
18660
78740
8985
88437
20671
55607
46863
25365
34280
6464
96946
81094
2045
65408
50883
83559
90131
75624
36922
58801
89212
32522
11795
43965
33912
57228
48798
1641
77898
70258
13855
638
73539
19795
44043
4215
77840
45007
64179
524
25470
23172
92862
49019
94701
60492
97961
63763
29460
12496
48770
51249
28646
88807
81615
12757
77148
26426
76169
20142
40170
44017
50488
1697
37529
77040
11932
20653
94240
98213
11266
24670
13037
44571
58856
89082
21185
30634
23484
69159
57198
97768
75282
24319
26116
63427
1601
50363
14418
44496
49804
466
31160
15252
17979
81255
63936
8715
88573
58694
76159
42260
39293
5914
14501
60950
6918
23537
53350
81547
11017
82545
62991
58342
17926
42021
75692
60011
3054
16483
19780
35784
73718
31871
42589
82067
61848
87551
67872
31556
26513
85740
58501
13610
8274
89591
39835
98065
62265
75040
53819
88259
93106
82908
37355
48309
47305
52905
79060
51538
76179
82045
41302
67072
84513
12876
70023
13014
22415
21137
26143
14173
94021
82243
26249
51403
73053
86736
94341
20331
51401
38930
31858
12819
29375
72549
34324
69580
24626
9998
6081
51821
23086
97899
32061
10737
85155
18048
83868
53474
54925
89022
28910
32460
17
55627
13622
92509
97539
1733
33772
46092
83497
70648
6691
81631
52235
34485
31865
47165
37917
99220
23204
18332
67003
25742
60615
88498
98604
43
46983
59242
89246
99856
7931
2261
62652
60696
7737
90369
93689
10652
74333
68660
91750
1888
22936
12298
27668
33794
94744
88865
72616
99869
29532
98188
2238
82602
25871
43554
26107
19957
24983
52877
8242
52812
84834
47525
36162
14699
55641
15286
88473
34889
2364
55581
41420
19665
39412
83139
54848
69770
39319
10480
94263
71591
66265
82752
25407
67214
16132
225
19368
30583
19965
97732
2523
68176
25162
98223
39011
84293
33201
43465
40159
94234
77913
37735
30356
62315
95261
77696
24655
26146
67032
30632
3350
26233
54709
77776
6176
20745
60806
48473
78167
73170
90861
75718
27459
2
56439
43277
98729
44675
74254
62517
56173
65938
48078
94070
55171
75728
59172
55729
75402
64639
61066
76011
18468
55303
36871
50664
11456
91447
63742
67265
56622
93798
19126
10317
84136
11133
3904
40784
49010
70279
16158
81383
71661
57393
37635
61189
23659
89488
91314
88835
53064
59485
55500
56604
24195
87108
39827
1380
52482
55465
64921
70568
60836
76272
35858
44855
85854
17114
81891
11104
9818
84144
22141
37045
18345
92540
2999
7518
25099
15586
26514
24151
78069
77824
66861
92136
9709
795
82064
41843
27188
66443
11890
13138
25087
24519
63264
43034
37249
30128
40316
98589
82304
1276
44742
36045
68804
98649
52625
5951
50580
92892
33855
18483
42321
28629
2665
7797
69910
12001
50464
69736
35969
63082
57404
50551
60602
22825
91640
73450
25428
53418
3039
87235
39144
41731
56716
25619
74626
65433
64370
8981
33956
29536
79836
62191
82808
54234
39305
35184
46400
67132
67653
90562
72966
88322
10425
9277
44128
9812
56370
54108
90000
61069
67228
67064
81629
31792
21326
94791
19706
67832
50257
28510
29618
63532
69681
79030
17039
70191
52441
12674
86005
93695
38450
66811
54141
99950
53349
46645
52248
76936
22259
7565
74623
75395
14387
88053
90344
57144
22034
90845
22043
30480
75737
13540
72487
84355
26243
63983
70706
87839
47193
11575
30287
3668
96599
97871
54716
12037
97197
73058
19868
92368
83225
84314
72451
75178
14184
65159
12072
38838
69362
75735
80714
63376
60935
50581
19415
40178
45149
60334
90780
54790
46289
6422
23392
5075
77651
61792
62184
89737
39380
58269
90878
56198
35395
67590
9986
5104
20192
43223
78542
33178
66193
91005
3754
71787
21466
30897
48517
90610
48161
44779
19197
84015
64961
43174
58755
20174
35310
2404
37016
27544
66915
55743
43119
20396
7027
53615
42304
2527
57645
36290
84733
20896
7705
77026
81893
80
53943
81910
69827
28026
480
89656
52495
21970
62538
3381
37363
23446
99677
68762
16017
21105
98619
27927
28733
44666
1692
87053
64545
84826
85705
47686
51312
21610
30786
2472
30720
15744
68882
36109
65557
25881
54277
86784
11531
28437
69643
40034
13845
55659
37754
6937
1708
60653
78904
8859
65489
44908
99047
50094
58556
66059
82979
34853
92228
26649
64276
26552
98737
16436
32644
47704
73945
29085
88778
87201
60575
21077
57401
32942
29405
95709
50795
70888
82133
1358
39586
61415
4888
16267
55939
68572
76607
37197
17755
45841
388
48089
87838
96248
59344
85126
7275
67256
52479
28536
4743
76424
75866
83474
11999
53138
12982
11106
39555
74624
50362
56095
33071
3705
94871
45589
29911
28235
24141
84980
96601
35097
59320
90075
9001
84353
78991
72850
68018
18597
26443
97244
54496
2690
32051
49676
34371
52417
40701
7177
27381
30102
65717
9375
4163
41942
18976
7178
45732
1241
21741
86001
17068
25507
65095
22356
23279
12473
56990
12301
51648
72370
47147
68869
86016
71763
41952
27653
80127
19892
37567
81479
62
21283
8667
71636
53221
59529
38243
98226
78533
86000
98285
92221
41963
41269
96424
78451
42098
61400
47998
51022
49024
20535
12831
87117
44032
96036
47564
14849
70893
86070
76815
75473
88335
30950
98666
23731
64759
41633
5130
2620
75758
52738
15448
66617
604
27446
76618
64522
62542
83372
11879
2413
61629
5656
57991
34608
15949
48456
6250
77633
86380
43108
32533
18076
6209
52312
89267
54959
40639
40422
34052
91767
38380
92219
20826
98483
94081
32292
58120
23077
87772
34678
32843
29507
9502
64572
27951
68138
19885
2977
35463
63257
24703
8847
73100
4024
6715
2789
48878
9936
77847
65684
3036
16505
93078
55346
43562
2481
12153
25024
31941
26340
67319
95616
10391
5847
31890
13764
46271
66718
80794
87558
33299
98586
17846
24879
92963
13435
50738
42976
10472
46021
37944
61797
17021
14401
55345
31127
83669
83916
17475
99324
8455
48714
34414
57843
79714
67448
19370
99418
70290
94807
20374
20580
98215
20022
11265
32756
85456
32401
99398
28080
90458
23399
29164
60189
75982
38177
79416
16036
55492
35393
60375
36053
41128
70823
95741
61773
75884
26566
37913
70201
74050
67430
2719
26048
95532
3972
14342
90061
90717
75055
6974
45678
68351
11071
91072
20335
65828
437
91118
24833
81626
13636
26113
37758
59166
53632
20430
54257
27192
53439
24349
26890
63605
52198
439
40384
28858
36366
7831
83153
7487
59390
71871
1183
19250
23868
14346
47936
72826
950
34261
704
80333
65595
16779
82202
77650
34588
25776
17927
67299
51016
75445
61425
50723
98379
8419
61762
67185
83182
76800
9636
489
51555
15932
50918
57904
94606
89601
77953
81701
3422
38196
7491
79563
53129
78333
37966
82588
92797
5407
19390
58527
58513
75964
40910
35602
20236
2418
96758
96505
27402
25273
52123
42884
52857
15550
57855
72293
90430
79230
81777
86267
37602
46331
67505
79351
83862
71946
8793
82361
28794
84362
15371
86119
72870
76265
32010
36412
82544
86484
21637
1831
15466
34383
73588
92375
94028
27163
61417
82061
78819
46193
669
69047
28953
71103
59682
16784
70228
92482
22451
56708
80272
54952
40545
11004
4830
16142
99693
73958
4749
54719
21532
47198
66347
51397
7718
73551
19881
43252
3599
93203
3092
62176
87231
1048
9931
74281
60768
52263
79394
56263
96985
93805
83078
33452
10004
66637
64188
16651
65478
89870
86837
55863
98196
19506
40032
86598
44464
50721
23019
90812
1675
86973
38625
65398
4438
11853
65486
29303
62344
50941
39390
42580
60344
69191
63205
87754
78940
37513
60164
36899
28081
68133
61956
51058
62496
58921
75296
95855
94536
90684
75403
81941
32789
966
84601
82968
61885
35626
19565
71612
93424
63444
64363
52606
37923
6943
26433
6285
23039
98140
35808
34368
95155
70190
21227
56726
18652
80167
15430
16434
31704
72177
90964
83606
8434
43874
22443
64394
89706
31755
47365
67396
55280
67096
31415
16773
91310
77883
66924
7974
30231
50117
52341
64549
22834
60813
22721
6093
97141
35740
84873
89936
42472
8234
88452
54915
51957
97827
23979
62818
57239
21728
38296
75529
49361
92159
52617
41003
15999
46929
47007
58804
32278
31397
5992
37785
86488
5565
56710
32260
60030
56431
3789
16442
45556
22670
60854
63225
61086
57994
77162
94717
20269
57120
10455
75250
65194
22857
22985
21914
53505
54717
18334
16249
91095
55840
21827
66082
85320
39816
35971
74803
44422
3661
11931
65405
45617
69739
41392
60032
36941
92328
38319
38081
11822
88021
36140
1977
23917
51497
22680
93332
75899
93937
18738
93922
28537
42871
33706
25427
16476
54320
82218
37253
702
92962
18505
4383
50471
13033
64599
43385
39230
92187
9475
53767
29453
6526
99617
42035
37082
28907
87364
53559
29404
4467
29709
10940
15667
53942
66781
68712
36591
23361
58857
69558
69775
71869
10800
30688
15067
3952
28078
49637
5711
88065
17924
80109
71833
28981
94566
84939
64390
87827
13338
56623
35254
32937
54817
76116
14777
60074
30288
47290
72681
65321
53000
31334
16869
32962
37786
82039
66914
7992
28544
46862
8840
49718
73720
50771
82031
1122
85831
92774
71633
18834
54738
78652
31133
24343
77849
16644
84390
96086
90619
41282
13857
29626
58212
29076
86165
90802
26271
23320
16637
32080
22272
66920
9391
6613
7872
38878
41458
52860
52288
64385
77960
84789
66043
87004
95038
25752
92745
33526
93016
94316
30426
48850
72423
64402
22242
34517
6039
69276
42833
3177
296
43028
23045
29118
30746
47522
65556
73604
15361
73027
96093
45501
6891
918
25865
33472
92360
26569
8640
86803
8693
10226
19091
43707
3927
64411
46540
45720
68086
32757
79022
25235
72727
70903
22905
62664
36436
80593
35850
74444
96783
62130
20570
39776
96406
60363
23908
97390
49538
53771
82458
16614
60252
38164
98496
71257
13532
76779
6988
22822
7822
38995
49
40354
26827
87178
94531
88388
73666
78722
99710
99050
43958
76096
21228
53404
32011
83463
38412
89540
92327
33705
30958
67414
36434
3058
20844
90168
70110
86840
73226
15140
56593
98921
8507
59249
43750
75232
67255
85825
43533
80727
70804
58767
53952
91652
14552
14664
33191
19945
84676
71567
39021
55069
37201
25213
73563
29714
36274
21896
26469
49909
14045
6121
82072
48676
37997
79829
91887
14993
68402
46625
68868
61261
65798
41877
5237
73743
26229
39953
15274
95840
10333
30736
84402
83254
62451
55844
96154
16654
64114
42939
62110
35524
12827
76500
44735
50426
77829
42725
80839
6311
35243
11154
58462
24157
5221
32511
22636
20840
2806
23492
98515
4983
57810
21643
6155
69771
77436
94709
93187
1599
22759
63302
70762
16739
68962
24005
50156
56281
30855
74955
21197
99778
10011
1839
57243
47310
54437
79074
62842
22336
91070
82333
68179
61826
32363
13759
68449
40572
50926
7961
2548
56897
82665
31435
36666
64339
37946
32696
66629
46808
85091
24601
48859
31199
50805
73773
37782
50726
62666
3166
83284
68368
98158
99679
17959
48499
18626
52269
87921
27091
23708
96634
50427
89671
97130
81322
9196
97503
61507
63187
2850
85938
5718
6991
9714
94892
63706
17353
81146
66831
75646
47175
69154
41409
79174
76219
39650
93222
60743
71652
82168
69094
63327
33509
93164
54133
49869
68268
34444
5444
29580
96473
84276
23079
65488
4826
30708
81924
22960
8236
52464
18461
33995
15264
15238
68118
8869
8330
53566
85708
54674
11625
50538
76100
93146
64282
6292
35477
51164
46608
61751
4385
45654
43719
83979
4178
94375
95956
84591
99695
97636
44886
89477
80862
74369
46849
76808
42029
40890
20199
62059
10258
28106
99092
11840
52483
1199
45505
13785
71548
81215
40489
38227
81385
28560
38597
54940
73807
12076
54909
40395
52564
58639
95918
84694
8351
41677
48842
75579
85571
19655
36432
26215
79592
468
65746
15450
6807
64943
12912
81114
1577
14422
71696
10040
43204
93519
1660
24254
36952
44351
15259
96630
33428
34664
29260
51374
70449
28914
27788
93262
14297
89994
92137
44492
35109
93011
50160
38945
82271
58947
4858
25904
25011
59358
87509
64765
97181
21354
85409
83807
15153
62646
48759
96740
12799
28677
10148
9011
90932
18877
86515
61391
69244
61221
80165
79556
49121
69905
64703
74226
38663
37228
78528
36594
23198
20751
53105
81369
24584
51773
62504
69745
34242
31060
86494
12170
73869
69333
49931
51050
62832
93024
1025
60332
76267
56306
15672
88862
93183
948
97062
83967
15482
72760
12655
76372
84592
90565
45339
12172
82926
29738
5356
22110
77102
1593
70118
35713
30311
39309
81743
3936
30109
61371
3395
65659
26412
46430
39527
98647
18881
5961
39531
69637
59965
11217
6280
49090
16782
70097
62860
73636
57233
28286
73662
46757
85260
35255
2956
34941
13919
64798
38108
15496
88118
15525
34243
32042
69844
94674
38389
89333
30360
96571
10579
1023
65426
46958
7097
50033
79588
23525
86216
15545
97090
1081
14044
13409
35834
99877
4776
56962
70394
18856
74400
8586
27517
26406
94857
25565
7321
19348
56794
33009
27297
31166
91452
54129
88106
49643
1759
99690
45024
2163
28922
80024
36301
24206
2722
35301
80095
98572
77321
39040
98461
55897
89170
10830
30702
93046
28075
63241
23761
3288
15814
65454
51209
30739
32565
27629
9319
65044
92604
39562
98045
81696
38061
51930
83622
37779
96045
73094
73462
63732
1565
45384
45874
33583
33204
20167
27266
59105
84968
41127
39550
434
95492
20371
69346
81674
60906
53824
6183
52705
1500
11592
96733
70247
44765
65313
39854
73416
28873
43132
68426
7082
73377
28341
22572
59509
48327
56642
63375
29649
32182
50648
85188
20719
81659
36114
6877
42911
74349
42461
41592
19378
68904
97464
13940
52500
24127
25585
61065
46004
7768
81661
86855
83014
55506
73733
39214
52361
98422
66468
62154
99372
31590
769
89350
27773
88064
63689
42414
74295
2584
91201
75440
84031
88645
42876
33814
35931
9365
49614
8784
8495
72688
72907
2065
5772
29888
78556
82509
48124
91319
75365
79202
86755
87127
52640
22783
76667
5598
38140
20246
12214
91801
93873
22210
92233
26805
66368
47573
35168
18027
97697
59317
9995
15628
67639
54482
64907
63112
31811
78946
67655
70273
55825
18169
17123
75136
15185
7607
86712
5888
26975
26427
77751
22978
1587
26272
33607
60237
41834
44111
54317
59931
32735
1213
60503
55231
56027
25846
13214
52671
21897
12731
76991
1505
96111
65039
39851
41799
17339
82813
96135
30390
98955
66944
77142
62497
58481
30029
6160
73967
72995
15988
3127
56221
72199
43148
97305
18974
26028
89586
31195
15246
77951
80628
47421
23784
11777
92302
91199
66130
24827
96011
64813
41117
5205
50206
91581
93088
26317
76120
22287
16398
83324
23611
33559
23026
68649
63599
40036
90896
29184
57137
21126
14536
84854
273
86101
49029
59090
842
86252
88271
2084
3080
39751
24355
72073
38737
40789
89762
30936
88380
26245
5165
50989
10738
99826
47947
50265
51841
25376
71422
38911
20692
90791
67665
43844
30226
18088
90542
40603
46736
47979
88983
94056
40757
35666
89947
75863
48787
992
60980
19806
20756
56757
96805
5748
30713
39966
19618
75401
11276
50271
43149
65219
58762
49221
58508
70544
55778
82189
96339
33433
24541
25982
19752
80998
81365
66330
38321
73994
137
12605
58992
60649
19021
91221
37186
36540
53158
77382
53763
3822
53709
99277
78676
3230
21511
9962
90226
67909
36596
83745
37133
99426
28949
99830
30032
17002
86850
87872
48278
18992
29644
88063
75043
50319
95479
51703
31953
68568
77476
72254
59064
45094
43084
87930
86408
59525
34877
26658
35717
58025
83907
33672
34555
73679
80384
42049
55856
14732
98109
36609
21752
61673
53104
32032
66599
61944
10124
9032
88029
39659
29836
1778
70134
66684
2634
48353
72759
37036
49490
32021
37508
84400
11009
80584
69990
47976
58713
79407
84861
14967
64486
57466
40804
61317
42543
68233
35049
19059
70214
15506
47361
99201
8480
51535
66927
20298
43267
21341
82348
66168
41247
66198
15620
74690
9119
42786
24981
71667
11301
81172
40595
68665
731
90852
72765
27862
27957
582
98702
34537
66159
63851
13971
82624
47824
55636
83131
41873
56401
62596
917
87936
94238
78817
26724
55041
70972
13623
92983
57157
26589
17140
70925
35662
25963
30844
36076
40247
44209
53427
93767
78520
99819
81121
58480
53551
39336
51339
54636
67025
44854
16923
93358
12308
24099
47317
61485
12008
35606
28491
18229
52934
69363
59437
81737
62116
98162
11240
9046
97118
70155
78620
55491
23793
44005
98207
33870
76852
83898
72857
94853
78768
41997
24620
11877
18816
53359
36644
71290
71144
98501
39658
23305
22921
73008
64167
8834
90769
40815
5714
71736
89875
42204
93468
21362
62257
66260
60402
67874
70362
48991
17473
29995
49306
94917
96098
23245
3709
22512
25653
47637
6847
69221
19580
58652
42889
33566
17579
2745
26833
68266
80511
96232
2401
95726
93750
77874
85400
70606
28678
69636
16553
35689
9904
27578
69449
49037
46647
84845
82058
99862
95708
77523
20007
1124
29488
43369
42948
60223
20113
8374
38909
53937
18223
33747
96437
39604
70402
97702
75999
74076
23847
61758
62127
85070
45699
82138
80597
96213
19812
10591
54819
35183
52845
80825
11984
19654
73838
15401
88963
28260
9212
46730
16298
75642
34595
64897
29355
30966
78935
60414
34683
70269
27534
23455
55657
11475
26347
5870
46390
74832
68417
2622
86797
64057
57091
34041
7252
25968
47661
89013
30268
79298
55776
81001
28996
64578
62060
82105
41892
15497
97106
36297
44707
84196
49829
81510
22932
56907
75501
1353
31132
59667
64622
98457
9735
26694
43635
48515
3847
59283
83103
77663
80728
97184
75374
65917
5664
30284
86211
41131
21298
59409
99752
24854
4808
31972
37021
82427
74866
64102
95082
84887
18215
90651
15053
92044
25981
22203
87618
78654
42082
96431
93830
10689
91936
56668
63059
65916
16326
61662
51490
39810
6439
81813
3924
43273
61455
38449
8012
17105
94726
15082
3543
57765
10245
10777
87501
89161
49287
50131
8108
50686
11008
97487
76366
10730
28563
70091
61777
49385
89972
36500
16984
74488
92218
30024
33401
476
95922
80912
48635
6448
27879
61006
92614
11661
37263
79423
95074
9635
79635
56927
18339
2283
55205
86190
72821
74513
36184
75799
96721
12405
43215
75336
32503
75065
69383
40504
76475
29480
25432
49031
51361
98695
5343
37278
81248
78806
43144
21641
11067
76639
33239
50145
34034
11358
60604
59831
20792
34766
75338
25416
90472
56723
83950
84294
78826
16592
42928
3916
90898
72189
10239
74250
53012
99916
64205
23332
27794
11396
33034
85226
5375
74203
52983
63859
47702
57495
29545
23888
82658
79426
32964
19569
7
8673
71854
16986
78028
43792
19652
24223
45995
50754
71902
65974
29579
71675
43795
70135
99849
32876
51553
29658
68353
42196
91826
28765
84563
78650
13793
43324
9462
77228
38325
84570
16650
35336
57387
33155
86445
23178
26333
7143
79240
87695
11895
24129
40783
92521
5821
44011
51157
2689
69271
26648
64558
51536
76170
47946
61522
16929
37577
46876
21000
86458
1177
60965
33416
20080
18610
11662
11447
71394
24968
10734
48608
45348
69168
64936
40901
16620
39732
54580
47244
88427
92951
87710
52831
48782
37767
81611
72342
44853
23085
38903
2434
58157
78699
80631
48645
45839
41054
96106
5514
15422
2632
36070
49131
84709
52260
85396
88324
51649
10532
54949
27311
86693
91649
65028
25126
43422
61071
29159
61033
32760
94838
83058
7509
82011
1249
14816
51243
15242
49110
25587
36046
60792
75590
32604
42886
40114
63447
18574
62187
42872
49834
57987
69130
86952
59338
72571
14171
92897
89929
31488
94872
98996
30016
3790
36120
80793
50837
571
67817
90984
87370
63523
17892
84979
52166
50078
16626
47356
31495
63616
599
12131
94480
37616
94831
84073
93137
62063
7192
96025
13893
69505
84085
80695
24912
88488
82165
32963
74645
5557
48084
9523
91062
76029
90788
35769
96748
1247
34932
32209
77202
65855
38139
60389
62100
25445
1683
85369
5531
97175
63830
3035
66341
27620
1405
16184
57503
89978
28860
82884
34159
66836
58498
67923
54775
61933
87528
58390
8103
78266
26206
36548
96211
61364
1155
70818
47384
72311
9595
80752
29873
38680
43606
88148
92994
2430
43232
57190
6888
49980
13385
34345
63757
32221
38202
13060
54137
38184
87664
3313
13279
50172
67117
54811
62421
75242
58507
23193
71004
8467
59428
14371
62334
34986
19198
65366
12803
52249
26875
19263
10907
12826
68299
44797
12858
93921
12939
79459
93835
19051
87089
18284
15575
70266
31302
23720
93255
59794
35741
8524
28479
72495
77999
79316
20030
1735
25849
16118
31388
96538
29589
78038
2165
16601
70050
97123
22394
71440
76961
61078
86346
15567
4878
354
15989
58338
4820
67592
52516
74880
92698
68026
98022
60511
1210
94419
31282
43272
57925
84385
85148
5707
75613
58385
14197
52367
27814
24924
8649
35711
41830
81779
48377
52977
2801
83119
38583
82340
25843
72913
50695
59104
20214
59644
81491
13249
63967
5966
5971
5677
85109
27068
54178
46113
39693
43179
97257
70144
96250
35745
1261
70426
49791
60433
67362
86097
41653
10531
5532
57520
6249
49678
2309
11371
35738
11595
16727
45318
80421
90656
95794
44421
87900
24075
37919
77428
66953
12299
3462
46321
63348
5839
86583
61019
80364
57046
36250
39528
8686
88368
62226
18300
37078
39208
68201
27818
49810
82892
73725
515
19302
9991
56663
8780
75067
86647
27725
95432
759
8113
24432
7785
43928
38973
24357
43135
60796
2892
81289
70550
99990
23068
57036
84239
76010
63040
84475
14238
39087
58280
24184
94610
14720
73006
29844
61679
59819
56627
54223
78609
44068
51694
98510
29750
47435
83481
52460
46867
5229
94230
26680
65137
31640
49179
22469
73240
13099
21903
15069
29311
90900
67828
3491
17010
34217
21259
89626
90052
2107
78449
87641
86732
38047
14460
89720
13288
16673
93713
33585
86368
47524
40891
7987
7195
2704
85638
28693
20638
63223
96883
16383
94084
67500
41889
51790
3779
38921
98870
91864
75064
57203
40307
37295
62204
95251
57809
49532
23365
64976
97236
52387
37218
24750
85355
55140
28576
60195
22577
98447
21993
36011
54968
17310
73544
60065
16859
81759
95173
88332
86120
21750
36923
5595
53675
1962
7006
98749
78773
18301
36253
2300
12586
18442
67727
74862
3417
64524
33111
65685
61440
82772
33860
6989
61113
27703
32266
73078
77566
48701
16464
89951
67281
26871
57306
99477
48527
25728
72190
45950
25153
55386
22595
96901
67121
36249
53851
51035
29571
4559
78859
54339
39574
84071
61849
88024
95533
33256
1619
10439
13851
9993
75725
44562
22379
26049
13567
27561
26352
45712
19279
53538
61938
24701
25280
39137
42429
92588
22127
46420
52145
21959
21014
7337
63562
63321
51746
41192
64438
8029
25860
50379
31144
79033
50653
18316
22647
20425
13173
63216
87615
95017
26438
99029
7254
35065
69502
37815
35564
19408
72812
83646
87365
19585
46088
12367
15512
1513
18183
2181
28719
49566
27600
93354
67663
12914
46855
34672
68225
35206
2095
41465
34531
30537
26638
37714
76333
40770
81530
1338
16942
43399
38347
91764
30566
58351
52214
51624
78697
59192
87190
56956
83997
73035
34468
41817
6273
25001
13698
18847
5784
60446
50663
17553
22500
54261
89926
82587
64178
5715
88213
69294
44379
65173
14446
76740
29689
56801
66205
9907
46624
24502
47381
29224
31722
47315
24148
67829
57746
59025
27193
72782
5161
46369
30204
30548
19155
81960
61144
55692
73378
25703
45190
46470
1101
42176
76856
65150
362
86448
34317
23828
764
21144
93624
25061
35815
52898
84446
87244
83706
72854
40970
90596
5239
34313
57662
65310
69057
90254
25890
86818
5132
43388
58922
51586
23313
96894
50062
62201
42348
92767
17386
86304
20255
97581
99356
61129
48031
45045
65517
29686
84010
13322
71938
57182
30575
48574
10621
7266
34851
14003
96658
4833
27946
17306
63920
62155
44820
69848
48285
29716
71062
24276
98898
47960
5803
82646
63695
28594
11935
62732
24470
8414
25443
53826
79342
21408
53407
48978
43810
70767
89056
54589
82260
21007
64484
99814
14053
80648
9650
82718
82621
9724
43042
87091
65523
23346
21052
67980
38589
76829
41855
26653
6540
66847
69549
10838
75209
30262
45630
3464
19177
57430
48255
38093
87237
75994
29879
59196
50740
72985
75975
19200
80758
10027
22582
84951
37578
12573
71015
27976
66709
55125
97454
2141
51020
98297
72653
59700
76874
26097
93226
91539
6838
57242
83871
63154
12598
97461
1825
9157
22380
92595
22417
32662
93635
86648
86829
14505
63938
87012
99041
77517
99889
36350
23499
97852
16624
35813
29496
15533
45026
62255
72351
3493
34118
48975
20694
82171
35576
71815
36391
45445
83184
11851
83584
1922
13426
60601
38617
85071
32262
21895
35845
81712
77451
50735
54113
95542
98026
34680
71538
5756
72234
79173
17466
91684
96397
29610
99345
21920
86677
48628
47700
63554
81430
79891
14767
85834
3124
23728
80590
65331
67878
76090
71777
40317
18720
40841
134
44276
41565
53018
93034
58002
33484
48709
10438
72135
4029
27910
64630
91677
34044
41312
83186
93038
81524
15415
9051
88403
1573
2788
52784
70088
96754
57569
44760
39899
30644
46100
3510
98052
74421
84795
21971
63754
18070
95807
19167
88815
86739
71837
98282
18380
1311
27177
86047
58749
84620
55717
77583
19988
72008
90017
72421
18771
57052
98146
895
87728
74811
40750
45075
97575
1677
37155
82373
20693
50642
46793
22256
93843
36268
25804
74974
40151
76653
6446
99390
54383
9266
58505
75041
64318
37156
97620
22588
49469
71390
7009
36316
97198
25786
52287
24090
85796
91422
920
20493
97621
51692
37993
37439
47491
98543
59168
11320
53019
13501
34405
68738
8866
79044
3204
96645
11330
82738
70284
63372
72686
24699
13387
28633
37799
13531
40858
17816
65774
36370
26919
35733
58335
85797
29992
4107
3787
616
79221
36852
19737
56620
93952
91595
25129
93323
41155
6063
89892
81100
93330
26872
84636
86839
29905
79242
47256
5744
45994
60259
21689
4970
82921
63045
24705
60556
95584
50835
28869
26789
57777
77636
9775
65053
23844
26453
81803
9328
71964
47612
37683
51427
68754
26444
86724
98645
84103
29871
95937
1324
68550
57290
32806
27453
31614
50009
82226
51852
18438
58205
75754
36312
7554
21241
72034
8345
97427
64823
51393
99399
30723
33073
53920
31601
60905
4412
73943
70054
43105
42211
73308
7852
95301
4585
66633
89078
2301
57073
78221
36883
60447
98605
12763
95496
20705
56566
37484
1233
93197
52440
1555
99632
57594
4410
88994
24990
40027
82234
97720
92793
63108
72986
24323
95704
43538
35572
20565
4541
61298
24831
68242
55183
83322
71726
93077
74427
72958
34981
37540
45336
47879
46434
52547
12540
98115
25459
26867
13530
21451
75812
21562
48101
22689
9013
78732
72867
6507
268
1944
53098
48495
66534
81732
57701
2026
43649
50055
80673
73891
49137
13914
5099
21295
55397
9012
35219
79444
5725
41648
31408
88594
16373
11545
8047
17689
93721
14583
13229
59352
70338
38529
87343
14224
26089
64213
27349
93310
69892
33758
48775
55134
62281
82499
63636
2700
16978
19606
14864
65889
61654
75458
5171
4806
64332
81605
82579
36415
7675
75707
7368
14313
16431
73897
51813
38334
30812
30920
97091
91489
2428
97012
93404
6787
2345
1509
51689
20419
97177
61384
49499
92215
60532
261
88762
45964
42584
93414
32858
36006
12567
51060
79396
4563
66342
67758
6018
60339
25181
91459
66160
16221
91542
39506
34729
79049
3956
38694
89102
11120
96492
21769
41602
79184
11908
18938
3459
58016
19157
13219
86281
65457
96590
105
28323
68707
39477
57071
64830
20649
98767
89766
4560
14370
47038
30350
87846
99531
59240
89392
40110
1410
37055
46287
99027
97100
14747
36393
4551
4580
89301
56003
40345
50792
32386
74293
84249
90502
46181
62718
18050
44686
46073
49583
41718
83835
87442
90777
67685
85800
82502
44801
14033
40250
65355
35062
5651
12509
57950
53040
9546
21762
27409
53912
17240
18032
72787
61171
24244
3895
30912
88220
41080
11012
4604
38260
34956
83204
11992
87561
37357
69146
67852
67900
57063
8809
1344
15655
34469
47836
93261
89989
51659
18516
62997
48203
7708
11249
63243
57912
77766
82717
9087
95083
57462
16414
96448
3735
8384
91675
82635
39700
65688
59825
16107
56836
3613
9211
91461
80153
13299
67289
2169
46962
72738
17777
33175
94797
47161
74552
68331
18411
6848
91060
80431
21112
56643
43708
8577
69730
26905
43393
66036
99986
5464
5910
82221
30236
74073
85346
81258
72725
68688
89002
96735
94809
91117
18681
18242
63234
8503
80778
89251
83268
85216
9036
26421
76400
67297
13280
75944
76048
71139
56097
31647
12174
70831
7078
71553
93882
73203
64130
87909
75814
31572
56191
68872
72115
53008
60145
17494
25477
61881
36257
39278
84464
15770
8635
24923
24555
3324
68792
48423
54062
12747
77656
10241
5819
90381
74872
13879
41215
90373
90843
2031
43494
27017
13177
87082
36969
74092
56554
3192
40515
57494
6576
4891
99203
4754
87774
15808
22307
65754
68053
9716
86588
40988
88436
8512
93979
35518
82759
58111
35571
55274
80866
10708
58352
25513
54138
34501
14254
68442
18107
80006
63145
57217
50979
45849
69786
63930
26698
3050
36025
56715
53388
55574
43020
25780
6569
84922
38915
55257
82085
90804
83542
66716
91557
28784
83662
48882
81681
12126
88516
7826
27744
11525
23186
73370
88931
90039
13371
47366
40779
39105
10944
16078
28309
20067
5351
63109
41679
51712
54982
89318
28957
10923
88052
79424
81056
33395
63135
51994
71066
1129
82390
57064
65448
11904
52256
70019
85101
85547
28409
73819
65670
15403
36844
66210
69802
51531
31175
11325
31477
69506
32083
16688
83512
42451
54144
60052
48532
94908
20490
20929
35852
96263
31367
77245
64232
13943
43066
37070
43396
12690
9149
14358
89340
9006
76817
77353
36141
46211
13098
59770
80558
38109
11344
47678
56867
77680
39406
56758
73361
91943
31642
93219
75874
42052
17901
93418
69781
626
1285
24172
90669
3967
23006
96513
24433
9301
45099
93849
34173
52600
55679
44242
59122
65223
29907
79982
88599
23237
13009
26627
78312
656
93471
80842
31659
82769
83439
32019
20168
89794
45172
5933
54002
653
77596
59152
1989
65483
32633
69828
2695
63717
36489
11176
71101
20031
32900
8372
12257
61903
52366
64431
37618
47371
49075
11952
83189
18607
37550
70907
39206
11854
96366
53168
62659
20585
28698
63608
42709
69147
20225
92577
92168
7238
74982
23982
22542
11640
67991
37581
27614
72972
22835
77574
85187
18704
63091
53867
73825
89134
14148
96841
86513
83338
73194
74585
31172
68949
81735
14725
42372
25291
16304
9076
12413
56273
50262
57066
20382
73284
89464
21187
85457
32562
36155
52758
66413
71123
11040
75145
92428
98390
90352
7570
55129
8752
2414
49193
82047
7838
11571
43504
69746
85143
41115
2327
33332
78553
48955
55339
68411
42587
25923
60437
2385
16438
7042
1019
2272
96336
85626
73004
85903
45001
39043
57321
55860
69050
47790
64347
7164
93302
38951
24178
93405
75846
31091
81839
23838
21849
98038
62645
25043
26973
15737
34738
73566
41240
65992
82167
32235
97746
18999
9251
93733
8082
72459
75606
49516
73867
72662
54362
85386
10512
92734
1110
2687
73419
89753
79164
47805
91309
96094
86220
22464
19592
1002
88941
95019
3772
77846
88735
68723
44347
76342
17418
26603
44682
27612
22807
23386
65903
87088
48508
45278
93580
31291
28233
35237
44621
35153
16062
6119
28902
60560
43254
21115
71099
61783
26773
52795
32449
10428
49673
7793
92477
62024
39725
94295
97419
28102
27916
20358
45832
65664
90449
71444
19164
94292
69419
71785
96958
65385
5018
55440
12186
16909
66665
16163
50706
36567
29305
85766
54117
96549
16703
87715
62469
17722
22620
66249
70835
86289
82059
58343
65113
10766
79529
25367
39339
89107
99064
42232
98428
77278
91643
87825
64313
75834
99024
71366
34155
91427
82833
33939
53918
71996
24504
41616
49506
93929
15442
44636
89877
56979
37080
28128
43096
33272
16937
1240
3135
91988
9622
89867
63668
28044
60188
34744
46376
80131
31912
18199
76728
44581
92624
23992
38018
82109
78380
55543
14742
8882
31216
7913
30697
45988
70664
18031
33522
59419
44389
80935
74389
8906
40043
90286
86335
27360
96968
90955
4017
65632
61661
27607
72338
76502
55302
89308
53453
52637
39123
98110
20588
16201
43704
5350
47949
68821
49533
66817
86517
38961
37478
24162
29830
61105
21410
831
48239
25021
62834
80346
2498
89194
15677
61347
4906
43374
97669
3098
77881
28210
54895
72992
91589
89677
67595
95185
75991
21996
57565
38595
26098
48953
54918
31026
16467
15565
86221
71584
44143
51889
940
9609
24409
76870
65049
24819
68294
54826
96922
34763
76764
671
37891
11987
3223
47016
22616
32034
53215
57202
96290
83062
13255
79481
5105
52236
65660
67995
13890
27686
81106
15133
74933
83521
26364
82015
54368
98459
73677
77713
89157
70460
43356
75362
82753
97935
53165
4099
50023
15275
81074
43626
1001
29550
44139
30498
29559
62927
69873
68525
10036
84805
53247
96688
1925
8107
39210
68272
33868
77062
933
21149
99414
77892
58370
42568
82367
24630
3990
85224
82938
68357
53528
89219
32814
10230
46453
82661
94503
75962
67756
66355
39983
80091
19152
85083
20492
25141
95028
30281
56192
50498
78210
21051
92638
91390
8953
95767
29520
2255
76524
67599
51353
56203
4859
78546
13640
79441
968
94963
63436
22941
9016
39261
88391
69257
44412
32643
24722
22764
12472
13740
6596
83243
15290
42727
82466
67715
51223
99175
94384
17698
73985
67424
54970
80899
52757
49758
86250
90236
62284
66251
95201
75711
28586
34253
89154
7644
14535
67314
90315
27425
86187
2752
6056
6922
55815
72029
13779
3107
66541
10832
90265
32451
97892
82125
89262
57771
39450
16343
31761
14856
4346
29353
51953
50759
65803
13877
5341
45344
81067
23102
9582
47318
35008
50231
3723
36168
46705
8842
93076
45161
43404
78120
16571
71966
59704
3483
36229
32227
95477
84585
24882
19528
38090
89411
52435
90869
30254
39209
31322
643
56982
902
50049
84429
70119
59568
44001
71918
41741
77687
62783
84022
7198
4590
21838
72360
97119
46514
20805
40310
43376
799
81649
3076
51754
87507
53542
86036
17931
19396
10953
43390
472
52057
14991
39737
6745
39196
57367
31891
77647
73063
3883
17685
93473
46529
31577
17124
19385
57201
1374
78735
64168
9957
15090
1579
91841
35012
72478
43584
81539
41937
34823
88051
2871
7889
58714
4455
5268
32219
84448
9413
21194
37737
80422
10834
5118
6460
34108
27983
24624
16698
36525
86278
51151
64632
7535
49624
26624
85182
37925
86899
77997
82670
10966
41267
39345
58872
34918
72306
12771
92757
8192
64439
23681
16628
42804
85201
2064
32830
38868
83382
35344
37826
65799
60336
68186
55404
91576
51380
17214
51037
96371
32910
99125
37942
60535
33434
82317
90194
73488
77639
22977
86605
59003
55645
11558
96862
26160
73172
86389
73294
1197
2914
69319
28989
15824
4471
22017
75542
63325
26586
39100
96953
15291
75485
67466
24126
54477
31261
54646
86130
63320
77061
91375
41112
59371
48099
7812
31981
14361
56333
91822
81423
7312
89742
54265
83734
40078
39889
66060
88917
52046
57180
68677
25072
38885
62269
23315
76802
63943
46385
31095
48655
35016
97817
42494
22813
83134
15563
41414
28241
77775
6175
98561
5820
3421
84838
21219
79410
8876
47197
78777
79137
11005
64790
17980
84445
41421
78572
47479
14641
85675
39752
58509
39150
72519
54694
88042
70390
125
46317
9802
51827
78373
52215
58340
19412
97394
29625
19791
58681
49659
36851
59827
25826
87535
91153
18805
54803
47520
27338
62994
86778
35597
14112
98016
41253
90906
24499
56438
33100
70905
33524
9415
16515
64265
1239
781
85402
98801
54263
42715
40442
51195
6511
44783
13028
67809
94087
90040
95430
92165
62977
88048
79759
1849
95822
31460
56656
60902
77454
56151
13156
36885
28452
43706
56942
19048
45442
36251
29112
68947
45163
80032
42962
21665
49068
73395
83104
16535
17610
88147
46817
38556
46528
71646
73262
66673
19377
23795
7697
62911
69864
17436
27579
26829
25266
21601
22226
25640
60769
59318
92105
77232
57340
28494
77582
30694
27081
42478
67936
85528
67984
38922
56628
61222
91908
32523
60840
34425
13535
68156
72462
34825
10968
79098
16717
22156
48816
53373
16161
13624
5113
64997
74489
21184
21935
44136
17498
7348
60399
42259
28877
10117
32591
7579
4512
70765
56564
68046
21630
12226
87743
30730
97567
58638
85731
14722
37411
28404
53334
26102
65863
82888
70950
96305
93444
75389
19775
69840
92915
76386
41659
14103
67385
74965
95761
34307
38795
94108
77251
51693
45169
4219
57659
56508
54157
40160
3925
64352
63607
61308
92859
52061
65512
57004
33746
93493
70826
70298
18623
70447
65747
17195
27289
40955
3659
85152
62794
93769
30963
41272
27523
26491
98607
99884
2391
75629
52814
1042
40340
50499
16296
81272
55400
12923
55015
16704
33385
5386
69485
48886
78763
22715
6086
16825
35894
13514
34567
3663
80936
6165
59675
21057
29329
36313
86316
31664
11514
51609
40966
52644
1929
50378
20637
54021
86055
49900
82628
40095
80351
84915
94264
84776
14793
57149
98667
40584
7183
52736
17426
74792
68183
45224
24388
73151
97694
67946
65908
78616
35840
38928
51995
25170
36056
29570
19292
12092
51590
18120
91935
59484
186
59268
99570
77531
65858
37723
3600
4645
19372
37177
2357
42959
5553
2395
12024
66480
57151
96157
14421
95992
24568
97603
62479
67437
88812
65176
14335
12891
72504
92034
72278
67948
32556
82945
37360
62723
57319
58006
59999
24403
2568
42197
45973
81042
4989
56319
95172
14135
53991
99943
35938
7799
53338
11841
79706
88948
83678
88596
97038
23713
3530
89530
28399
84836
46742
77993
29660
13798
37881
91207
9740
78074
76122
1785
3818
73228
25670
39668
47432
96553
83926
20728
15994
85424
44680
56072
96085
39118
58701
7251
86893
16646
77011
76172
39619
54920
33634
91246
53761
80947
11873
22205
52766
58506
63679
15447
91829
13864
95939
97282
15378
62961
88785
32282
32155
42857
48378
9369
37776
40907
50731
8551
28418
97583
31757
47214
39849
63740
50328
26538
49451
76274
4666
29933
37503
83593
28423
77445
90686
28471
57892
10754
83766
80169
18350
21567
1621
9999
48682
44933
91857
94302
76462
67760
39343
57960
31061
43621
31945
58227
26105
95252
21548
18314
19766
73026
42843
802
56847
43835
60453
5499
80243
6805
89327
57772
76081
48672
33365
26926
63561
27532
35832
43011
29418
323
40699
66030
65971
60884
60888
98056
46902
70567
8516
10056
51527
57278
57858
50921
55655
4524
42639
94712
32889
98150
58662
43938
26177
67561
97912
59481
47438
62637
52793
35665
94574
31148
64839
49279
4452
49536
42093
29975
29703
86480
48419
47957
88557
14014
79446
76161
26847
25582
37409
49721
77926
52786
13366
82245
99635
82546
85218
61062
38735
94047
83468
97150
8157
8568
80964
67659
33007
98195
99715
66911
95196
41194
67146
78414
63958
78475
60786
64069
20724
74080
10544
27710
48386
92984
36771
52068
28721
60269
16318
69769
28878
17590
50796
90200
258
88002
4834
51862
47531
34706
79527
73835
38986
99450
73242
74746
62007
54473
84014
87200
91814
90054
83867
92965
29564
214
9926
25094
83211
22701
9558
68776
64292
42335
37342
83180
29248
26066
97987
48725
71032
3244
75322
17408
65302
34455
33131
61619
18075
50025
16269
31959
20212
68332
15914
15406
12086
63399
49225
2501
53796
37543
8731
8592
5091
39330
99518
12933
95188
82268
31760
4717
25612
43089
90580
5403
42291
87630
41710
18799
98415
64421
41255
986
80140
77033
71893
75745
42041
27613
46696
46239
69716
89890
63988
21528
4405
26106
64053
40266
74704
48743
91564
64306
84253
52261
48830
61177
88188
25047
7129
10677
33521
88747
37569
47465
61185
18103
82300
70865
10276
51923
49671
73197
53483
48607
19456
98676
95595
37085
62559
76466
20630
97296
35188
53229
26128
79915
93271
35682
52692
40581
9184
68352
33136
30618
49666
69761
37422
30652
68652
74188
9175
64269
91513
60576
30329
80638
88155
6801
36935
73448
50155
74890
40542
31832
76515
53689
30489
74248
47008
3961
68574
22445
98784
7850
48445
25799
78466
60062
90474
77319
56254
88822
25057
18886
58387
87735
63798
90794
7845
59622
28581
27334
4262
99793
51789
63719
84764
75980
42008
7203
68560
12835
4267
89792
25350
70314
93139
39124
31620
27259
37465
12239
67367
89930
51928
91337
55668
54733
76627
84893
75774
37038
50391
41853
851
72521
2412
85526
48071
82801
83792
71524
77284
20530
32490
92641
27605
98864
76360
76940
77664
63993
35997
95844
37460
14638
50774
86153
69853
88903
82111
14240
5032
29764
20910
49579
71464
27583
18385
51734
88954
14296
13298
53160
87534
45919
78424
10858
56689
17060
17495
75759
81276
84984
7429
46691
96240
7379
55726
87181
92469
57226
2534
82751
32407
28105
80410
48351
80401
37100
38780
22713
22792
15564
15654
17238
24982
40465
72268
51240
991
32874
87134
28601
80653
84004
36918
63568
70816
89247
46216
47821
75412
35683
94546
97977
42678
78963
32532
13770
67303
83675
76911
78194
64212
75360
60148
65020
19649
266
99074
25769
60506
72679
91121
29602
7453
30885
30094
85172
83819
22878
58065
43717
63669
85765
60278
81487
9847
96447
50938
21947
17266
45106
86589
95057
46809
93096
64793
61433
67501
68934
44540
92720
69969
5544
56411
44847
38764
5009
14756
80280
80957
39621
30009
21382
2848
12683
18053
40608
45251
73286
43698
5419
4819
55867
53565
64870
74020
66361
19386
56115
19471
85215
97579
7557
11109
87682
35835
41764
49620
42065
80090
89482
52363
74112
81504
55818
86358
1712
57913
46936
53522
60571
52430
97767
78480
60914
85198
768
2314
45996
87764
60550
84508
16159
27839
37679
38572
99628
33485
60444
82112
60827
80276
69010
82642
78512
62277
33508
61312
9166
99376
48617
27672
68708
32869
76810
47755
68897
36841
20856
45568
51349
49502
58149
55295
20297
35471
96785
96860
66994
15964
73225
26510
41535
64940
54805
97220
48639
94923
74463
4897
41105
83213
96031
58093
93238
89596
85375
69819
73393
71054
76022
30899
89902
22913
49512
62033
62772
211
19261
68626
98853
54660
4239
45706
94321
97824
58290
31767
21363
17667
53775
18286
75456
37520
42492
90420
30405
4404
31654
3032
24304
33351
30624
41913
50299
51888
4554
42664
80075
10611
5363
24045
66608
8569
82666
40602
41958
11166
86678
15027
43126
66609
20657
21409
93177
13625
6113
883
46481
76164
54310
72757
18043
16240
49483
48747
39090
33207
59220
71433
7658
97264
43518
945
90533
28830
97039
43734
31255
47777
84741
33352
63707
97618
78367
28356
83022
30055
80275
4816
93841
74855
12167
92045
80799
60630
2563
13244
32072
56938
68283
48172
66510
8448
94007
78603
35235
64011
21512
88978
72929
61021
79445
87441
26592
15063
10127
93298
94618
15302
8423
99536
72552
52323
25911
80629
50621
23940
83158
54624
71451
1055
40113
66218
59614
37998
93803
95348
83616
66808
7649
17919
4883
64007
27657
16407
89376
52339
42261
68395
10327
16846
6082
1245
14809
72705
85103
25086
83019
1707
8066
20455
43010
84335
83576
28461
96992
24190
14932
91106
10218
31710
10945
33108
50457
39420
49959
18684
15365
6491
22658
65430
58998
89618
83531
98507
16357
90238
2061
56602
85896
2647
16350
35837
58221
48669
10083
34920
58503
94607
30852
87800
25356
11464
84856
97412
37875
16806
27488
30806
70278
89106
50654
70720
65018
2703
56202
52056
61568
70666
48053
92685
88241
90339
4084
26676
65771
18644
56802
1542
28467
95309
89467
75637
50953
39923
3965
76980
81416
32475
7268
9972
5193
13246
47241
19979
70410
18665
31988
32003
68764
42716
96786
45619
64034
25730
61918
72594
15526
94558
49467
95431
21507
80195
41738
46733
11594
57694
35432
69801
24256
43008
98260
25247
56149
91045
9944
59382
36762
18568
63509
97050
18101
41307
86399
92684
49609
40388
58374
69286
32896
52245
49011
69392
46580
55212
56633
90790
62400
26185
60541
53946
15424
51107
20620
48613
38143
45272
16487
88116
74225
91162
8972
35578
36402
42315
73924
79858
67859
1640
64221
91768
34803
8952
25782
14704
66215
34223
2939
5002
35458
48660
58193
2987
71759
23796
56049
37259
20181
76121
60741
87122
92970
24106
1609
36209
44654
63506
1153
94042
53502
56016
11267
5671
21551
92605
89574
36610
22359
64894
79302
58540
86378
8032
91948
38550
88172
28752
16710
57426
98391
52101
82099
34226
60723
93941
91902
37750
84839
92467
18417
65721
39914
41106
3653
858
29828
78857
65562
19478
70498
1658
75187
43943
96587
36041
48100
34406
17640
31719
28720
17529
49022
5601
77320
24592
31565
31305
79367
94748
99184
93917
26857
46306
71559
62062
78207
94854
3905
16226
98788
67105
16973
67328
32173
64927
88671
73460
39896
52113
84114
39820
91788
62720
98519
14497
51491
31338
70218
74561
47769
18397
43669
44022
49929
49935
44009
34309
72092
14557
63404
79739
23903
79689
48543
15940
14299
33786
17884
16377
65245
46814
73562
20914
90163
93956
98357
86242
71754
87896
46749
25917
84278
92134
31578
29340
39804
85004
77456
12353
36639
62830
96984
18299
2435
91027
16070
50142
13106
39479
5428
13621
98086
9244
60141
27190
38869
95161
28969
44792
18767
29551
68756
39638
7364
69341
44806
34020
58418
34679
51383
61512
91763
37297
62306
94925
77864
93758
71885
664
14249
3216
63268
97392
31007
67149
41366
41867
36124
62379
22239
23598
92564
52033
52279
61112
39778
64440
99138
33600
73929
13913
21718
77869
72596
16441
52008
62850
87079
50445
4568
5621
60155
67227
56837
71298
24954
66300
81812
50311
6440
95365
2668
93550
11639
43143
70172
82725
88681
62786
19547
88552
98579
22989
50677
60364
54387
94490
31259
40956
741
76268
80795
80497
23157
68032
94773
18984
39905
68001
9005
24072
73023
26125
43871
75442
61822
90065
6255
42377
99245
37551
37373
47303
31120
23173
76454
59595
52355
32517
34984
73202
36827
821
13333
7840
1813
71448
71084
35249
50097
16423
91431
63614
31537
98372
99548
39495
87261
75215
22833
86418
26642
74420
69661
16585
5941
41790
14212
58337
13273
69001
71051
74520
11198
12555
16098
18464
82684
14694
66056
99654
98481
28613
46524
53784
98168
92939
77842
15736
47019
37747
24862
90149
4486
87275
61981
25523
19299
25803
90142
88476
18322
30909
46640
25699
81138
94377
79355
91483
48150
85264
40960
90445
40040
88508
74543
467
47813
25987
51727
27819
70758
98790
67821
42773
51650
71595
28313
70277
19857
96229
65808
58585
54222
55805
91161
79381
10456
52701
44457
87383
38814
56501
76319
29758
595
30904
41960
31589
33091
46991
19421
227
45974
68321
40492
35474
21859
15176
99217
5136
20252
34573
66387
26164
87904
97682
67612
57908
42317
6040
62407
22859
51277
92392
60192
84624
72591
13675
8416
57949
51329
87029
97385
69800
95775
52372
18821
88017
56044
32494
73193
44948
46086
68113
69590
91942
63922
49079
26988
36348
11535
42572
66318
57816
67010
98232
53936
36678
89562
25685
76503
6070
10842
4394
99730
53564
15460
92337
16176
31807
76051
60250
62165
47478
63491
77542
79729
34070
52011
60944
88760
61089
49209
34998
31054
12033
71747
70221
46297
96439
75852
31744
68729
72018
92924
18355
5993
88687
32330
28464
60702
63106
65075
11148
19315
15145
77195
94159
28144
20758
14381
48826
45990
9024
48396
86263
24074
82452
81270
52029
42247
71995
61860
59039
25615
42170
55833
12650
7358
67792
89483
26739
97952
15047
788
98730
44510
87136
95485
40486
14136
8019
76590
24522
7824
581
4157
32070
98924
10111
34105
49334
9180
55816
77727
68631
59096
65394
38252
71119
86970
3838
82990
51479
3512
92520
14801
56859
23261
17029
93002
51087
84176
44777
70740
96690
56949
57396
19409
87229
56043
69500
35288
28670
46507
65958
61212
93394
41576
49944
98848
74692
74460
56275
73545
83605
25389
84658
88695
51409
40278
17001
64357
2580
37086
23862
7846
3722
63343
96581
550
28289
98111
61687
84587
80159
5466
50952
60385
41358
58304
31889
27036
66635
87198
41177
25310
84835
44258
93879
46502
59600
60753
11564
58051
71848
78934
61743
13235
23288
32103
51748
31764
16338
99164
36966
1221
26460
14332
38055
48003
36516
93143
56526
54629
8227
55236
16408
24085
17936
86635
89764
48330
51846
83681
84288
26382
61114
45591
83283
41808
62851
5939
59833
69335
35319
77291
63492
89584
79156
12520
68746
28758
63093
18177
72204
1688
34286
43164
18123
66281
9347
41513
1927
81133
35934
71688
70744
75598
22972
72767
49297
70820
5898
61906
73040
19247
22802
48790
26255
47388
82777
8951
48442
38632
53509
3093
12334
81212
13354
55209
83702
58491
71702
6085
40810
22591
93534
89311
76331
17682
64588
76428
730
3891
77305
90923
8881
86684
27527
76328
7454
32329
65342
97825
36435
94461
3014
85868
88383
92592
29207
24369
35479
58794
47737
42864
35820
183
39497
49698
41278
47553
90028
64507
69808
41462
51294
93272
38294
89027
4388
26853
61680
31343
28016
8593
40777
44786
66727
86559
22308
19558
11020
70681
75198
51775
20327
82773
14419
19338
9082
24660
69038
7952
4832
55258
78448
4665
64397
90273
89208
3137
73568
85025
53561
66445
95456
61528
95651
93662
28604
5472
30650
46308
67584
8431
73424
17928
36212
7630
14110
37417
47910
59059
45266
9467
1036
84329
3928
75225
92672
31900
87640
56359
14237
14861
23639
44042
13508
18294
68244
87043
99812
18295
61131
90704
91741
31924
22471
51606
57130
68209
21545
11113
99446
34787
88312
138
69369
64151
85464
34296
2804
47676
36029
40944
14230
79332
83020
66651
45364
92518
5539
66754
36721
57663
58074
74013
89681
7441
2959
24766
9699
45879
91663
19864
36123
65284
94579
81219
90858
6598
75013
23163
51372
3122
1033
4071
3327
99956
91933
36695
54189
41542
59907
14034
30321
55201
40604
45463
79562
35859
73411
15338
68651
53099
22086
19029
39257
20446
45572
74106
21621
80707
65923
87886
42958
40433
51768
46241
48164
34250
75543
83239
19843
18575
57109
4615
69626
16065
30169
86376
5373
42772
33752
84507
54980
61297
85665
44509
96508
53965
10811
88789
18717
80304
47345
37805
42166
99123
77472
84547
4170
39768
13158
31611
27194
22867
20975
75971
69984
75855
78021
48695
76228
27466
91271
87154
15582
70111
24896
38023
86782
82989
24908
66955
56075
46644
58384
73503
46089
69767
52658
62056
46244
5600
97969
70849
7676
56637
36629
19451
41227
74036
19524
37953
57702
31461
16785
6909
82889
98142
24121
90832
35899
44381
38280
61030
94258
6896
95437
98035
38969
6808
46042
21464
49432
94006
59920
72027
77623
14473
51495
98331
6889
33893
72152
14568
47123
42282
71917
86085
76216
9505
3986
93914
65653
43097
24330
97069
14779
24233
47056
501
85496
45446
45147
32774
84940
33711
84255
18424
41187
18310
67438
37005
32729
92652
33094
344
12954
92036
70012
74179
26035
9980
47108
14280
87947
68129
91509
62841
41416
4730
96606
43139
79101
11903
25169
51713
88739
21633
23146
32084
14124
38335
9374
6996
31325
79187
31491
84416
49336
39736
7716
28383
81481
62899
93548
9267
71216
10022
40449
85303
92209
61916
36623
74116
78770
24552
15746
65147
43944
32715
86356
44929
99544
76498
93741
22249
6059
32387
44926
8123
60130
41013
53705
63304
54751
65896
34043
86544
92032
49324
63759
92988
78242
85586
33113
66969
9608
89274
13699
22828
79491
20986
69877
94552
94459
5459
53961
56364
8015
63055
16661
85154
39628
36934
57616
47703
61696
18685
14855
12093
57016
21843
53024
89582
47440
9863
96723
92699
58474
8380
37256
90045
71261
82862
93725
46829
38238
27277
33599
33820
50781
32892
58764
18377
33817
5485
81509
99353
20481
52504
66201
23001
31474
55076
14393
95393
19127
41580
18711
23969
50154
54549
2551
6683
30316
88371
80220
69942
33052
23052
73238
32250
28498
67764
89710
66226
68465
52389
29668
89053
53227
54237
82949
84684
92993
12894
25159
30250
55056
72643
38091
9254
92864
86707
58569
54061
96387
61725
64819
20764
12117
82942
4268
82601
98884
12742
13107
52432
90969
99385
38148
89325
11988
43220
53003
66919
66214
34983
26980
96821
73111
61854
67702
31509
7598
23358
81223
86615
12900
23284
22207
57330
36368
61592
32187
46485
61031
71380
6408
43005
30577
10427
48595
47537
51306
54585
60971
41500
23529
32463
31894
4252
9520
92070
42312
73607
46942
43846
24737
48114
39002
88350
14137
74619
264
12689
82960
25613
22018
17707
76030
89891
12822
2712
54488
63229
86859
45850
61288
22522
20729
11675
70577
33640
55531
93215
84909
26294
77778
45599
71360
40377
79886
51281
38020
64183
53818
24782
82248
22453
20592
65484
9778
5625
44287
35501
38857
57368
17181
4092
99067
89984
80895
52823
82267
27045
87733
62756
55990
25471
9020
23053
76719
45011
96393
68833
76823
90836
73400
68470
3684
40300
16372
70754
67772
35856
45346
4538
45807
32367
21497
53423
68293
86766
79096
42310
98470
50587
57324
94414
97311
59983
46847
69095
98480
12251
64552
26070
96105
84797
3554
31825
32045
1354
39824
86476
95268
7492
90632
17796
45085
60528
20995
47993
80100
91796
52329
25423
16072
36108
34024
40068
67739
10244
6676
54988
43837
73440
25543
4356
90550
28449
65926
78287
53441
41006
8835
91174
2897
92742
57270
753
23080
93874
32748
20855
26809
55424
51031
58663
76884
90451
4155
20051
22771
41826
88538
46812
79309
6813
62083
54699
81176
35083
46810
90212
48453
58421
54146
58655
6308
14648
62894
28335
46500
6042
33597
18194
48649
28478
68498
54756
20660
70113
3131
36703
82685
35563
45977
53420
78089
80713
37596
59139
23379
76659
3165
91165
91292
99992
85713
25295
33601
76232
73695
91099
56936
3573
26184
15375
28151
72145
81872
18573
98559
21415
61976
41168
93050
83165
28269
74292
82475
84493
93135
64880
38690
87065
97984
22827
53938
46887
63501
31831
25734
83688
10082
81981
28115
56249
49905
60406
66523
83040
31210
6768
32175
50590
75849
20863
37783
25857
49171
28499
95144
30989
38957
96577
1637
73420
31455
8375
78184
29531
65830
92860
90498
85909
46026
89075
44859
18550
86044
5479
15993
32055
44450
81164
20876
54214
47385
50209
55006
49427
73616
30960
39600
37339
41802
55708
64859
67885
22962
55619
92026
78838
24537
85790
55865
16160
55842
21433
34844
63584
18640
18382
36254
33325
26636
53518
90924
86582
1634
15204
11998
99559
64234
56459
11798
1304
57302
24902
17958
78681
39883
11483
8005
19559
58821
91200
13121
21217
46169
23118
17929
70638
95081
69936
65311
77419
58632
65619
47308
84510
54225
69919
79889
72864
54870
5023
91441
83959
56085
21079
52488
2651
2363
99368
85436
70281
57923
22349
54315
53695
62972
65884
2512
96005
49453
78726
77715
55085
3695
10919
4765
35378
9309
44867
20317
10249
20617
70169
29170
75776
88487
14569
65094
32013
82848
89637
57946
72647
74687
62941
66644
90435
38571
65107
29893
3320
78432
27412
35992
92972
35261
45625
92435
81551
26442
33209
55437
52111
42560
47739
8223
75675
3484
5524
22426
1988
74123
81940
64062
18784
63714
41591
92079
73917
59676
2974
8994
79378
58885
58361
14994
83834
26149
31231
4187
5667
94894
26431
93895
32958
55899
5513
51753
72708
9605
45984
77339
97842
82482
26383
18081
59404
31045
41558
72746
57256
49423
14968
46212
4173
21178
75727
18488
66273
72963
1175
29835
95819
5115
13897
59551
52969
35678
13320
68372
87681
64993
51504
17582
37739
74915
54518
78052
11801
16812
78377
45293
95725
68324
9951
70485
8112
29102
17848
39463
28382
8825
71082
93722
67155
37689
32461
3480
65862
79992
2490
47248
23512
36638
84080
35782
5921
23208
7171
68106
58366
42776
63083
96768
29790
60781
29407
96356
38234
63623
77446
34480
38846
76922
57148
59656
15439
93667
27417
26960
3456
84802
41436
56560
62684
52790
1659
18727
30527
14067
70005
37817
5223
25610
50008
54463
91637
15215
48213
50656
21358
6204
47360
39315
24473
18069
23457
68581
49994
11426
98945
42479
14521
47041
39035
46527
10623
34816
61631
25626
68149
45899
45515
81434
4677
82792
66146
37639
37848
43060
34961
60883
18895
17290
69111
45609
22038
45780
43059
21249
25348
86427
88676
74598
85309
90478
49076
67201
10916
31013
21956
51509
54956
8929
80217
85158
66156
44958
80089
19684
18964
78893
68980
34342
16997
32023
29839
16737
4290
41720
32304
44377
90997
11842
53530
97413
52151
97834
3933
71182
78606
12711
86604
70737
41488
20361
99033
45273
93481
45958
82104
92361
16152
29510
52666
53071
53958
73961
58518
14020
42389
94912
20750
52826
1510
94667
36161
26473
76778
14298
76346
22342
36945
91885
55196
6449
25323
2567
2980
65620
67433
17325
26451
74569
73988
12501
86760
7580
13843
63079
14092
10656
18288
30229
18926
53831
2924
25766
31673
48918
14301
81730
25104
72051
43939
85460
38989
77007
38692
19058
56377
55285
87194
45428
57683
39054
20408
35453
3727
17003
64717
27290
67110
92430
43757
45023
1817
89062
46127
98862
67951
27286
29754
24174
48040
12218
42808
92840
58993
66277
35804
12614
23271
9261
16390
8625
20184
51571
75887
95349
37386
26584
6331
12596
99433
42945
85779
59229
18953
67054
33497
86031
45268
74755
58716
53097
79621
26059
53584
31337
29783
67510
50112
87359
5355
63884
27279
62787
96375
69981
34985
98095
58403
95908
98874
81016
53132
97279
14645
26930
14374
71626
95448
22206
65599
46857
13730
85125
88790
96878
70739
26044
17197
37592
3118
41918
91830
88295
36583
85465
3898
95824
79112
10588
82731
76562
19444
28820
12630
4955
6522
72842
79124
45290
41148
73015
53095
35944
58852
11260
3884
88050
95712
25401
28071
61447
86666
28840
42481
69206
25059
54558
81886
10345
47281
62862
65597
5246
7710
32608
42269
17009
59081
19707
24065
92091
97286
92210
82623
83684
23338
61202
47975
74774
8999
86522
69664
97360
79059
5467
347
44818
21128
18387
31470
83673
55881
53667
93865
20159
43416
3994
68998
64965
12885
19573
78231
33398
32400
8468
42056
38383
78737
67542
10070
48472
52127
14436
23209
90703
55385
9866
41590
59711
68461
87704
47270
29361
81543
94483
48280
79559
52611
22286
82970
51987
21837
10727
22039
92883
53498
98614
74246
73617
75552
92303
73374
79313
44724
65004
80461
97902
93854
72474
50249
10816
281
35601
81609
88136
62207
94029
61564
48303
44204
35883
71067
60331
33118
42646
4244
1187
21454
50894
94146
44324
580
8564
55823
71920
27602
69085
11811
23965
80670
31307
68024
37097
48452
1945
48372
52711
98919
43240
88253
10580
92644
20909
19382
93260
93965
87363
35162
75140
8771
74383
88044
11446
38803
53857
57903
4433
52791
26029
40903
98435
73404
60589
73960
17441
89652
49991
30609
20034
43317
44814
46209
57988
3846
42191
4693
4578
22952
47894
29515
32505
59046
46410
46842
42632
83291
82563
60637
72490
64330
99957
71749
93380
63462
43386
22786
93423
40885
25418
55165
79683
32770
86510
46492
60279
98703
41819
17342
91338
79326
92131
32765
68194
47532
153
23060
92110
33898
16561
67556
91263
61248
1452
90293
55489
15546
79118
32817
32316
42824
24778
62965
74562
47154
20925
17403
1
78854
37382
13375
14600
49811
66106
61614
30244
48154
67131
71391
11554
57193
65793
40662
44418
33182
86649
5731
77197
86432
51162
42969
36382
62466
76692
13278
63539
66322
78692
1022
99902
19563
5334
96037
15400
79147
10295
21870
81061
68880
92203
54071
53902
49111
87638
23599
17329
75773
46008
71046
30402
12792
50143
47904
66576
7750
81066
56920
85150
96110
3234
53748
36735
52801
22676
5670
25375
33309
38876
72242
52444
23560
51477
88886
97046
30211
47995
86237
85325
99224
1812
17449
25098
94199
85428
11024
7413
48551
62557
51435
37426
72962
18912
96659
94027
63825
50537
39269
15035
86654
75857
5029
74083
61394
67720
7005
42087
76946
94428
26289
28994
57837
86107
19413
53629
20753
40704
98975
39871
82719
59652
43513
85978
15465
78086
31353
50546
1167
27827
50146
20559
26525
97370
85846
69809
81345
81446
18815
1990
42386
50873
59377
33120
27043
4403
47695
69470
66340
79966
10228
52962
95099
37610
46648
46341
62543
64663
54011
160
29745
73981
35459
43640
78457
85077
30639
34349
66482
70522
25179
20976
65941
43878
16305
48468
63275
76832
80594
17714
88537
78153
76932
42800
86473
45080
97906
73527
66796
64158
63840
68085
25969
85946
45935
58958
61411
26476
58633
44076
12710
52050
3182
28780
23987
65493
1015
40232
65145
94439
15673
5917
30232
11417
75977
31517
8433
27654
41336
85842
92573
2496
41440
83343
98631
9587
16092
13174
16530
68847
65006
76465
68463
14362
56647
91855
19239
77095
76543
17321
3259
54609
12529
92560
16721
66217
61285
11820
55053
60105
29857
26723
27775
12997
22222
91120
82927
62555
47235
60455
98908
10065
87968
23501
30143
53908
56950
41463
33490
70065
86670
6307
11930
39998
89949
10863
96209
84036
16638
83358
83263
10107
8428
39529
24665
71510
70211
45062
58454
50972
42836
41575
47804
72191
63209
45821
89772
92062
97865
41810
95046
42897
18164
11014
73046
55138
58381
62316
43710
15310
91485
72328
35909
3648
17158
49703
98321
53639
12459
80677
79450
1107
1368
45650
32190
46881
21597
27006
47997
83986
37895
558
24639
54208
31375
33862
6338
1971
69540
6916
99422
42765
61431
93393
48074
35004
2759
17273
14635
95031
70527
60440
5771
46024
67741
68520
87572
98220
11288
87096
69494
99574
94534
27582
40064
95060
73487
42628
41870
25813
82984
36881
35727
46865
13691
84220
55697
24977
95729
97529
84516
81755
99936
67477
92549
94656
58920
65894
87506
68879
40295
63440
14120
47417
71294
42474
32377
64002
96015
64029
66139
7712
30800
31885
31960
18674
70188
26455
17450
25155
22606
12949
61259
44862
7311
48455
32288
10890
8993
32663
82344
72915
42287
84960
66472
32554
53572
50374
78169
90558
66648
5339
29910
89982
74708
50389
17138
2162
53049
73820
8282
92902
147
95768
11178
50161
9161
35983
24201
89328
59929
17743
64831
41174
77307
11629
92846
69897
57604
87135
69789
88455
1765
57868
85722
94206
63403
55996
57125
94319
66619
739
49270
92115
22324
34272
94737
31884
28001
80146
11713
4168
11663
94625
24321
31358
5693
28228
94691
49749
27209
47691
31084
15457
49741
32772
4448
31803
557
69655
67129
16679
77556
23967
98473
82727
22376
57497
35838
25583
71086
65509
2936
46871
26263
62872
61126
83966
29220
94336
33442
26554
89775
27382
38540
58573
1795
74178
30160
80173
17169
30463
91903
35635
78224
14519
71803
80831
40355
38788
30842
29121
31278
27135
20404
28486
8703
55599
16496
6627
28944
6107
69673
81535
32277
33828
25292
98015
94012
11704
17328
88805
94069
20196
90116
23835
71627
50309
76464
45127
45657
20315
19906
75520
93439
40451
537
63080
44762
72876
61702
58892
36600
16427
23034
7245
55968
73918
67386
42645
20203
24334
8003
90387
98214
29256
84677
63864
63104
57457
519
40813
74459
76967
38908
1968
57335
48654
25663
26990
68029
21337
20267
72486
59824
2969
72142
59476
25784
14947
39974
47712
52318
28954
87388
92441
82653
41271
84594
50766
95506
68689
18448
69610
55047
7363
13022
99853
7905
90621
79864
83885
55266
5203
74003
90399
33409
39413
33471
77851
18418
43790
61497
12972
88550
88602
23376
7112
98758
97359
58835
23413
99155
90918
89686
7485
39
50431
22927
72374
57664
63152
61090
9272
81474
69757
21611
19605
45862
38248
3315
50302
42997
63227
26881
69438
34195
36328
39815
97076
72618
61072
42032
61749
55450
47162
67425
82019
70316
8633
43137
8736
55182
81844
22945
48332
48834
27048
48475
23920
33277
58303
69426
14428
91006
52114
55110
2809
2112
77082
75091
65499
81835
72036
86967
68642
84707
77286
71491
66704
83036
53953
21099
78099
19369
81120
42980
8945
37722
56660
25671
25302
7953
56094
87598
98101
11245
87426
39989
14825
78359
95958
20598
19550
32821
73272
87086
22815
65071
28590
54989
74768
36874
72997
34814
91324
12667
47732
92658
18777
45524
5742
97681
24501
12065
46600
81413
17352
40530
81309
6488
40710
26085
65957
8461
62526
28817
5128
2287
70990
78349
87588
95624
63684
18117
20070
42849
28724
35322
14169
72816
91759
71318
47269
5739
72233
62506
47156
65897
9313
64454
33577
13823
87294
82305
87874
61525
34340
64871
37216
3306
22025
98658
88280
54666
38323
42097
45244
41249
85010
70285
88842
39843
14869
87619
18168
22529
13208
3998
40645
16945
3930
34811
77198
42051
50334
19342
99757
43417
67680
95395
52167
56711
2139
89723
87747
93293
53581
49955
58153
94409
67240
65944
72108
90948
11750
55092
81405
30327
86419
93151
26667
81868
97839
27872
53207
71635
40721
28305
42972
1855
33219
60513
39779
59345
14065
92926
65655
80915
1435
4043
18904
74899
69446
32385
44198
37802
60400
32491
79161
12838
83229
96054
68865
61621
28112
97101
59818
68043
94418
25645
34471
55178
52760
69522
98222
8158
99276
44288
47658
13104
43975
93896
93785
79141
11618
93171
62960
89780
92103
35764
32882
12570
45267
85728
85307
66016
39483
96654
43431
91415
93639
41622
41620
1244
99909
41858
15208
47780
85603
48
88527
27031
65115
22200
23148
46427
66169
71718
79216
75871
24107
95578
19830
25054
53676
71416
66806
16503
7875
89743
522
98209
8049
49649
32788
84558
47892
7519
97162
3985
13818
59210
62432
29148
32228
41941
15267
66057
99560
41290
25262
61346
21023
52581
94608
50652
97407
60162
72402
74614
19871
48623
73266
27411
71034
59411
87654
64192
81678
40175
46250
23395
58044
56033
64456
15960
46498
19353
63113
70969
95758
36546
45314
242
90933
49494
43419
94231
5884
53945
43793
98592
8750
43329
94132
10102
48744
45321
67876
76803
33078
2206
52866
82714
19099
2630
54330
66829
23702
97972
43225
8905
99148
25950
53567
76065
60845
17091
93081
28626
73595
44909
14955
41108
82233
77653
84857
91546
67738
11524
67464
13187
20000
87685
59231
4307
94661
7774
94769
88728
42214
33181
36572
6417
31297
42535
59135
68309
40084
19960
20043
55756
30200
85523
45373
56224
1370
62219
85507
24240
77546
38363
38750
59995
42111
53833
77754
89811
57536
92667
27627
65386
80330
98266
42208
12136
23936
46924
64032
19175
91921
31917
79358
1639
73750
47636
21157
74734
5899
77943
21569
10137
81216
52197
31983
50685
4211
48563
68481
5694
13062
11603
98292
68771
12806
77081
89971
91699
43633
88974
74616
29768
33067
80692
44326
45876
73762
55919
31690
32585
77732
53693
56271
91269
43228
9521
78853
89512
7900
5801
4313
12522
88840
45410
85701
61169
40715
87160
78288
37117
80300
54852
86681
9852
90979
28578
85852
81725
88149
58140
51704
22055
30740
4637
52267
202
77361
28029
50386
52040
71377
89368
65017
42757
34553
57314
38483
3151
16850
96622
72219
54345
89132
68418
71419
68296
41218
8426
27008
14354
56951
12872
3012
24191
30864
66672
66646
70373
57331
98135
58431
42286
63692
98364
91569
35545
5410
79253
77720
98424
90020
4021
67974
29461
27389
11815
53308
9687
26012
37604
53181
70785
76510
71821
89220
4584
92284
73019
56060
46066
70104
10236
80160
4424
58939
71241
62956
12178
5528
89774
38105
94347
69117
68699
39089
82712
58582
74658
53714
70348
27563
65350
63698
25497
90925
54667
57000
65756
65669
98093
37494
3253
40596
41142
67147
18369
61973
40464
91572
70243
36153
25985
23821
84342
97068
61834
33483
33429
6357
21513
19436
745
30122
19653
39962
85861
96340
16415
81020
65334
86931
40229
29798
71202
46114
7354
11667
47575
29272
21418
34902
22405
34196
28060
22304
11065
20546
86903
25319
33721
32671
10975
86980
78951
41070
88746
31923
790
11694
53586
18714
32561
23551
43827
94850
53614
68262
72901
51815
44780
22064
62871
12646
18352
7623
95628
67517
58146
31602
24097
77771
80520
54151
67393
42160
79779
12106
36293
58906
66681
36930
91150
43716
33140
83267
49896
96472
92654
19153
23958
68634
80945
81278
82056
19140
92985
86637
56841
37559
66256
47956
51288
7415
23281
91658
37245
42700
88809
12424
32344
7611
7881
44897
64329
22541
55642
51014
87736
25217
18608
15510
51231
45018
24379
61949
85568
90844
60766
54807
60823
51558
80413
96299
36683
64652
25335
44758
85005
4842
53177
21491
39233
43887
37312
70466
81528
90367
70822
14048
76304
13480
89417
46635
37718
44773
92318
36080
27339
83320
43743
34240
86213
26043
24797
91473
70879
58306
88625
99929
70454
43117
89944
75633
46162
70803
34606
18409
87678
31395
49133
16995
75992
23882
46823
1784
19853
29009
13615
52262
89661
4439
86800
76469
81587
72580
73848
99287
31489
42748
36302
52821
85556
92488
77563
78092
6435
98611
84386
11150
97056
88412
15398
80809
45206
72789
83517
19285
3371
16425
26065
67997
39417
92854
32156
21041
95722
80229
83999
6936
87211
27708
57083
567
81343
58889
54170
13725
5434
68097
47938
4434
51931
94209
53506
74498
6655
82843
53398
22630
15959
57372
90862
21892
91818
49319
51271
98273
17982
38029
79490
48457
44609
31503
97362
92590
67691
46543
90784
48197
12487
71857
10878
60218
62770
49440
20487
92968
42780
25172
68495
64287
93543
1729
95214
13376
92082
35382
87587
30891
93409
66456
61336
38723
37107
61544
59267
3935
60621
30434
7000
90661
16699
23797
24290
51357
80255
80329
19933
40648
47211
65158
37043
52144
31525
89563
33190
34561
20672
30396
26123
68435
44533
10551
58378
71835
41662
68358
54765
39127
22602
83055
75576
95436
4240
93438
56052
52728
92778
42329
49947
59492
45110
46284
27831
21520
3031
97653
47794
61419
250
12946
13882
85332
53549
29652
75096
40093
64991
21469
44438
77155
79050
46591
10034
93608
62743
98745
81512
8096
304
23107
15490
63097
68915
12626
3314
77642
61387
71068
79632
72196
2944
52217
65594
54762
66597
74697
72427
65561
32300
20271
97849
91711
37603
71924
18074
59933
30291
6689
41647
78203
76862
36908
77079
50994
7594
75885
8810
72343
83047
60262
24496
27467
48536
57680
66892
89555
46393
21481
39631
84246
39139
69565
91831
30462
25046
60322
81165
17776
24580
44913
25765
37164
99801
65911
51993
1507
53114
40764
29229
25863
61388
70801
15507
4305
4311
15715
11055
91601
192
94819
59370
54742
18467
92663
23905
68714
38639
29549
35598
76600
11719
2810
82149
16345
72976
53631
96742
2645
81965
56718
19388
25643
39143
68441
57768
23152
52621
35912
66291
84381
54201
19288
54917
91260
79782
99821
42878
60701
3365
13605
2570
53424
56023
15776
80869
47540
58379
44334
9522
30069
35506
15674
62784
53837
33723
61341
77703
5845
94179
30554
13004
81578
94526
8079
35070
45142
11976
6263
79630
87776
96943
17035
68685
56544
66742
97561
42571
92388
80889
68575
19216
18321
36991
71459
98949
48809
66314
58202
52400
27645
90341
66613
2908
16841
36661
69220
82063
89480
21785
52674
62026
25636
97793
26899
96752
9971
79622
79304
87407
99013
44564
45949
5782
96849
71070
59939
23589
13921
95084
88979
64405
61996
12921
2257
81650
99261
33049
47787
74957
27537
92418
12272
96374
42977
17691
93010
24205
49529
99207
63203
4258
26815
89433
47967
19733
641
71671
97230
41091
40228
77885
4812
65288
58833
71940
60163
26835
24232
31000
91989
70397
89572
8439
33739
33213
74641
59963
64962
50205
75905
85778
52677
592
844
56882
17098
42521
97602
15463
21234
15414
28458
77718
16990
81994
42553
19107
61040
57614
791
71472
16112
12097
51429
2144
27912
77641
72312
67516
89964
87104
16146
25200
48005
60908
24224
88104
24482
80467
19764
99000
55428
38176
91449
88767
62527
51341
59838
48528
1256
9040
8696
55765
47765
84397
25082
95580
93615
79340
97723
33392
94848
38357
40323
78004
87504
25434
36194
36067
54448
44210
38300
14736
15097
55747
43654
2535
97292
52120
8104
37822
37163
69215
70621
9039
80248
71420
74911
34908
76994
62677
38544
12104
92260
46178
50885
26742
24120
21322
45489
77928
33390
43027
94527
68912
85911
52915
98268
23705
21940
82042
51638
9830
51916
34305
72209
39759
35718
19773
70467
30083
61274
75818
23292
39977
24211
61603
47288
46980
14206
21617
19206
73862
56574
19260
12245
73719
59479
12440
89578
40223
20722
5080
88273
80219
85178
72214
49087
47182
36081
3463
98953
6635
54754
77790
49220
20746
15796
23461
42739
13362
79100
48516
65191
32617
74388
46970
99176
85167
21564
84435
2839
85557
32036
81291
93185
56199
98264
84595
53541
42209
13032
72270
24967
43916
13990
62760
58658
22519
67550
75021
65939
9898
83837
94755
48487
59460
82358
38278
29101
57467
52342
30788
38303
16594
55988
29997
27015
36515
65817
6219
25033
99266
64285
53718
21372
54975
37023
51252
85965
17910
24590
17474
60411
50529
20541
26524
36975
88145
94169
49377
49662
20584
61628
6132
70518
4073
77009
9326
58827
1200
17168
19376
86581
90870
8143
66699
52379
43934
66011
99186
70116
33382
51169
21789
24542
47587
40242
53089
15560
27303
88345
13946
87739
8894
60294
34491
14489
9226
67471
96170
75981
56484
19512
64535
24047
44459
49897
18916
38553
14880
23083
88993
86976
28114
34910
71012
96857
52006
49937
6477
36920
40134
65480
48829
26571
14872
71525
70124
69421
9256
7657
22399
18326
96354
72020
20180
32704
18679
79851
41184
40974
58142
59962
9200
7387
18395
35863
95983
71163
31701
31184
40884
95213
45744
15226
88505
72032
82236
26767
45872
46422
53280
38587
63255
55513
74820
84357
6795
56441
33468
69623
8239
36379
79097
62766
65667
77614
44776
14512
41154
34717
87326
54465
66457
18175
68340
66350
18247
89339
22697
6430
55315
47334
64077
33807
91397
23829
33384
77096
55561
39882
81010
48897
19243
49805
87017
94045
43397
1886
60498
23963
16499
94479
73085
55602
73283
5587
86896
38112
6489
19084
8979
19371
1117
25869
1394
48956
20510
57552
17097
30964
27853
24876
39984
45420
10431
42289
46765
19987
73074
86982
27186
36829
14522
36586
33021
65677
33734
85723
70644
79900
3386
75548
70469
60284
6592
29413
94706
8645
340
52914
2099
5385
14911
42541
60992
39655
9479
55958
36057
18643
79008
31065
14623
47092
38161
88530
80987
50254
80116
96823
5492
26776
95160
53510
90048
1060
56834
59507
68367
84404
86631
25594
44684
24163
73832
90622
58461
41656
55521
84501
99584
42523
28848
54723
35414
57697
3529
54078
60645
27637
61225
29065
89803
75670
28244
36734
74417
53186
46043
27896
7028
23555
54991
96815
82723
20754
69648
27227
538
72731
21645
15798
15900
87783
89454
34295
99279
5181
23398
2937
30466
70707
93683
87428
81832
11907
18262
48862
67563
31756
78822
60860
57423
68967
86037
16847
36183
87026
88639
22876
77287
59252
52838
88925
78105
36077
97342
35778
23452
43291
89561
33926
38166
60610
54460
6387
54184
32169
41351
11660
59395
35579
20098
58473
90094
71237
65665
69186
6760
12830
12015
88200
89286
8335
13736
20813
12515
2669
76584
40188
50491
91306
3853
70182
96050
32658
58522
57232
79260
17237
57464
63815
44752
16313
38754
50282
53038
92918
17292
75835
75307
60600
34945
75767
19666
33596
93229
54400
19799
48443
84889
26344
90388
16670
42242
14741
50970
5402
1335
33005
58961
52321
56674
92247
25617
80462
85256
2273
68874
42845
31575
21847
36303
6782
74535
12870
42970
88586
59248
54994
2487
62252
54593
68672
23050
58977
17351
49552
65461
12462
90231
51510
18935
20339
12183
42944
82811
54911
90453
63446
73145
28545
2678
96856
75059
23507
47077
2456
43250
52293
85483
12026
18808
2438
20572
46091
49405
38440
82597
57732
7291
81123
65826
35776
23125
8861
14837
22162
71490
5585
41525
48153
12244
93685
39823
88523
56712
72642
17216
12195
66856
88486
73629
92736
11349
55807
61811
66272
74296
83305
18154
34040
97404
39400
31268
74685
92239
62866
90062
61805
71155
58814
56487
83064
71865
89698
66004
37977
50519
54576
97970
56390
73157
53301
97204
92038
12537
38052
26691
23436
35725
95515
99141
80349
67731
48867
92274
21348
56153
55344
4376
54581
59246
86105
30549
17354
63818
13568
47119
98333
7142
8401
26145
99815
84731
87719
86393
53708
55007
54183
77800
4954
84337
22473
74121
4398
1520
42365
22761
72621
43662
42634
94093
13252
89298
83415
97557
7122
59973
28603
61853
74346
86574
38239
15682
13479
39865
67291
44845
59380
68940
25296
18986
91732
33576
20837
35224
36561
13537
49772
61610
82255
10785
11050
14895
28422
59288
92436
47837
42303
72741
61044
34688
78688
14726
81925
99946
42575
44383
33217
55062
82694
60128
67309
80139
32569
10517
62279
81482
94984
24652
52351
63909
5031
36545
5530
24200
28933
46845
70392
52117
76152
53638
75813
22726
93053
11295
10385
96737
30362
77084
43987
63410
75713
87820
47748
66419
87260
635
65307
36697
76956
69676
89150
54882
45900
66736
21600
93686
57143
93195
1138
87897
9975
68178
65019
57572
44319
70046
4269
77889
35061
6025
60838
26276
16411
15571
66688
96830
27717
90774
96802
42428
99032
63998
72926
12535
63834
59976
48891
68995
3292
19113
53895
89184
76438
44030
4246
45047
43476
33511
15765
15551
97731
92271
19934
9061
82314
84691
24038
32331
84850
5220
17726
86779
29228
42327
88624
42677
13705
10888
17818
63573
40780
57339
21404
58488
75508
86255
62331
77378
11745
88984
18195
77877
64177
688
71499
1281
463
97762
85272
20468
90378
27696
47970
81301
92322
49505
20501
50531
4857
46452
42322
95347
68534
24566
19636
60514
50954
15763
61188
36065
72174
70863
67606
53800
30835
74454
9774
70562
16191
41773
52169
92433
48778
43035
63194
68524
90709
31444
66309
46265
44811
59582
14530
77667
35902
98277
63171
31991
52133
82680
92195
22266
58666
62419
1443
11391
23120
23259
88705
69896
67058
59251
49371
90211
37453
25893
55549
70357
17512
10709
24337
86280
40862
48265
85399
34994
70747
35119
13417
80531
65286
4177
92317
53075
46172
88096
82615
93819
43245
64802
83853
84199
85189
38044
55479
69270
66899
95602
95671
86884
15296
50634
95562
1051
16126
7426
430
69361
20760
63068
33952
22518
20921
27300
85097
6225
75326
26088
2485
42159
87767
854
31736
58715
82176
11679
84359
19416
68346
81386
2786
53928
95166
68457
35775
94990
54945
52879
29867
58495
58190
78370
78816
94555
13926
53985
46737
52769
46709
35977
27480
68931
71866
13312
63284
68586
57707
15704
93757
64878
21981
10852
47629
79722
81520
74908
75383
50527
18654
50829
62661
92589
31995
38318
94539
56822
32624
66989
72825
16659
19762
47120
81472
76260
92180
53366
45537
20127
72693
11598
86466
40498
28375
39405
75269
47249
62916
62826
79002
43237
83231
18259
5747
56997
91204
14797
42207
23459
74766
78561
66304
31910
54490
81869
26173
22544
64374
32069
1303
34136
29667
25503
71365
85551
4470
72140
64971
77820
26445
62884
92061
15283
62775
13788
64634
22508
3743
82567
34103
89423
97373
84750
37182
27512
3291
83693
4006
42437
33054
57045
89014
95202
42692
29055
99813
97945
3683
99281
65647
25502
35286
60758
82650
12625
29918
92664
34541
65425
94858
1318
35659
54307
9903
29195
43006
45847
27372
54226
89460
4369
32993
52846
73980
27598
23104
82405
48753
84485
39313
23926
79222
36457
50202
61997
92471
73925
31561
20293
91731
63563
88955
88318
56971
32769
41403
41780
87391
35486
49737
48848
45120
41031
21013
70448
68443
35100
58586
60318
91739
96604
69356
37920
45381
48631
78972
66475
48191
10991
37102
71211
72300
31847
23416
57407
5368
94863
31037
13754
80951
11626
49647
26239
29980
77158
19335
9625
24477
5765
95946
75437
72924
75656
3447
88944
6066
47095
42659
54657
30089
85652
68531
41359
6163
50716
79454
36989
67993
38107
73771
80813
42601
21131
68592
13760
53153
65508
69396
31791
30640
81734
47355
29569
2878
6892
72318
55368
47928
40225
20348
97777
45436
46923
2196
17781
74039
58828
49138
32709
29472
57337
7767
86535
79971
36015
61197
431
22456
29852
31356
47174
66907
651
41475
53516
71177
67449
95190
55418
2154
33707
8226
38370
69482
49160
37544
56543
80576
94222
66221
98932
28153
56494
43289
95009
48021
18554
16188
30791
38493
40980
30658
68164
62297
67069
67188
87384
98939
63239
52082
69160
15523
66101
31851
35063
24286
92959
79795
18936
43000
13598
43052
73754
17507
52384
74480
7700
23960
58956
26020
83547
75272
83945
88871
85302
27542
64952
90795
77514
88004
44984
25675
39545
73799
16122
91144
21925
10572
22368
47720
70406
78381
37365
48524
1536
20032
13175
79724
17562
69283
99108
82789
20564
59832
53996
55305
68126
92814
63486
46149
55405
94528
97014
87907
87823
54846
17768
40334
25468
25361
64487
61127
78712
27468
60085
88896
91895
81950
60999
50304
41241
31441
57927
54880
53443
12003
39676
11038
65090
86011
88039
49726
34734
95065
93839
47749
18972
56234
5922
75118
91789
97527
69817
92996
92139
40367
64015
73555
4040
6772
97467
18946
82737
36605
27931
18220
2618
1237
56862
23460
34463
33227
98047
63661
71009
88856
61601
69765
75098
92371
11668
45689
29599
37111
15241
12408
72710
4137
90087
24328
96891
47982
89505
81355
51313
97435
82820
37254
53829
78883
8201
61715
52506
78550
32546
91316
37584
37048
80404
36324
43217
94202
70094
81757
17194
77965
71512
52888
20720
93508
97685
74770
66138
35908
89634
64803
87433
73451
51629
54054
80162
10478
59579
24138
2062
64095
85474
96964
33257
83578
9221
11124
63125
75801
44490
31200
74084
14438
99871
94268
66379
71522
70085
99980
51057
92700
42953
35056
18265
49724
10673
95635
43913
26419
85403
1477
23696
41979
64044
68610
64984
60156
58314
42120
25444
35949
5184
47477
31101
73330
13090
47991
64001
2747
91342
58126
67088
6014
75180
78937
10122
25747
87726
59217
60706
29725
13507
81996
71414
782
42995
2832
85190
47094
34552
24050
64886
59066
89628
19174
39132
75965
47252
28741
75124
94944
57177
91558
33084
10384
83515
2777
49694
15443
37956
72680
35795
65988
70184
15903
73841
4377
84366
94271
62106
23088
96034
8980
24006
18439
43779
478
25183
24609
22550
62180
25859
41136
60896
41665
36727
30
59937
65481
88164
20978
22494
14901
69064
74653
7462
54088
2659
94083
13096
4332
39425
2638
36834
55250
55297
13336
83449
15820
52980
75949
56614
93079
3696
68777
2425
52410
55263
2464
43075
95200
97168
89081
7190
30495
83901
78851
62444
99337
78205
22111
95843
78865
92258
79017
56743
67788
97847
19616
9861
14466
3453
13670
95828
12216
38231
84017
9824
11098
95447
20704
97361
44704
39046
40660
68710
17396
14871
34966
42712
61475
17118
27727
58521
19215
88945
75974
45472
82113
72996
75284
1965
58760
67973
11836
93590
1461
77637
18818
29568
87330
24260
45746
58041
94812
61930
79264
45359
3691
55376
82825
92802
27609
77803
19414
28744
84995
27662
18140
21590
62989
47336
53923
78527
10829
61079
90867
76550
44186
31448
97272
66271
22987
82932
48044
53592
56748
67964
23710
61945
1170
11500
64297
40455
91860
71120
70040
5828
81064
46985
43937
62128
9433
84184
67139
8293
44955
52631
19069
6901
59643
79671
43001
88443
92035
7584
90396
40014
86993
61037
9731
10794
16888
16575
94723
15008
47205
17778
84491
72134
15809
85045
6956
1140
64335
65698
82434
47003
62610
5892
26677
8714
71403
40647
6833
73866
55944
58564
20589
68014
14333
25698
17880
66336
26203
82939
8948
76605
31246
32216
32086
69406
80609
99058
61739
28053
57261
71478
56205
37305
51656
73303
72499
18950
45464
21624
77380
38964
28740
30893
61649
73107
66080
45975
88197
40776
30547
89455
53863
16672
25874
14820
37211
80849
94657
90398
13476
95682
71108
63596
99961
10686
60005
94668
83510
84410
12743
31293
27709
53073
11828
9554
85035
29147
18239
87745
48879
16299
6531
40314
27388
35329
42148
53430
6952
52598
32693
38126
24644
75493
31588
51201
20650
9108
90248
8420
24494
8357
76218
99347
64723
76996
83719
69810
49997
61147
22483
86492
49471
51438
3187
64138
20522
87994
42305
11343
20344
55691
17312
35117
34117
73849
57811
56175
77613
61876
8816
54134
49103
32688
22488
67912
77190
20085
60925
9142
23588
80269
25451
60254
13929
93089
2403
10359
67601
75724
77367
42009
72038
866
11328
11709
37214
7963
32005
3809
93397
40364
63872
63629
45787
53117
2899
53825
39228
1875
72223
41652
82910
5703
20457
92046
48746
57030
54185
57374
66977
83422
85966
2904
69008
2609
95638
461
12373
49511
59026
53093
8643
76695
18676
55707
62075
73156
52513
12254
87949
36149
26689
55960
70671
8685
90959
26947
59360
57169
1229
93284
48049
74485
19205
58053
14008
31726
56177
95504
1771
80517
82276
93465
77213
11088
70711
28617
88179
22016
1918
91511
3563
99673
53178
58416
32734
86911
52047
67413
59266
73606
30959
18775
4347
57056
16648
40460
8305
51238
40680
51070
59798
62808
66983
94165
74451
32946
70945
87697
15225
13939
987
93249
3737
111
18132
71251
29265
49907
69370
95882
19865
87184
6016
79496
37187
61278
56443
68306
24663
50233
72559
44120
86163
54753
64624
77673
74130
70558
34922
90334
53130
94088
79420
95721
45571
69668
39733
9641
60833
94309
76448
26237
46237
79469
53849
41713
94354
70996
60361
81808
98609
25739
48140
57406
1672
30682
78239
41396
47601
2558
63758
89767
30417
79597
32108
86337
61694
14461
72264
73594
67930
72944
45656
16237
50447
25785
45800
90666
63800
62511
37515
7087
99732
9468
65247
30412
78170
4058
72216
90301
32812
37936
84334
6116
7789
57679
10214
13726
54249
33718
21603
49660
93660
48833
60368
90407
25652
61035
61802
30090
58114
60123
35328
35941
47104
18307
38200
99030
78891
63064
77900
10457
15562
57480
64910
27426
16366
37289
58207
45198
79933
64266
32283
10222
28728
20688
99333
99023
58612
81536
60352
32850
49054
46523
39715
22420
70220
83404
50613
96679
68633
62812
33878
58691
27684
92887
44708
19361
94722
63185
49616
21385
57258
89338
35657
4031
65819
64948
85481
27552
31228
19904
62710
39911
68114
34038
17225
28298
19748
91155
90323
53702
50274
39584
11751
49687
21098
64580
80647
17889
54943
18419
84391
47753
30271
12902
74265
16205
34743
97676
72221
57269
73437
42450
78906
24536
8383
39451
38424
89008
19312
43784
60338
89091
83874
55464
92269
83780
12592
89727
12232
20125
98961
90884
27824
76929
33864
70732
15688
36733
85056
66270
82417
7162
26754
5906
9630
32128
40803
11116
15518
14931
56123
95025
36658
97250
42311
35512
78535
69859
27861
19501
48163
22811
70618
93848
52869
69104
99601
765
99188
48196
10119
15834
54962
60093
59934
12616
18617
73641
41792
79308
7123
79054
9599
3143
56709
64674
52688
2738
95827
80816
75657
54964
32602
93074
8557
9106
51907
15516
7777
28432
4705
63023
29950
85362
30279
14787
21701
19203
20004
51564
57929
60929
21138
1428
76687
11041
24852
54056
44945
90724
37359
19542
39689
77886
91222
41497
15931
20987
96963
50995
50601
89557
80983
76706
56900
44698
73391
43283
53275
85038
5377
57333
61712
23780
81486
24543
61213
8794
52
73124
99706
67588
69274
21944
91876
24951
48869
33407
69890
90507
58685
72363
73248
27175
73414
44356
22622
36304
79854
77360
29605
9182
60377
19647
41776
19306
47648
61196
83364
52388
42795
63836
80158
89498
74738
79093
13437
95890
46877
41401
97531
70665
22781
81294
47055
54744
88314
52476
81347
91721
21245
73676
56243
96338
89784
27509
79014
37209
20015
51004
52767
91535
93314
45237
79134
43355
89007
89190
95976
40752
15461
21898
8377
95263
54081
10023
45621
73904
57910
62411
22934
91823
57780
39653
969
52743
73407
19183
50660
7803
64115
78390
69866
78127
78293
90190
67774
71860
58748
94893
21310
12620
67456
86029
91641
6231
29456
50811
29834
75531
4270
87653
48697
45295
84005
81673
55272
18191
26332
38800
33548
25000
17514
80760
86683
2127
80234
38299
69561
79037
6595
14233
1454
49562
29865
3658
49001
68620
80757
33528
20486
99263
29491
37279
91869
70440
98370
70944
85691
22462
3212
339
79532
28891
35410
11220
50524
39005
10045
41849
88618
88181
44414
78608
25624
90732
77434
32563
69269
38407
81516
37440
18020
61911
57591
56581
77484
53325
52546
78185
98890
52570
38386
94939
20591
33383
3704
72795
34193
35502
11458
88264
92673
87787
20367
90225
17845
77054
86191
62247
31914
90256
14490
58152
22850
58441
65639
15777
89907
96713
7686
70004
7392
2073
7895
94464
74357
83026
52922
50998
66209
51091
25081
79974
89465
15056
2994
61321
34412
87368
43522
80086
11345
86798
90624
64726
54850
38162
51777
59901
65116
66616
70799
74656
85500
19771
80579
92796
64838
44802
98252
78965
93693
59427
34294
63095
6002
49265
90306
46033
62545
53167
10464
93009
57455
29414
10401
77628
21117
58793
18114
67746
92343
76098
52774
96480
91471
14717
88836
58683
85135
22646
86092
51523
8404
62179
63314
6373
31142
77411
76973
35342
61029
61769
78413
66038
70802
55059
41693
17082
46841
44453
78695
80696
63639
35799
9981
48846
80363
97674
11474
60029
75095
827
36503
37761
45100
13383
24399
42554
16758
67401
9483
39727
44502
78787
34614
78669
11077
35422
79752
61560
67846
35406
84608
49677
42963
32264
54346
52266
845
10941
56828
58745
22460
38282
85682
18024
34804
11191
36205
50577
77308
96160
90540
13781
68613
59498
36260
69386
12608
10096
43607
92124
33966
58017
31432
40514
12248
62573
5695
85758
64653
25114
5489
21487
34198
66252
47795
41036
18656
97521
23874
76545
31479
96643
43402
62202
66923
36101
18073
76126
43464
44147
70598
38103
94434
4770
61793
61637
53176
93025
20461
14894
32721
46932
91065
1891
16669
5735
74161
37293
78496
20698
53663
93098
6192
34072
95795
6156
56110
33064
33932
85919
89577
78933
37007
4130
73477
87000
552
13761
48731
20547
48270
80561
36092
24407
20052
58045
79618
77250
82376
92713
65802
4183
63471
11787
39274
46377
52955
73497
91692
62138
79182
43429
5750
85179
92822
13248
76003
58660
13519
96253
61140
40620
24425
70030
729
76101
30331
1465
74968
67206
77239
26682
87499
4235
27821
24747
10390
18061
46880
57343
22328
92885
56761
29775
73623
14300
874
63026
48634
31519
95511
77233
37640
74722
12820
44166
74470
17061
53808
65558
18526
22129
7977
18898
38197
47849
73037
94460
8204
8724
54156
11324
74466
68123
89373
62453
67039
51651
84717
1884
75381
31978
15287
85196
24898
84959
43200
64895
86758
48853
18649
8427
54840
52242
36607
93270
64263
54538
33020
17142
22316
72449
5935
46051
4224
27441
47268
69030
7681
91981
50661
4189
38839
69996
83599
65575
59842
65185
63795
91139
36847
14131
59462
47697
12795
85170
34002
13708
70766
46275
51095
75748
52468
93224
53428
33676
25686
51117
55130
72622
66237
64795
41835
10328
80637
25571
68189
40059
99089
73162
40700
30249
64009
67610
42192
86298
88291
61640
37147
67773
50412
37502
96522
41306
77622
67454
32454
2756
94363
69751
9138
63963
2693
43443
96556
96318
84651
60088
80890
7968
25424
14314
22540
50750
68878
19876
75907
66543
64536
96990
18998
99753
53998
7397
65260
52071
1525
25864
88379
19349
16951
65702
71922
56657
33556
6640
6257
56311
61572
87382
86727
89371
96880
27964
34835
51311
87001
29786
52234
71030
74079
83462
65989
89289
41383
89536
81637
8045
1915
60795
20407
33247
1407
12130
74088
59620
51416
95071
3146
93751
16131
52556
78646
31843
64689
54278
45540
82355
90442
39877
7086
35496
51843
27054
26222
50306
23762
67532
91071
55750
68028
12745
87282
88014
44915
12259
8211
93478
83931
10501
1478
82438
89356
1540
30716
58766
82675
50006
71026
47615
35573
82159
1865
31675
13802
710
41071
17873
32378
18827
38429
56721
24760
37075
13151
20452
94634
18868
90708
88284
39994
61056
41337
20675
46034
33834
25910
2528
7372
96724
27941
5723
88439
67638
73938
85553
18589
85715
86268
58579
80314
54298
91432
69887
30477
62239
79702
50824
8587
57958
75139
96623
53397
41970
52664
68752
44885
68720
654
79417
27448
11112
26613
72060
15538
69850
60961
94525
40657
66045
56207
32488
37418
66298
37598
35296
50217
21828
42873
8513
57053
19015
93598
96619
36774
74362
39848
55237
74419
72266
23025
20901
23901
84890
29945
40822
74802
75495
59587
30970
30403
17855
19485
62071
21866
49561
86463
49665
65365
16828
2128
33017
40494
9738
53903
31693
49401
7976
27677
88680
70195
11058
60700
54554
25749
70109
65956
64165
45837
33720
61993
16589
8398
10271
58784
94340
19797
74165
70872
1827
1611
61653
27228
14060
10246
58712
73767
59067
38923
78314
83824
48483
52996
10044
33022
47414
19611
7964
89531
71949
15271
81325
66351
80689
22871
88743
89655
7890
46722
35488
43563
71467
12171
44668
88553
36051
70998
70140
60286
93490
3149
67673
62145
40144
81098
73515
78551
49316
35825
49520
19992
12945
84468
7419
70877
74701
63002
37284
61329
65059
59701
89830
47014
15965
3547
13688
38415
5112
88591
35360
86858
14712
70780
28133
48621
70658
31595
37200
75298
25905
38365
27810
5797
83752
38478
96191
58630
96097
40864
59505
71561
46698
73359
80342
25824
13976
94543
40532
13377
37969
52278
41441
17254
24471
82659
11791
83704
99847
98861
70541
81788
28671
63009
27557
68444
28184
879
69542
72898
73165
40568
84194
2275
61803
99643
94597
44053
85591
90698
37662
3198
78994
58711
76831
80270
41583
84882
38232
94002
89399
89113
40824
97623
14322
84970
5581
58469
40625
67498
70048
28962
35932
87542
99540
83028
95296
45184
66526
65638
38674
60394
89801
96897
92290
25771
44842
12258
61082
37591
84190
65752
35627
53707
95853
68789
3959
64725
62043
7313
85897
2658
99061
39486
44835
83539
87624
54640
57655
72089
20035
60125
68663
61992
5494
95923
797
28850
3246
24222
94031
64442
59247
80588
74096
72530
40927
72734
72955
83244
87144
78607
32737
55401
98097
37206
26168
64800
3555
88897
47642
70077
60063
86124
81218
58163
38660
61271
18163
55788
90615
68362
4499
99590
60525
38097
87786
11729
86817
37126
61818
70995
45114
15453
79584
49186
30079
95097
20937
98583
36587
84055
14431
34856
535
132
32784
17738
14762
82410
98081
74970
29553
82128
63181
43021
9696
36553
54200
95697
62747
97194
86361
70580
66075
83290
26647
33013
69241
33233
76168
31539
98452
23247
20726
35936
80883
31573
83504
44784
89990
6333
77462
64479
70926
44880
92665
67966
67524
70923
70061
71000
34479
48243
23252
79372
46012
38497
8319
55694
37099
10481
2581
99879
46333
83556
17837
22202
51337
26633
97558
11782
39014
98869
1680
65124
83607
37210
9058
21134
80978
62798
8209
55618
42828
21990
42667
15376
70472
36222
78054
66069
40834
94707
83873
45767
15806
21965
27457
57054
74523
94745
16139
34621
64378
14242
14498
31958
67763
49162
1007
46476
61320
15608
5812
33620
66717
27606
89171
56170
36664
63476
21347
36343
34129
36778
14094
9729
89621
92640
5335
20505
60327
49443
73024
64417
24486
89026
218
10537
25093
95854
12680
60772
85183
20870
12034
23608
13064
24962
11779
79522
619
78311
10075
54336
40012
32445
49702
3232
40184
87898
20453
2253
54559
28277
51847
88456
38850
60274
89001
32982
39437
2337
45667
91487
30529
17063
62540
97268
36570
29663
29422
2166
96165
64172
98632
97996
38701
54787
85945
97841
42296
76668
39813
28908
570
817
6587
34377
22054
10370
34080
84450
54539
74142
46667
92929
41412
16333
31202
11482
85073
7703
44425
26056
62649
75253
78696
94474
27460
55598
85248
925
63876
17902
58750
40745
72481
43169
51039
25143
24474
16652
30423
97787
45642
80237
61005
70784
70572
99640
6352
6379
22624
73344
26709
88584
93303
64774
76875
83971
15679
89319
64900
77927
97174
71596
52037
20198
74090
72433
30382
70026
38322
1933
55249
9530
21238
28887
46682
71236
44260
76322
25328
84372
68597
54720
45905
20460
441
72245
4698
96718
72585
47200
23752
99829
14594
13189
88243
36131
77170
51561
78912
64040
39792
23134
79753
56048
88837
80657
96234
90300
71544
78591
46987
32306
80626
43573
66104
91416
61009
85310
68703
14718
83249
58447
20676
64933
83965
33782
40836
54057
26226
67725
66548
50461
9084
53374
5440
15549
98511
40262
47698
37850
82793
61293
12064
13116
66612
78497
21193
35516
51348
60095
6797
38608
64981
87292
46395
29847
59213
3225
65388
24464
75094
69618
988
19736
53369
27112
7756
72070
80853
57901
69593
84096
8936
70547
44953
55063
14068
80054
65985
19336
93794
8973
48357
69571
99713
9296
30821
86069
86768
33683
42483
61392
93567
81396
64872
65243
10342
85030
67329
91879
83053
76166
81912
42245
97595
17585
55366
27593
3398
34045
92184
71042
61265
30450
81440
13970
26301
16953
75469
58960
25646
22991
22026
47968
73125
23028
85664
43919
42077
18749
54626
92330
25075
99613
74484
69709
154
16173
65222
97443
9059
48620
10604
72023
36104
12442
33852
82556
55475
94440
56524
32375
15675
43178
80010
63681
22980
61207
6436
64271
3241
35762
17106
71324
21854
54736
70495
11185
49161
20161
9697
1777
66779
58937
21619
57876
89635
11852
95016
15613
76381
13423
26615
8746
26407
33565
43444
59279
75762
46360
11884
42288
18327
55281
39548
20655
52603
38534
43608
35325
83356
17016
55828
36509
96563
96152
49874
38102
43634
38135
45053
16983
82674
4742
22993
26834
50898
30209
26201
71812
44435
38859
60518
58008
49095
26772
79294
80681
41483
94298
55343
22431
83250
11336
80278
28773
80646
10545
92232
88878
36171
1700
95791
91171
81526
17891
11740
16134
46202
70463
80444
19958
7184
87215
97207
31223
31677
84028
69680
42205
1856
56130
32203
13674
13225
77850
92077
25912
51514
26968
45981
68429
87471
49332
71393
82856
25074
52005
56080
68873
10237
53751
75603
41846
72847
35034
19621
66111
33368
1586
91354
1369
35884
51193
11350
20868
3632
29087
9676
72236
49216
15209
67044
78858
10378
36326
32828
75714
18131
70916
60900
47035
93669
51218
13745
28814
38378
47231
82991
73084
61593
16225
72080
27699
55796
65450
49043
83587
41631
54399
82396
90634
5401
31319
29040
71811
59863
16336
66860
7962
47293
25475
77946
38268
49109
74152
49744
34556
49145
67235
2216
3819
48291
95912
14405
73454
59109
28569
33023
31114
92739
871
26704
4985
99111
34385
3908
92151
19112
24795
50830
87646
60793
84135
91939
63973
48221
14549
66668
13332
148
41645
28562
86894
25218
6577
55426
29631
28680
79861
81689
41842
76431
81824
63538
87517
93045
45557
77791
76077
53983
6865
72879
82215
71469
5252
37316
17336
10216
63756
44755
7742
12980
36450
53396
86705
39809
92286
64647
65117
44082
83434
77798
96906
91505
2179
90074
3074
22493
89868
54492
13729
9674
38767
81033
8918
52618
75645
36723
11019
12991
95163
58844
96792
33029
55831
67926
41033
53653
26387
70376
84453
45167
20063
36637
55423
85370
93285
45688
91140
85718
35222
33425
4566
56881
18157
82142
77725
77815
16767
97476
29141
65209
43425
25442
13340
91746
69280
27384
92084
20291
71091
71952
39491
12011
1181
72361
7074
96128
31800
51476
85832
46182
86679
2943
26938
99591
85826
91524
90437
83069
31631
72911
9199
95376
11141
61813
76682
30993
58868
89447
43205
33212
23830
78481
32542
87612
94114
19141
60054
34645
67315
140
94740
17136
89576
613
30574
13981
57586
2900
13746
55764
8896
33624
44316
73977
84108
10976
62446
60924
64229
19571
44683
17574
8520
69121
67282
93512
25506
41630
19400
14582
10202
33610
30878
59746
86524
28749
79227
71941
49551
95837
80901
11322
70532
2554
87590
497
3
97293
84438
20948
49663
7204
59753
4828
8320
75638
86632
8508
74672
83701
95472
54095
99927
95780
73871
70817
37892
24847
55319
29254
57487
20849
61469
20444
87718
7094
72377
14345
81956
82852
18251
65149
7600
12789
40023
66592
51188
41487
83601
49348
25759
14049
70231
84319
60429
57266
67751
61782
71681
98174
63620
34839
11981
45870
90659
49258
63467
81239
17947
18791
12191
71460
81201
9611
67417
57787
76725
79413
44060
11741
72991
45333
4209
68628
79483
60073
6154
89061
18819
38968
395
80460
22776
74258
6170
83791
67957
99947
45461
20767
31134
21561
46405
13611
97612
13652
95660
67569
52833
54124
99393
89625
97831
99579
82981
14223
50437
95860
32335
47714
14412
92908
5709
28072
92492
88124
97605
81569
86807
58901
21203
67585
88990
49386
82764
55948
20021
30706
45222
75607
93040
44127
86082
83782
96710
42102
51371
2799
98941
32204
93435
18754
72752
87035
56740
19701
13056
48650
91069
24880
56963
5633
66165
26965
74177
28663
51319
51283
51417
45932
14647
99894
75300
77693
61677
3181
30695
52828
38990
51211
32639
65250
32372
33203
11894
65179
75810
63656
16330
83949
81411
28045
15030
13489
44168
96075
44537
78039
60345
38307
86172
5267
32094
65423
606
50528
36246
59792
10989
81825
34574
47011
3907
95317
86050
4671
77224
21608
47338
94423
98793
3786
61368
47018
13695
14806
51484
19867
84693
83043
1779
19687
75765
10631
75476
10741
6532
57104
15407
21237
43730
70578
52343
84824
9857
18112
86813
68759
37165
66880
11588
49803
15468
88405
69992
79219
24113
13747
81600
83232
73067
75658
70808
100000
95880
93231
60657
9765
63975
91227
97664
72855
83859
24351
6882
51388
82816
98624
48905
71574
87801
80635
91481
84272
63265
3564
8273
25398
95607
67381
78843
5929
69320
46836
38025
35027
36859
97253
6616
31360
90860
90787
22411
31109
53514
40376
24329
66701
8864
61681
28259
67645
35388
26021
70129
23991
95372
93791
84565
21432
23149
35353
94942
99352
61084
33969
32340
55131
27876
46072
71598
27420
71842
68622
98316
26511
39156
25573
15124
90741
13633
93924
9093
58840
22830
85127
60340
8323
56600
47183
21479
17693
94641
6919
87034
37609
27549
48984
89169
40222
51964
26195
75830
51744
49591
66982
38768
6405
87031
44563
44676
62880
90355
66049
12859
36394
44910
4761
87868
19668
18012
86143
14462
43107
24818
61282
83342
48562
86407
99572
82803
8016
33163
39047
29755
91127
33851
12463
45908
31732
70128
69267
89388
19326
49021
54444
62152
43236
40793
98085
778
29000
34184
58422
91791
62676
85176
55869
59356
61318
28063
45601
1721
83111
10871
91376
54087
17457
58555
91689
18172
54951
1164
96214
21435
96202
4697
54668
508
55993
81775
89592
18034
714
42991
93918
3001
25308
62683
61295
90529
28505
42228
88606
79436
13049
8827
38118
62955
23062
49787
8048
9396
70548
75983
49544
26693
99046
49689
8089
30830
6275
62861
6855
77912
29239
86645
80324
69780
39372
8963
12306
89031
51508
86983
45691
92344
18637
80710
7994
73547
25808
92990
76188
47404
64441
47139
98911
58820
2241
43447
18188
32178
35247
65400
54890
75596
63431
56671
73575
18266
13317
42156
10839
16104
37784
4093
17747
99214
26946
8669
2032
13505
37549
60954
7504
93814
47513
83373
5107
86644
44615
29781
14637
39297
38160
62314
19767
71804
3816
44099
95465
63379
78459
72186
74189
64963
61032
73550
8367
28832
22741
92835
15980
45955
32897
18786
36760
98328
32191
43781
50636
32079
12553
21278
75839
18216
82527
26761
12589
2367
82871
40723
89746
51065
24964
37266
85795
49141
98638
76786
27086
66871
48756
85072
20005
50614
52182
67429
8500
23698
51326
62031
9120
67465
74821
30990
71208
57501
43902
8122
76998
92870
14789
41744
98523
41660
84941
74072
21811
26281
32865
89715
63498
17067
39294
77837
98286
64854
56276
95770
68871
73417
49646
71921
78176
56148
87430
15494
84530
40021
3973
70275
58388
66750
18296
55019
70833
98580
21636
69594
51167
6126
47009
29386
75411
11013
95521
9243
9757
23839
69869
67802
474
36621
7730
37883
65098
91456
31682
5417
28274
4895
24293
70878
48167
67716
56926
16517
7569
75550
95320
48735
78483
46294
31068
63908
53979
81669
88797
5030
47602
63341
62886
93942
57595
275
47138
60797
64210
10718
5388
19546
54680
31864
5826
85959
30348
89057
10616
24272
28697
57571
88544
8352
41926
6726
15801
18167
72045
85687
59552
97457
11855
56937
10776
74239
50753
97403
28446
1347
10593
48147
54615
37304
6486
26970
85014
8129
19393
20799
7567
71343
94976
35155
62667
28138
74699
56117
76596
52747
88781
89761
9832
20149
82162
56069
19588
25452
24547
46383
98843
25841
47871
4160
59195
24906
74443
31754
35867
82526
77689
98505
28627
65606
97597
35367
93812
69486
96116
30301
35203
9056
53087
25248
40554
16359
65361
71664
67120
16674
75578
23262
78637
29733
47333
87046
8454
11023
3712
83666
70435
57997
53328
35629
8229
6597
34497
76306
93589
99258
89769
96950
83652
24711
23447
89604
51949
40962
95020
1996
23913
5234
25535
99133
90153
44495
34620
17604
3311
65233
36777
71336
67554
645
51181
45730
96272
69555
75941
34596
35999
98886
27217
91598
82134
84111
16972
81089
71184
913
77000
967
34757
65417
93176
38428
27915
53317
8097
81627
30067
21543
62958
79144
27238
12414
52853
99240
77700
12053
12295
21622
66231
62231
90429
70693
24091
6300
51285
98629
14114
8446
73116
13570
23863
90745
52251
37678
95117
82356
75591
27323
60443
29233
40866
15339
5275
66182
92402
70295
80565
93777
23310
22334
73664
52508
22120
7739
49158
93461
59719
30514
55970
39303
95799
7722
12751
43260
17674
87284
51978
85061
87833
87656
1006
68783
5397
72205
93236
98600
32919
38831
27888
88759
78657
59189
15515
35433
69431
82531
85475
50849
95695
9662
27285
70073
87926
14071
8191
94932
85550
17969
54191
99880
75715
36336
67263
44407
36957
61217
76258
76988
78140
3373
63948
80145
49393
63188
59781
7253
46643
85521
38387
66740
56573
75929
3576
47911
25393
92940
40794
14435
15037
80944
3071
24198
35010
53609
61697
9930
80204
15797
22948
92464
83769
92088
69669
37326
37990
89986
66835
9996
82552
10174
73694
31440
35095
53100
72336
40263
87312
91081
24167
72885
43760
17692
45473
46186
65618
14608
78226
6958
88927
87366
34656
68081
74944
76505
25601
8365
44135
19282
63632
50159
21740
88477
96395
60598
31074
46569
80454
72882
46542
3199
64912
48974
92964
66562
38435
48063
75463
28682
23567
42569
98087
1482
81992
92925
35088
96155
12470
69614
66285
23181
31250
58063
28028
55809
77826
63997
498
1807
78627
97306
82985
66264
88686
20474
11862
87952
58984
6828
48460
87032
6530
30676
22698
90013
93861
62078
64832
67667
94128
42925
78947
17076
64812
28015
28312
63263
80848
38904
76581
20581
72739
34448
84692
77067
33810
33836
60662
46497
55495
79649
70254
83845
32241
89436
82004
94260
55985
92102
7939
77551
59709
64181
13257
21406
6490
13937
65184
4601
7616
90947
37570
24346
48467
74921
61746
4057
53324
49868
34566
8552
52272
70933
66052
68682
27934
19380
44463
89827
40192
98410
7114
94694
35021
68798
13378
25199
10103
11117
49933
57784
12928
70480
21968
55979
3591
3476
7741
86731
44700
62067
65084
18967
8327
28999
50804
28919
10899
3993
60978
87051
23267
79525
59126
44525
29795
98956
40116
648
39750
33317
77604
72617
3091
49920
43435
35947
3409
399
5059
53031
2173
36126
12125
52910
65727
26436
23115
88204
35277
39159
32054
82400
36378
26601
82722
72345
40472
68102
53598
50110
63726
51761
56636
15491
51750
62713
85452
96309
22485
18410
61622
42347
62118
43320
62864
58103
53320
8682
20400
99104
84561
66546
47643
85835
36757
64677
61553
76588
86764
99881
58524
60459
16138
64369
98678
29511
62369
15741
58988
77896
78680
70540
98654
61499
31957
24735
21734
12521
27060
80780
51006
12843
46879
38116
25071
34059
95121
82776
70920
10780
96844
36138
30551
90543
64261
29335
58746
73505
36677
12860
83923
63029
69521
12811
58490
71215
50298
59058
8136
84165
90096
80343
40720
75354
65843
92230
87698
29505
29732
99491
77984
13710
18801
26309
84690
45788
12869
62464
33403
91332
51202
62581
33654
68288
21271
99818
2339
33489
66366
28084
47767
90
8085
63242
23617
25852
5465
70575
89641
61754
98441
327
63753
48004
84428
33605
21327
81938
78728
66950
41956
60894
35574
95106
22838
25331
5687
75438
95685
80479
2220
65057
62286
26701
21881
92979
7877
10627
55109
10942
19639
15459
11356
17113
60287
67959
24509
41035
35752
1751
44553
9449
60139
87526
11957
20244
30162
59468
59625
60356
36122
99997
39937
65719
69533
49530
83877
11156
63249
84527
22757
224
13714
82869
99456
4314
90534
98289
61566
47101
24995
17398
8782
24345
55569
39300
25683
92504
97117
51386
93943
68098
46821
82827
36754
30773
78980
33941
53917
96274
39312
24372
57573
55003
46048
89612
64277
28412
77023
4636
2433
96694
29151
17482
22970
66383
84822
72107
7443
85865
75369
57778
59874
74913
71974
18543
73660
43278
6559
20499
45433
49303
73275
77159
30761
89203
1178
69134
10250
99664
82853
80017
32099
25229
60382
23756
22507
16579
28751
41309
415
41859
18313
24622
46134
89931
69295
80012
29443
97107
56707
39580
45616
38084
69171
96864
36417
61174
1638
71130
36259
92453
69701
43032
85954
92289
96242
32675
18641
98954
38728
26408
15013
542
33633
77478
78020
28570
91827
47792
56316
44476
44074
22502
99860
46079
19685
91156
79518
31997
7194
69450
47071
34788
32424
17397
33527
63914
97243
17728
37982
76647
95723
88985
97978
63585
87473
48945
88819
50819
16035
59088
69517
5238
61385
79178
75923
17209
40631
74172
7934
47934
32510
67203
45967
5177
35271
93233
90670
34338
53968
44129
83625
78866
56741
11421
35638
96696
65458
36287
54247
69920
4039
43735
34277
24751
9643
13315
26952
34716
48890
22563
79464
57720
76578
27683
57172
47740
57415
13348
42533
37076
62633
8109
26866
35361
59327
59751
44282
47337
87742
71862
95757
73784
94563
85530
24022
47639
54487
39317
6369
54759
43960
86292
2123
67212
53250
98964
27640
40753
2615
56146
43473
21815
32406
56986
17412
10556
5100
46029
2175
70869
23999
79273
38543
76809
2270
25421
9540
81441
20922
41783
89812
31522
22530
74806
52525
6000
88803
84637
53552
13042
43578
45230
67114
20270
87263
23423
76703
5857
74978
48885
88108
38113
52424
82079
58968
70360
24807
84140
11637
8538
49086
86410
93440
27623
35861
77272
74633
97337
4497
86243
33722
36078
68514
58865
96638
38045
21340
29366
76855
65801
4218
962
85894
1329
1126
91274
28982
23159
97904
26283
90897
76115
86913
33669
67701
68230
17272
21146
57947
38524
86329
90648
93995
85387
95414
13153
33470
81789
95356
3540
28606
73827
20429
82231
22454
42501
39302
33252
88316
50132
17835
10288
83913
92293
31188
21627
89603
98958
41696
43888
81346
345
92711
68611
69556
91856
21679
70157
13065
68391
81521
51290
74283
73944
2089
6222
35653
22831
41526
64331
96627
6195
46198
27666
14302
47061
60235
25484
41213
45853
31720
71061
20517
94062
98419
83787
15100
74669
37769
46589
45726
65875
24596
6171
69359
75643
78295
98533
7609
37865
32118
73704
90192
52880
28615
72061
65277
67326
99837
15198
4902
65847
31176
80121
52415
89865
13521
85985
91327
24599
61975
50511
70605
71152
59908
69126
59727
61239
22532
77706
12561
54869
76755
14085
24987
19034
73388
96888
22408
39271
79078
53612
48760
55031
55663
88407
29069
19500
38691
38308
39758
37720
57957
35118
20994
19301
25637
34352
35326
66867
41242
34347
32773
1414
24792
88921
91236
49403
77470
19634
14245
86485
68502
22710
95475
34027
31951
52104
99634
64857
74555
79395
17477
65973
78700
91794
34102
34408
4456
47873
47838
42319
57288
14507
59752
14394
50928
26957
87512
49156
98198
85618
4172
26746
19872
25034
88961
46700
61429
91249
8217
61481
45185
73899
79027
43820
37995
92838
60862
50173
57583
92668
75756
62144
28997
68965
30017
5925
70400
43808
55950
21808
33693
55014
64513
40056
41800
61015
3224
16762
23234
89814
45978
34152
61020
63534
37485
31292
20852
62195
28344
28620
15873
34413
48042
95576
26972
44916
1363
2984
31181
76123
13451
45330
19275
61199
23521
11078
46977
66409
83581
11251
80373
43712
59163
44625
89519
24709
62995
11991
9236
17764
52240
24181
44466
19483
92656
6883
43503
42711
62455
41018
37593
2935
71980
16250
18689
92405
51166
82431
96616
35279
84813
93960
47199
13142
59274
26839
53662
609
64495
23634
85379
64843
23490
39624
84008
76149
57712
10451
7189
41643
80927
69554
41985
87633
51301
72711
82514
38071
54501
91772
30494
78186
1123
52239
76954
23675
26224
96877
31320
44362
89704
48630
60403
91252
59018
25569
99716
29402
18520
44481
34229
64033
51868
5326
2384
93820
35851
2792
94517
73669
16019
82473
28582
42729
24593
14369
21190
22101
31861
61659
91143
15615
78010
38896
85699
80846
37046
32015
68862
76613
32836
48375
81830
83910
75544
38867
76410
73884
27954
1603
26515
71106
30508
81037
62687
74294
47996
23327
9164
60366
55501
64043
49818
68078
69089
94255
56286
25410
89668
93248
15330
31152
33414
55436
30808
59008
95123
47516
96621
14086
47701
11517
7351
93221
80080
33076
39852
96497
67232
23777
58237
48225
63107
81836
63400
77027
10587
88885
81550
96099
61070
93760
92584
90555
95001
21496
24153
96869
41201
45089
70445
67311
56038
78398
69963
10441
23189
58753
73734
55208
40727
16723
59648
38259
35252
47766
71611
93058
88873
40979
253
31783
57158
43617
24836
66958
59205
97203
71482
62220
29812
63165
7679
46219
86579
74525
31158
3178
17541
52138
59873
52518
12836
25681
14682
54877
15472
34348
40331
75088
74526
82347
63708
66301
17134
3963
81141
13265
86431
8884
93467
35401
39241
49545
69712
85735
73689
93368
58738
51776
76323
47645
70386
47282
65352
92630
36715
4593
4598
77968
52716
78319
80446
86303
13707
69772
87489
35448
45934
93383
85968
94371
39018
12734
73760
98169
30582
93587
16603
75191
39289
3923
24658
94770
57420
68864
21949
82161
62740
67141
93797
89607
51492
52535
6907
68924
81572
7825
45033
76553
84154
31585
13748
71089
85785
34086
73171
33477
60256
35112
45503
34478
70078
56292
11977
7346
64215
35966
86099
52487
53115
14330
65368
65980
21355
56966
60479
78441
3823
59855
31623
58743
85962
82420
25932
37788
23739
69662
6485
17918
33379
3978
16893
74558
90069
46513
14810
26502
11917
46130
8362
34907
51227
5555
64189
11916
39452
36331
58404
90880
61567
30488
22873
45065
58705
67780
39794
41496
67296
8732
77741
91648
93651
16254
18624
47295
4480
78157
26325
64088
38575
94659
50323
32995
61857
123
98318
24421
32631
93700
54094
5471
6659
95273
73127
52055
30626
39581
12377
38472
38871
98000
79581
99539
32824
18276
37302
44883
63611
52126
39785
4423
20884
10269
52719
28737
2229
94385
23213
14475
21872
14443
6830
66840
2674
64604
36801
56424
73856
78259
42860
13231
95270
90625
17439
49832
99131
19711
58253
56086
4212
37856
36685
32907
3795
76185
1387
64867
89387
88637
45856
76040
68544
96632
82918
60398
27574
98995
7808
20877
73852
67123
45105
12888
91370
12776
14093
79205
68147
28800
96267
32275
21175
49438
66190
65197
9756
21365
4030
29032
47711
20569
14082
27469
30848
40942
31290
23540
41559
84991
81038
26363
75740
15126
88752
32483
79419
4720
76825
11760
91654
91757
53210
90652
49232
76476
2520
98926
8036
59757
33563
63718
48448
49407
40614
49970
15081
44441
1385
69787
43773
20624
45036
10410
10355
3138
11764
57698
67293
722
15905
98550
87913
37765
4260
68447
50518
14822
23766
62600
38078
70087
69343
95846
98915
36996
42138
23105
15727
10511
30719
67474
19194
51179
67857
80205
9514
3113
54761
98058
2612
55648
47819
25695
64326
81026
62070
41524
22438
38910
16314
50371
12416
5836
3825
29648
54013
66569
75453
64372
13815
34454
61646
98665
24092
40017
75005
85487
88465
85916
14708
18337
48134
89109
37430
74879
96237
9618
22964
97791
61552
23440
34897
53370
76073
36995
64656
93619
50402
85118
4338
89012
48358
56995
2469
22197
31159
81729
42710
11103
94887
8289
71752
16080
40689
36295
64937
52346
1193
77930
68401
87354
34841
19195
10352
80420
47486
26322
38373
19341
19786
12658
30497
68095
5825
85979
50130
51878
73759
54271
74610
84492
1351
87052
83825
43521
2903
82649
77056
74260
88175
46633
65292
49958
86327
60617
29242
59549
80828
85698
33948
11925
52072
3310
44062
90608
58731
90241
1906
89248
98322
57802
94269
42124
62632
59966
2047
97990
7513
48603
16914
89544
86043
76910
57719
12976
29293
44870
42695
42179
50286
26652
93892
90217
30579
73130
40070
49140
22388
39352
57459
39886
40985
64611
4213
98029
24133
73320
83661
41701
44196
18026
56807
61376
75454
17367
76332
48510
82693
70805
10720
56930
79580
65960
56944
91753
71737
9353
34106
76921
62366
25584
44493
15695
62814
65041
64806
53381
33328
64796
80905
70735
81225
14258
30304
85221
29880
92554
94201
85860
70148
47942
95360
99455
44267
59990
74494
91667
88410
27753
11556
35998
68963
77092
87594
59784
63953
27803
43233
69879
16284
62182
83129
52426
10133
44595
98698
99538
46064
44630
16742
34194
1983
64202
72387
53218
5211
80557
42684
36725
38406
42339
92333
76658
68676
60358
73626
46343
68975
922
34209
59028
99293
52882
58877
65605
90953
37535
87980
95678
37674
13000
76908
31331
55991
98468
62474
71586
89240
75497
88114
5457
84725
79801
32420
27264
70143
54661
8962
66485
64755
81097
12083
53941
10052
90059
4303
96739
15483
83832
49200
12338
49918
87493
39078
16049
67196
80023
46108
33062
12455
58951
55980
27421
39488
61116
5881
98145
49633
34646
29330
67022
68480
84746
23477
41804
67408
61861
27454
81055
32938
15783
72378
50703
54186
42590
76047
52984
88183
68193
40439
53480
20500
85921
27430
52416
54794
64752
86613
64649
24378
68604
46065
68385
26507
82690
9669
57410
77733
89412
26625
57999
57579
88221
28402
50822
62434
68134
29198
27247
61670
69357
41375
58286
87487
56891
93049
26617
52282
64284
47017
56896
51408
4105
80788
14534
71410
8960
65420
46681
13036
65995
66187
30491
87716
91170
36971
39489
96357
52780
42525
15921
98270
277
37012
23424
85356
30330
110
76504
83123
70238
810
6931
22076
60401
33406
15132
9532
47944
2269
76591
43113
91551
21860
20089
1860
8687
73222
2823
50643
86742
67095
27581
54432
69520
17957
40053
34615
87163
48785
59131
91131
99658
55485
13835
1484
93678
21731
86334
34407
7098
21644
56734
61668
11314
22968
221
94228
82220
41390
14585
27690
8567
13395
48960
56021
54377
99595
37628
78129
96197
7096
48805
29808
35538
12568
71748
31547
63199
73556
533
3556
40276
13569
97408
59223
93963
43239
7586
30475
59642
75808
96898
146
42427
52354
26679
93152
78384
41769
25198
24811
98581
30015
80722
3258
13370
85220
69965
83692
92252
3038
96555
7725
2087
4186
99565
80187
74343
67128
34980
55585
91016
15048
81624
26771
49149
170
73727
78839
4673
46480
75910
908
11788
56521
6697
23008
72330
9033
58526
63349
36979
51874
82331
95056
57456
24019
33153
15139
51190
10169
86156
56467
69196
82088
87375
83075
78473
83902
95313
48085
145
65525
92202
67411
60966
19697
75189
36329
61642
1146
11018
84986
41882
17965
68478
86620
20027
54376
23187
30907
78641
60897
38487
41024
56830
6523
31027
49211
32403
35369
62266
67258
66296
74034
763
97447
19602
52808
80383
45335
68177
72253
3507
32016
8860
76601
2467
76914
13398
92401
24057
51800
53575
92235
68277
88658
55916
69832
63556
65249
94790
75222
21902
90711
88210
7827
36094
42265
14262
94743
2793
86680
35698
85590
47475
71658
17153
18500
39059
93057
97530
40171
64692
33102
48318
34064
79910
81193
60861
30186
61208
42806
74425
74201
1160
88799
91048
75433
34684
81591
82375
30014
75848
54101
15956
60683
99350
2742
35827
14734
64272
78404
24451
93386
46996
75901
68466
75702
7030
30206
59015
93730
69051
67107
55576
55820
72517
48026
6038
65005
29819
78058
74815
71170
36867
68944
69306
86826
3446
44934
84759
26993
76895
70724
98406
30532
83127
10335
46364
67394
54856
83612
93832
4769
85536
79928
42153
69259
32457
18773
4737
5637
62136
29503
80515
72687
69018
63862
38749
82507
61781
90572
5232
38098
16595
54159
62777
44997
59725
61579
73735
71248
45193
24771
62348
83499
42720
79730
33611
42789
11561
77059
20943
17259
82553
14127
63058
69954
34247
7383
33769
79848
47726
68618
21646
29815
18537
18606
71801
19184
3900
8898
31624
84823
97684
97881
13789
78841
12182
83339
20076
80814
43150
57011
53950
32902
96511
72832
94060
96797
11021
25726
37094
34977
84200
72110
55646
84860
15603
25299
60878
21967
18803
31702
92535
52306
77841
44545
48559
34312
188
75352
24724
51394
14740
57371
39448
22846
91448
33858
80470
82068
86060
95971
46272
5642
75472
7282
59332
31635
53431
30395
46288
55034
73851
35284
25440
65675
69574
92301
12387
56079
90579
28699
29671
10259
77794
9509
66514
87960
48479
67469
15163
54923
82542
77051
72500
83438
67839
64591
27520
94972
74683
3842
91164
95571
46713
53150
19328
82866
87112
84830
87929
81128
65467
24266
75370
50141
51575
3472
40916
99998
71371
44152
17454
27756
59938
90296
31309
95007
91102
71438
22747
573
71907
72959
17213
22549
49402
21526
37877
52761
16877
51153
69519
27591
66153
5119
49594
87216
56523
65805
32109
45554
56996
36533
13763
55441
11347
57101
69380
83397
14597
42070
12128
86149
94601
30922
1064
29630
76109
3938
82440
38567
55127
50641
68966
29578
86412
41850
206
81236
68698
70219
5300
82956
27041
33308
49605
69170
26483
28442
75038
64160
94310
53738
30108
72078
50644
32497
39065
78618
62094
85180
32396
53107
79335
5133
45584
94947
39674
22740
35179
94287
47399
61624
53289
9158
40019
26358
25858
11090
46663
49518
24970
84243
97606
33081
31621
34528
23468
10184
15524
46671
38211
86533
28515
74936
79041
60116
54470
89221
81618
44098
90877
7153
684
51962
42566
89032
85039
55220
6191
30294
28017
33757
34422
72434
23185
77296
75229
36915
48911
27280
78832
12322
8456
83093
93736
93634
50034
37730
96618
75313
15579
87107
42636
53557
97320
53108
1569
46414
22965
97195
31535
44548
86602
59089
92750
87688
39246
74827
66531
83226
40820
88563
64923
56933
26880
75193
19727
60442
86171
26180
60190
30131
56225
67017
43427
66440
75879
54722
84701
51567
36130
30928
56267
30339
49369
31936
78101
44505
62166
12010
15327
69855
43645
11285
55322
65432
8717
15605
34333
93114
90076
87723
72909
49857
1551
12499
10212
28839
88888
3494
30935
79655
57005
77612
32980
78323
82763
96235
7809
87785
36163
80424
37475
90501
98036
32097
39052
43885
15601
62399
17121
86974
28187
93065
64789
10332
82346
11429
59347
47487
69677
91923
62095
7753
21529
47323
41447
99132
6698
61194
50868
71932
69428
31822
20068
12230
74575
93947
81264
46210
37178
91166
81433
71780
27940
37132
70745
11432
34114
76196
84052
99436
84203
51526
2080
47127
42750
63544
81062
77020
45796
98208
31340
57625
85078
34671
92594
57739
52451
82935
35370
24822
55151
30453
86506
16271
88905
41510
47300
64126
2592
85305
23765
8916
7628
36088
96058
90401
34042
7390
76918
22479
27799
13350
73605
80290
42891
20376
57388
14896
52725
34635
72369
87219
94
72013
81144
22752
77332
60690
50198
43073
77722
53056
12565
57609
96807
48576
17383
57643
67682
54060
9607
30750
16258
56773
49830
32029
57624
27327
6041
60938
42123
95931
61299
40565
33260
44879
71286
59212
15631
81720
42865
62133
93434
36646
16006
17117
41428
19777
13343
35300
80268
96585
58675
61832
3357
71102
14326
34817
90486
64896
15875
17264
66186
25631
53246
60423
1316
54693
30472
73013
89166
49510
94742
30355
80481
18443
92889
24430
93277
24135
70917
29153
69138
77875
73030
45060
52734
95108
84611
58478
66192
47159
76955
30755
8252
62890
63927
71449
21143
87925
5716
67787
15697
78821
4430
36314
8347
11563
71668
36276
33515
71398
74907
91973
69437
39521
38623
98366
26036
99257
24014
96441
61404
54348
26214
43794
46475
67175
64342
19516
20666
14995
30520
73769
14761
66896
83113
82190
76461
39098
92906
64412
76027
79530
5571
39376
37620
91377
59555
25989
80544
17620
94064
55420
40775
90459
31625
25949
79449
59301
86397
90604
99183
95966
50690
59526
88786
80589
25550
71359
80965
46629
57315
46085
81602
7955
94207
24165
5990
58233
58094
11912
39844
62629
55226
45205
27200
44791
92905
78559
85780
79898
56777
73906
72773
12505
89307
54737
19967
47416
37151
31425
76995
7158
29295
42175
40670
48797
12013
82549
61277
82761
64788
86852
86999
10843
46025
8505
64608
25878
35227
30011
21964
39299
72332
83757
61890
32692
55188
96467
43966
11334
35321
55841
72
9550
3097
23944
38892
2564
92556
52457
27147
49496
71210
58453
57634
8008
25064
52225
55963
3572
21423
93988
23212
44214
57940
26561
41039
18751
74787
8235
78356
71373
68477
555
78121
41120
44388
45997
41717
29091
40488
17652
81686
35546
64928
4395
65032
72820
91956
53773
28052
35492
88889
71379
38451
31586
4565
44046
31308
75246
752
68670
62049
30818
56925
16615
81185
25960
25696
93559
6148
80841
99406
78509
32062
7559
98588
44726
8396
50962
52615
93982
32357
31438
53367
88067
767
3892
52297
30607
90920
37844
59426
32930
29692
23866
69395
71839
7943
90389
33333
9547
73260
15199
64089
4861
60859
48936
67119
71896
3538
6306
31942
49424
44391
17347
75186
70841
34970
66838
4711
75258
87376
5763
29869
4782
18116
40655
36959
40273
19720
56932
50733
23420
26517
47403
54005
26790
88806
97585
99945
44410
74627
84364
68715
68100
56965
13650
12009
14105
23135
15197
88192
59520
89205
65492
28694
83473
62300
67985
84447
92921
17619
67482
87662
18221
68084
32887
17135
42733
30306
92555
86547
12282
71214
44432
2901
18497
20355
75343
86521
20410
40386
81073
6450
36291
23994
97840
65588
40469
64137
36767
67975
45017
4872
82065
99180
42267
48169
11451
83639
20377
85208
83333
99558
67230
88572
94775
37336
41697
80469
61470
45328
76886
68342
16181
38344
37207
37906
54665
14061
10874
76148
8606
10558
34746
76290
38998
93768
53588
75475
41678
72041
33289
91540
79455
87022
31279
99614
11310
91273
16089
54859
66434
26350
42675
14684
1293
49053
41785
3675
75694
21
83408
17096
15671
60253
40286
37340
23900
87013
39244
54228
9629
97409
21113
92591
8603
73512
66088
23650
52070
59014
63499
18198
66408
33593
30664
26418
54485
13542
88185
18093
59717
80980
7025
99828
46672
16746
47076
58693
3202
11414
40141
81620
49481
84793
45015
23802
93617
78684
49240
37466
72544
28036
15589
89253
38250
1134
33891
25174
12363
18485
63034
57871
49701
60066
7853
57068
95468
29985
74012
95359
51389
23861
86696
87824
37008
1012
44826
50352
95905
80933
61203
20418
698
63449
11284
81404
64148
16397
98291
61302
98691
25856
53261
48025
84325
90291
168
37867
63802
97142
54976
88796
95403
10628
26295
75665
55545
85285
95385
24585
16020
55379
71206
16116
66448
20950
23800
52568
85862
80643
36772
77475
9081
56783
14920
95847
93720
99286
53187
75078
51833
17044
37595
64873
57194
64715
71876
54010
20513
84341
60625
73011
5590
47561
76300
3474
14784
97975
25472
92777
36030
83917
66432
87119
76302
1645
48824
47133
46120
91286
80072
82929
74393
77243
93492
97999
19352
74601
39577
80636
56315
85477
75205
1030
21040
74026
46931
64404
47431
25682
65704
2836
40000
68112
18437
70978
95982
10243
29033
80142
37272
4628
51582
53666
87696
69355
55883
22805
21840
68991
26313
49833
90556
88712
5574
71926
61100
70913
95237
81574
14183
88165
98887
30744
74962
96
48924
2598
70524
47591
3405
45673
18055
2276
12066
53415
17766
57292
33223
76339
66893
62828
86386
34815
55588
37323
78888
3718
91247
12209
9527
79406
82847
72273
53405
33072
61115
12575
19455
79814
70183
67160
34540
69218
51688
62567
52093
54813
40759
79290
16482
40674
74833
22331
51958
53978
87115
39662
3354
96180
53224
59841
38542
36887
54810
85392
42883
39471
76676
18388
99232
54148
67150
98012
59739
89889
22954
89439
456
37029
86400
88612
14538
36978
68077
52039
79310
91325
39869
84283
58847
68305
62803
13342
25300
63139
3592
82087
50317
50109
79656
92222
45144
81183
83519
6498
65749
67658
5757
24708
14499
37992
52130
79808
89953
84376
24137
76643
70722
79783
52091
36662
82040
2203
69715
79043
59512
52110
67302
82284
89217
49061
43751
68921
63042
5241
71609
1545
3868
57612
6986
25892
97310
41202
29291
88652
28496
39212
65963
78304
56088
696
57265
6578
32996
4295
84929
16631
30126
17428
7927
12374
17623
8747
73421
75668
68121
31376
71175
29064
14503
1880
58476
64718
38270
94938
2177
24376
84675
72203
43775
76782
10409
33688
18289
35542
69293
1633
42469
41280
81548
42784
19202
69046
99465
6618
70655
84537
28405
2794
8910
99918
86033
26456
61170
68215
34127
6166
99876
46215
18830
28476
44
887
87076
97336
3206
78405
49681
60695
67083
66794
54745
97045
62107
66208
91958
28529
85372
69466
57635
64020
20830
85775
52712
20456
60974
47000
36087
91169
80917
53136
61435
80518
21402
41722
7648
14586
15953
83842
96223
72537
84758
187
207
84281
85205
26595
21263
38706
99555
70102
48289
80624
3150
15555
99996
40035
95972
14796
70554
91291
91986
15379
882
49065
77219
7578
24905
47548
46301
88072
61647
16189
21791
83085
54613
57442
88483
58027
23230
85267
51362
79647
82893
37087
93846
86312
70403
30060
24361
67305
64170
41498
52794
92825
55179
63392
49541
18484
54838
77343
69442
86420
29047
149
36384
50592
6812
81597
94148
43570
12063
49864
69463
67621
69687
24257
91374
18100
96278
67130
68432
80299
91653
34492
28975
56825
42898
98344
40526
39912
4529
61590
72917
77843
9340
74269
91351
78301
54206
67273
87147
19070
36797
97559
49016
34963
98152
55162
80430
47899
33447
36714
65699
93174
72527
10007
22251
31050
44207
59508
48466
84122
66751
67133
68876
42442
26863
1118
67910
90739
76019
65539
18238
20734
42491
92448
99533
19568
90346
17267
99427
97545
1350
54177
89211
40076
19178
4744
21554
64605
25778
88524
81476
82734
63849
1427
99306
95973
90336
99381
51347
14904
4640
40861
68265
14355
29694
6975
1819
58420
95336
76986
77603
83730
25121
74589
98917
21135
81220
51577
22186
41368
28681
72894
27142
74087
96276
64360
45355
72646
44888
6097
73650
18696
80911
26948
31483
80451
84327
30590
45146
81750
91728
39199
37676
65838
74947
14976
84161
92836
70778
42724
12427
64056
8342
80197
53947
37597
33850
65482
2741
68287
21440
93527
46346
64947
26175
78656
77527
26422
74534
63250
7010
26269
98506
81107
55649
79275
62417
78997
98400
27681
85343
87954
33696
41237
11242
93201
50612
73258
13242
41987
3061
93281
22170
63837
4337
85828
53648
81233
66422
38087
77541
26335
26440
47063
24715
49387
60639
70736
59296
10594
97511
53457
87768
28346
78382
47814
57502
25548
8899
12289
31597
94779
43003
1398
94727
64259
47895
65866
99985
25593
26760
52596
18764
73265
27742
82182
17370
94182
9027
77024
55929
7499
44337
56903
19017
99248
26695
88066
94024
7614
47454
23169
47461
84137
1227
13455
14001
12156
77495
43964
51904
90864
46786
35862
47507
91952
35120
23985
93091
37507
86706
76813
89642
14533
75851
22744
88540
5442
93949
68930
45052
83392
55023
13907
37405
63951
22839
55150
49180
76564
3108
72271
43592
85420
33920
41431
87325
15791
70433
4308
1149
88631
37002
70074
47299
87267
66687
27092
88215
73442
46761
53461
98959
37945
40877
56934
10786
87015
25887
27331
39769
56291
23556
15098
36779
18044
42344
46151
95442
91961
69651
32726
97957
61095
8484
61146
92359
15706
79474
71753
56394
21121
95715
43434
43959
81771
10891
32124
48721
96347
30163
5228
25528
41411
77552
25408
84579
26523
99267
60219
61348
93351
29280
40582
82460
53090
63512
36619
51760
76158
62541
37950
8711
50330
91752
73443
41081
33492
358
79872
53720
31447
68701
4373
29263
5474
64154
86135
27679
94553
48712
58022
44079
30604
13263
94399
27215
78109
58817
118
40929
83756
34496
50585
31604
90214
72494
92727
83128
32732
8877
15920
15072
76548
98779
33812
31269
70924
85293
88363
29597
83133
92076
68812
85228
17050
57014
60688
18629
33915
37437
40719
54704
13016
78090
94119
73764
33904
21127
78693
32551
32349
92261
61817
75070
86711
4909
22095
65036
99537
78679
48177
73593
29077
14161
73914
17617
63219
63454
30045
33934
83840
21453
98224
52399
60314
81695
60168
16912
80210
44176
18304
7222
2519
43803
55354
17804
51816
27980
70536
80857
13719
8105
74729
71055
92923
49039
1432
43612
60226
58802
37106
24932
97660
12657
35525
33954
59791
38974
82651
14284
78132
43548
61943
81477
52550
84545
66657
859
64317
69577
23299
20893
76235
93003
38034
17912
14780
85382
86269
84230
73922
48616
6355
11971
72581
86195
50809
23265
35814
26864
83549
67343
6045
11526
27237
70170
80969
5004
50388
73356
30798
15591
59666
29939
69460
98311
75455
99012
58511
24992
86772
11542
75416
69205
56632
2589
4514
5535
19854
72775
56958
64182
70727
3257
33626
4947
5593
15972
56046
20278
49523
44212
39990
4091
99435
15341
44354
55072
13027
61193
65237
74145
69120
43589
47446
96920
26531
90537
63452
74553
15068
1846
98656
27278
33367
30270
65951
20188
75169
94623
39557
91745
30098
46143
10585
10484
92946
85299
69140
61000
57611
69032
99168
98236
72676
60761
74214
53766
46028
6654
80070
49915
59583
53438
35359
75815
28103
59321
47340
54927
66490
3110
28118
70
57297
24767
44130
41626
62970
87730
39845
84903
91208
97398
99126
75515
22465
14934
38671
22909
40649
34010
89207
67838
68143
57178
87810
68304
56318
58143
86403
51788
32286
3473
45269
47188
32006
89975
95634
73763
87703
84817
34058
57968
18456
76415
69103
30826
45153
85744
57259
93802
23915
82580
49248
66906
78209
29129
26846
24988
2931
5737
43395
62210
18655
82071
47994
34883
25293
43446
939
5120
5121
79947
21430
33167
91501
75123
55443
99580
86167
22409
15160
30325
65166
16256
21876
71976
13782
70013
77568
42387
11600
30930
6253
95816
61250
45582
76519
65902
16548
46688
65438
62805
23438
87301
38863
20237
80575
48710
2893
19217
22171
66454
52950
44904
71301
36342
27245
18015
96092
21161
12723
72122
66157
62752
62761
83379
64388
51210
96262
12950
77091
49284
67803
92534
74280
35031
72004
12778
48973
76153
54731
81840
7805
31310
63179
99575
69694
47966
9684
37327
42420
81639
7536
34759
31955
61053
68119
56493
38480
45103
15680
838
70868
96007
18045
58187
17913
51642
45032
94224
29485
75844
73596
4583
76373
90491
96942
74272
41230
39288
42934
47383
37315
44928
89140
22131
26134
19050
64012
75891
31040
95632
12727
8095
2870
57452
28348
84828
78147
58364
21317
88920
85847
47815
55380
13825
58946
43183
59311
2948
15886
54266
73436
57578
66228
19087
64732
45611
11340
53929
13117
30947
49679
2480
53026
12707
73971
90614
76482
90476
29544
6320
48030
83633
5629
44967
8460
25547
92596
26223
40952
26009
1258
63964
40454
50599
29244
55316
46604
12287
88441
53336
5298
46884
78642
60351
86518
11821
84360
29972
42749
39093
18025
2706
42430
21825
55326
72749
55119
47367
98171
93575
72965
44223
19407
15135
74565
27013
92722
60205
13475
56102
56447
71437
78709
40642
75532
97733
46988
52884
11522
36484
49547
62156
54337
95420
75730
76923
71262
13587
44702
7625
33135
8017
74648
29645
40714
81171
65532
94874
2960
18980
25934
79589
59054
3283
28369
20292
61691
95184
55559
22969
3721
946
74227
70483
13193
14977
32625
93072
71886
35180
33003
72001
13756
27049
80245
95750
29221
67345
27326
66017
96909
45066
39438
69833
51515
27052
18651
80143
93878
83947
85351
22617
70523
1130
43152
81102
32668
10959
78702
687
97028
95714
25598
75448
18082
14430
83727
32333
46738
58718
16261
78797
89614
46312
47981
75588
72279
20680
98661
62703
29487
49902
36976
32269
92599
3922
18159
33742
6188
71836
68459
90379
14936
20412
67969
89415
86351
19702
73648
58295
7043
98871
64704
86789
41506
10913
79991
66978
66770
32794
12144
51578
7639
25339
30064
88031
82301
64434
16151
45183
68174
60596
45532
39055
23950
4927
58439
63233
12437
14453
97116
7041
86320
7438
41268
36451
15456
81582
86336
830
58181
85934
77677
59342
14625
83157
16551
79229
94953
97534
47131
83838
71362
26326
47441
26138
80230
41847
56379
60800
54552
17820
93445
49586
21380
78766
45166
13306
79122
13548
84500
72671
51524
60118
38600
53544
65912
32240
5346
13202
73364
15501
40411
29974
3869
72715
96069
78658
10426
19008
72939
8478
58123
58548
59230
91971
19441
112
55879
74603
48965
26124
26883
25796
27729
70035
32741
73860
35011
4629
40075
37959
15768
4892
51191
94456
15641
28729
772
66786
50444
92452
64325
3953
50718
74365
67236
57907
50259
21663
3590
98070
58994
52634
26339
94077
75778
52861
75509
97761
3051
66868
59557
76536
37680
79256
1578
90548
75406
24738
49167
64685
45615
96804
7034
81723
9955
1921
45496
35922
52961
1365
39633
65589
68805
3477
83851
21787
53981
57956
14643
69898
22078
54702
4100
53803
92442
67818
46782
92083
12612
2546
98673
89716
6245
20424
63105
38207
65235
8359
28659
12772
9725
10099
84427
70867
97548
70875
79200
13282
75806
6590
4101
74137
66780
4141
87129
64617
55798
77786
35045
19180
77588
84081
51668
51097
17662
46759
61255
5700
21021
96162
99301
43347
45793
95269
6054
16792
77485
49952
75009
59591
58362
23919
96341
81654
21722
13077
19290
31713
35408
58943
14683
2138
83419
10354
41789
10225
40209
34180
81653
79957
13139
23581
65602
69175
29937
29811
62308
85515
83908
390
74275
93796
64084
41929
91905
36210
83876
37424
40319
70053
80495
21826
42988
34865
43655
7610
81655
59972
83175
6710
69933
36264
55998
88257
15380
50396
84907
40839
35358
17095
55398
82657
35676
30735
79166
65526
28846
1982
52146
31174
83293
49143
73113
56262
4614
52924
9073
91233
41384
39152
47025
45607
159
54879
15270
91777
23628
50608
70971
92253
24550
24761
9947
90156
78647
5279
45150
86026
52972
67618
93376
67006
2825
63394
24805
95871
41189
42468
32739
44552
95561
58436
24937
36657
53554
2829
28622
1952
72683
72002
1283
99865
37110
66289
80621
54324
30601
73858
82118
63515
5477
1561
9701
82211
70430
9443
91803
27089
66538
62518
81282
62425
34147
97489
9503
18135
49912
39746
83808
52995
64885
22042
70158
18186
52923
72393
82230
30932
83089
95059
72355
96450
44720
95073
62987
13649
40249
35462
82861
53776
407
35068
57472
28790
77998
7084
27120
37687
32966
70934
26479
21142
36656
63361
20566
3960
90545
36563
82309
11000
49201
96316
1372
21887
47951
61264
76665
48237
58671
21257
32324
36052
36526
45010
89351
68469
42691
33316
78776
33841
16468
4126
98972
51282
10387
7816
67322
12151
38643
14117
40397
46792
98537
15022
68788
9870
77873
76569
20346
78530
68945
94834
62199
70441
40677
60181
86299
64420
96326
68301
99392
6537
280
1158
87481
89050
12273
21706
83799
44860
77413
98099
63816
65716
85670
54796
8034
18035
90759
79243
31694
76691
38657
17219
86502
83883
50693
51296
52578
77226
42149
70593
88900
78033
11624
7225
94402
72212
31167
77942
58248
7304
5361
48263
84486
35499
30214
38360
6076
27293
55308
76628
46146
89100
4853
55142
41011
3397
76473
27100
34587
79159
50357
46601
94685
33500
36185
81719
410
86561
39424
1716
97238
17092
4790
88721
2833
39645
33776
30112
79390
47024
27584
8850
90321
54804
67225
31992
57432
84982
7430
9343
928
88607
13413
66071
36398
48983
66660
29459
7620
12758
87973
96032
10788
56520
54012
77464
54986
97196
13870
12668
55294
1453
46912
33578
56548
36017
70428
99890
83852
36950
46298
93582
3817
87498
71190
27564
82740
47401
59239
40458
49717
61363
9123
77747
10449
56746
28804
21011
89370
26405
79192
42407
11042
31247
52308
31737
18631
10061
35993
82744
79281
45054
11503
67504
48788
42309
93661
68691
55172
76365
44154
79109
12785
93600
56884
14902
99651
83045
97326
20321
24864
52538
36340
23776
3506
39260
38175
3285
22979
2382
44816
21714
65524
74456
35612
17802
27107
52944
61379
18463
13952
31521
45866
27635
27075
79477
69609
48776
61230
91696
86752
51749
37985
9337
26686
58056
30310
51044
39069
6271
74670
46856
42433
92815
49425
29583
77606
82733
33000
77740
67927
91503
21848
76395
83141
21588
50714
59017
89144
48988
64664
88831
29029
21431
54428
41295
52865
73686
42190
4411
66528
97949
1896
51303
3940
16170
55849
59087
24490
6356
45242
93870
54766
43224
59573
41735
68252
83327
36315
72776
99272
63579
8058
62008
81495
98549
89178
67089
72246
29036
21514
51154
31962
53216
68920
13421
78739
42785
23620
98211
45805
25580
59294
45264
52744
8977
10643
63140
58932
42680
4365
52733
14674
70022
2902
56258
10936
42352
23652
36021
43738
10589
13164
43838
23515
70263
70205
41948
3083
24573
15552
28110
75502
28593
88040
75452
94678
87659
1008
31706
12142
78878
44602
48807
79623
57776
46221
71498
73186
80458
70613
79493
20365
69417
81800
231
80513
80395
1537
82625
4014
49603
29809
77237
37601
29434
71064
81546
33665
75498
79181
38630
36455
95552
97822
46993
6302
33345
18121
29285
56337
94928
56670
74440
23916
35596
31749
97741
14277
24759
39045
67712
73340
74939
77970
28037
20743
2661
60563
54164
4865
77544
84437
87575
47852
38443
97773
82969
96842
82766
35033
49147
39626
2114
25539
94760
36967
13061
96489
27419
15044
17483
65865
62449
39155
66223
6714
82914
39478
72054
81464
8909
26672
658
77315
62520
94786
62857
35919
98680
30473
47242
74224
87971
1791
4106
58849
78269
26153
38834
56189
37808
67264
3636
57437
31747
16920
62852
78270
22062
25383
2076
61109
56597
48102
75742
59435
74799
33018
40534
60623
89550
69049
99297
65689
33967
79463
69552
80613
46701
76370
70395
88577
30340
25689
23726
21542
49621
32610
62258
96639
31968
95438
58547
21284
9927
30711
90107
17423
35927
20815
12188
24303
52676
12686
26463
70204
17773
35002
85082
2311
84408
5454
22553
52965
83138
97525
69344
11814
701
6902
30596
65093
29609
32058
56645
94715
86874
81933
52627
27547
63162
52205
23311
10063
83765
10528
20549
98773
5679
38205
15540
50199
17850
86843
28296
44447
50014
9118
79904
67397
40409
89230
66367
42933
37646
3273
59708
67697
69934
44444
81687
38687
35316
41109
8445
4132
96503
99811
13040
45031
25387
51096
63555
4182
51413
86878
15780
46530
73245
98075
25400
99310
74486
30643
75324
5438
18572
37880
46449
89095
79175
12379
94541
61378
94050
56403
3265
65668
32627
99834
36498
59517
28407
7916
23082
8511
10751
54963
5197
13873
52503
4493
11497
20618
48301
4469
99671
90279
48820
28249
35306
54188
62193
58985
97018
79270
21156
54741
94921
9590
30934
20319
10287
78602
68849
31911
36494
88023
40065
32841
33123
38485
55517
20798
69814
32261
10618
2012
52216
28
34142
98720
81334
16074
69871
31429
42104
99569
90712
89041
94366
12331
45700
14432
99051
56649
68669
18222
91515
89638
92393
87901
10407
40909
20411
94484
58842
61334
48698
43650
48688
15388
63745
6454
80489
35696
82199
23579
34092
86132
49780
43455
11837
72456
33133
57982
73509
13988
90189
13704
67538
87830
37390
49865
89822
90753
59055
40796
62304
70761
22383
64429
16015
5848
91348
84295
42048
20060
44272
26141
49925
16317
96572
20920
95551
73179
53684
32452
95307
13509
84886
760
36816
54809
21067
47727
41604
2136
15684
8768
66405
97481
70459
5411
35221
47876
40573
72689
46716
59506
12930
15882
77242
49782
14156
27842
64462
29423
50258
18864
10462
98019
13250
62751
88953
38890
19704
65515
84529
95206
54998
10575
50579
17184
69822
99508
44844
74578
30042
87461
20878
43517
29823
80837
41398
18302
7643
3629
89970
35143
4298
34273
63065
14347
63351
15062
97643
16540
43768
81213
76520
99019
80295
25343
61617
83803
56969
31072
61120
36409
19158
57748
65559
79362
13186
95507
53746
4681
22967
98363
51364
48942
10918
67113
32632
22442
91173
32422
87796
48489
81448
55143
82590
9672
70846
61837
63163
29016
44972
42195
27594
13852
76593
634
35886
67735
93257
45740
5577
80819
28410
39350
57199
30341
71194
96042
21486
9205
60191
37074
94952
13188
80599
62728
76688
47752
34581
47283
29167
3565
17012
15831
64884
44220
64576
89033
57793
85298
62908
46493
45670
58183
70825
15826
78229
53594
56799
27014
94001
33572
69968
82164
93709
43110
84365
12155
44988
22345
48851
79003
25373
81461
4197
83219
90764
47868
94914
75299
7475
46418
25721
75350
97696
17596
19754
24275
9263
44254
5738
80676
18023
82038
89946
99621
49266
9831
50991
5507
83683
74512
90444
6424
76363
5576
7819
37348
26318
7459
36642
25891
49664
85633
16194
49275
97357
30918
16736
10872
90551
90031
98978
32078
88167
71287
47631
68151
93862
12524
30771
63857
25781
85942
39543
22044
64384
53512
16312
47801
22354
82874
50443
81781
42328
54516
85129
5317
57019
91017
50342
65413
77947
75695
67598
63832
52394
18170
46830
18398
2744
59127
88788
13093
94754
40709
6977
14743
41646
12390
21202
54561
6876
82586
35967
82948
98443
15519
11383
68623
81926
26521
18535
74557
91820
91362
26196
30486
47215
49644
84683
95600
96989
78486
4672
20178
58818
12773
37463
4286
87987
84302
61935
90893
34299
30992
21367
90830
48739
55446
23098
62052
53531
48240
99396
87836
72593
51721
79962
95137
50343
54235
13119
83540
63829
57355
7021
32684
13724
97344
36565
59339
74643
80367
40231
8913
5945
92705
52855
83695
27757
3444
62686
49771
83435
72971
7075
74320
15469
47840
93292
20573
92493
59490
55293
80996
61589
88266
60439
31835
94699
13300
86555
87969
82116
63450
82842
89086
34857
8418
17230
42027
89104
79614
9172
34828
34946
56312
53256
74132
42001
63502
84470
22387
91264
93228
4995
4910
4674
56613
80715
48198
58346
19552
31256
43577
11408
18338
94995
98255
3293
67895
48737
97027
69002
90002
52201
33753
49515
33096
22803
16382
45916
46070
66098
40819
93194
24386
79943
81884
18858
43071
32291
76630
80369
79613
5202
97294
41708
464
83471
45470
31918
48380
2218
720
64635
43234
48914
30197
12339
18648
1065
14434
17533
58345
8582
60355
15001
74876
60801
69744
33318
12664
12599
50329
53670
84900
37433
41851
50168
7490
4775
58709
51549
55202
45491
18759
21104
8341
18569
46746
78685
86384
87962
41078
99912
35735
49126
94946
75807
88935
71716
35904
35656
3391
72261
7356
80843
92094
85606
455
11648
95006
96310
81580
99969
57397
27958
94197
1984
5447
55904
79350
56866
74538
15633
58369
87523
89985
75755
82096
20678
26218
4501
88393
6243
90391
64113
61244
60565
2643
6546
41362
24865
41093
55662
62494
76705
22057
71665
10549
33495
68742
59762
73879
81892
54406
43963
19211
62320
18373
62351
14365
91266
90919
83857
86794
35540
65174
34442
18291
30345
1436
39193
58294
6844
52751
53774
8729
29707
31151
59795
25282
32274
48106
36793
67104
55227
84087
94426
78328
14846
11742
80570
50523
98020
19103
9620
93402
23049
55350
37122
29921
31536
37709
72432
19667
87794
5876
38756
8387
2711
23971
73766
26062
50575
25664
60186
63980
87179
95470
3622
95345
3589
66878
71087
88457
24743
86873
16274
52892
78894
69719
57918
7391
93296
61510
67636
77615
10879
5170
7919
5683
89135
67736
12035
22320
6157
84678
55269
59226
37572
50688
80499
41875
93342
13733
28155
96890
43501
43195
65348
86863
4120
9693
46505
17333
6944
18118
79063
17231
86
14031
58996
25884
95740
56190
54217
98731
56138
16824
42439
42198
81048
44292
79009
36330
14144
6700
79911
36659
66588
38721
71468
2362
16175
68254
84696
16934
94780
5995
16362
39943
83975
70341
95783
34584
31449
81181
80029
57022
23625
80206
82652
12990
13237
31741
22393
47149
97901
37947
5167
85648
88802
72217
59061
83381
92831
93520
98027
80281
42061
81957
69904
35990
27785
9525
29991
86501
33184
47992
6212
95655
39936
36272
9987
56557
64758
78476
33394
44638
45823
46751
95646
65513
77180
85296
92629
75480
33065
91296
23094
42676
40085
70296
93239
86928
4200
55169
48606
15050
26127
86848
55698
85918
57240
28077
60467
80720
16958
35445
90423
29956
26034
27082
68035
81850
22436
6684
25999
5538
38819
2170
36849
96651
95642
72699
30289
53111
36232
90257
34754
55917
49431
96014
30063
9950
31387
11075
38941
52935
88769
24041
51318
23017
13960
77591
6334
61883
91568
30819
70106
84996
42229
27398
37170
97797
24526
98563
62608
69705
41973
26071
81046
46578
20340
28168
68323
32543
34356
77929
54304
36522
78347
42557
73850
66447
87298
59528
32040
79605
360
17681
8457
42605
65259
55382
55793
52257
89548
45488
68716
74984
79860
83490
28145
43181
96404
24220
27368
87976
54550
22995
27546
56354
31570
2017
40923
51587
46189
97209
4991
13123
28875
28199
65103
25807
99373
43586
53988
31753
12456
75422
55755
71326
77227
45838
71031
29942
97798
20381
98337
31484
20324
81594
29315
45785
47439
2228
49716
47040
43954
3911
75906
69815
92440
45645
76297
93992
35954
91912
70174
14321
31930
51639
35586
14172
39565
14253
48277
65414
7100
74197
99480
61734
45084
84899
69957
43666
97795
28965
65579
38269
94796
23977
18678
65144
17938
61714
309
40145
19171
22
89798
28195
23099
40702
92067
33148
6139
92003
38056
72411
68820
83682
98818
3974
1189
37059
70719
30794
15060
56119
63991
51735
61216
30354
62524
78391
52624
5980
93546
38168
13478
87062
91664
86671
18360
10960
34149
17815
96289
18003
26989
93983
5016
25118
46957
40135
82595
6735
87490
93565
22365
63923
74587
23278
63384
10668
6202
45766
10697
32073
16598
88033
78917
7778
23417
22685
71453
72733
64530
47052
5652
99547
16222
16513
56247
21673
93448
53790
86174
94019
91157
5191
88546
58276
12883
66579
38729
97433
84228
10415
97474
50783
43136
50465
44850
23127
46586
26752
75784
78844
85910
47099
11281
59536
69778
87265
7937
27943
11711
68843
57954
70388
94342
81313
14546
37123
74310
35323
13486
66430
37521
42558
95361
4281
57293
33059
16562
1654
18187
25628
90282
75865
64013
99346
57392
36000
56889
54110
22072
20507
36333
50631
5469
81921
28170
957
92530
69358
85558
34232
24000
37443
26310
45116
33043
93180
43055
86570
10048
34335
53050
22973
9008
9417
12453
34396
22906
28716
83887
32459
33451
77370
73608
23910
13902
25811
90044
91800
48465
82790
92498
28473
43652
32414
94895
74632
87893
7728
44604
78910
94575
26612
37793
10860
87945
41976
68675
70292
59364
69434
57031
30876
77016
57081
30381
97322
1321
87207
23145
55008
41233
86201
59255
31727
61343
76423
70919
7880
86856
99360
32057
99919
30619
59646
69845
87191
24776
98652
9656
80284
89080
89198
64532
27567
28272
12366
10962
60409
45576
60856
47679
90187
48180
53101
4660
7029
98562
34921
55307
25253
46574
77414
51986
94246
33268
93237
23755
5790
36592
63004
3432
25829
76273
87451
99652
29634
72844
58486
71795
13183
42992
14798
55408
73461
11955
61990
41527
83098
85439
4088
80368
74398
89509
3321
33032
44574
43497
44194
36050
96763
67637
8545
60078
78708
70626
33478
99481
45775
92904
27085
33198
93973
64035
14423
96706
45778
82663
29452
28748
40948
6767
62319
74014
4190
10552
23980
31630
6664
53496
77183
72182
12833
75262
3914
76693
7050
99195
54618
3208
1480
14657
21122
97900
32018
7588
94303
17694
38328
53188
43362
47915
99048
95400
24209
45707
79624
24164
64657
99858
91172
21285
5506
52155
89832
530
3339
37813
68490
24436
4946
80627
19226
47344
5264
37066
62426
46177
63317
46579
75314
65135
82703
1963
87673
51456
42579
73846
98914
12539
71461
62018
21770
29313
48415
14164
47854
34800
71629
60547
58218
89773
34440
36310
71399
74889
72167
92738
82250
31913
73289
32485
21462
24154
20568
48066
75396
76269
88171
71172
16069
85406
35327
64681
29049
93186
21730
3767
7582
1790
62693
40550
24812
87912
27472
32586
54622
42760
71203
76950
39508
60508
63324
27458
60744
84478
54494
31567
23715
30602
16453
18672
92852
76871
93847
20646
3498
25541
80639
38665
96358
8470
43133
36511
87293
10220
45594
27944
79113
69798
13073
83309
24262
54077
59033
94218
1375
22914
75257
2036
75601
35789
54969
29963
39520
40560
67873
12014
45136
29517
90630
85661
58516
24809
7538
53850
22339
30957
9739
84549
28706
5674
66959
30170
54264
10285
90894
18174
459
38508
5288
63833
93511
68348
7879
85575
19442
35822
86785
97819
31146
20077
34281
17236
28559
76343
54300
12309
12332
74448
75641
76507
65358
88431
33216
32161
18136
34239
9657
2997
86411
17670
94703
62566
92783
10031
57758
53174
83988
88569
27249
96838
67945
97856
85990
61043
81455
18429
15774
67219
97993
58382
60590
31660
29010
79841
65750
51805
22749
48032
52839
69707
58271
79387
43564
88701
691
6776
77870
41642
12399
97713
40840
84024
81241
11939
34934
25733
74141
12181
79064
73885
1744
7489
65211
26526
38410
38114
29590
25850
24692
35127
85554
80802
6779
21108
23268
79534
44252
14695
99653
64863
27088
50571
14376
88732
84403
9777
38912
34388
37897
76142
44117
51897
64376
79165
96656
82755
91785
89876
17974
33045
8695
94910
33396
34868
81208
51860
74382
32921
66299
26492
34996
93251
72463
82529
29683
9080
30267
87071
74450
56
96779
7217
21594
18254
97794
92893
31668
22897
2448
46363
89090
8156
29215
70439
31030
38230
37283
42385
49330
4334
9053
73050
33363
8944
5461
8254
27722
88150
77691
57029
59323
59044
54454
24444
94989
77444
78302
71220
8919
21975
96252
25620
18675
6419
16478
69005
30701
58058
15625
56366
50422
39310
83570
36636
81517
39053
93126
93563
52663
39111
45107
74068
65767
30435
19928
8790
90397
57328
55745
96136
86716
75535
57874
26076
28367
59459
1758
45662
97126
90443
37519
71321
12495
96725
48119
37626
52788
91440
30156
58014
4526
484
18923
75212
36648
32871
57364
25901
29391
38369
55262
18210
96745
88447
67442
61195
1681
33130
45229
49977
40033
44297
35584
72993
9269
91694
22627
36791
74608
71027
6432
51945
82896
63902
62044
48952
59864
35568
2952
8561
11909
25959
59637
7246
5253
72226
5068
33080
15944
23923
62815
73796
21046
66374
51121
61249
8642
39010
91812
27065
18687
16108
14659
26708
14852
76341
38132
24689
77206
31262
98355
77136
28023
76201
45782
97254
62163
78338
78915
74191
74046
56011
1277
95157
33642
7858
22022
42465
61272
76830
19208
87556
78613
85270
14109
98753
73472
2335
84846
39427
77569
69240
64786
47831
90882
18716
28109
93496
24913
44378
44448
52889
31557
43323
56420
44695
86869
19196
2715
99780
14035
25832
22019
15166
38812
39680
95944
80506
43054
71253
96561
51605
70474
82886
26086
48766
98001
51410
57216
33377
33053
45585
66426
44461
82804
86981
30142
4393
97297
14815
78660
1430
17221
95858
42199
57048
69048
99400
22353
751
31098
23768
67589
94220
15321
22797
70528
73612
22581
59244
73894
66804
9116
77029
17083
16244
1268
8584
